2025-08-25 11:20:28,266 INFO The server IP list of Nacos is []

2025-08-25 11:20:28,270 INFO Starting Nacos v2.3.2 using Java 1.8.0_451 on WIN-C3D985L1HJN with PID 41588 (D:\CODE\Memorin-rebuild\infrastructure\nacos\target\nacos-server.jar started by Mechrevo in D:\CODE\Memorin-rebuild\infrastructure\nacos)

2025-08-25 11:20:28,271 INFO No active profile set, falling back to 1 default profile: "default"

2025-08-25 11:20:28,382 INFO Load Nacos package exclude filter success, package prefix com.alibaba.nacos.config.server, filter com.alibaba.nacos.config.server.filter.ConfigEnabledFilter

2025-08-25 11:20:28,383 INFO Load Nacos package exclude filter success, package prefix com.alibaba.nacos.naming, filter com.alibaba.nacos.naming.config.NamingEnabledFilter

2025-08-25 11:20:28,384 INFO Load Nacos package exclude filter success, package prefix com.alibaba.nacos.istio, filter com.alibaba.nacos.istio.config.IstioEnabledFilter

2025-08-25 11:20:28,521 INFO Skip @SpringBootApplication annotation for class com.alibaba.nacos.config.server.Config to avoid duplicate scan

2025-08-25 11:20:28,608 INFO Skip @SpringBootApplication annotation for class com.alibaba.nacos.naming.NamingApp to avoid duplicate scan

2025-08-25 11:20:28,617 INFO Skip @SpringBootApplication annotation for class com.alibaba.nacos.cmdb.CmdbApp to avoid duplicate scan

2025-08-25 11:20:28,626 WARN Istio module disabled because set nacos.extension.naming.istio.enabled as false

2025-08-25 11:20:28,626 WARN Istio module disabled because set nacos.extension.naming.istio.enabled as false

2025-08-25 11:20:28,626 WARN Istio module disabled because set nacos.extension.naming.istio.enabled as false

2025-08-25 11:20:28,626 WARN Istio module disabled because set nacos.extension.naming.istio.enabled as false

2025-08-25 11:20:28,626 WARN Istio module disabled because set nacos.extension.naming.istio.enabled as false

2025-08-25 11:20:28,626 WARN Istio module disabled because set nacos.extension.naming.istio.enabled as false

2025-08-25 11:20:28,626 WARN Istio module disabled because set nacos.extension.naming.istio.enabled as false

2025-08-25 11:20:28,627 WARN Istio module disabled because set nacos.extension.naming.istio.enabled as false

2025-08-25 11:20:28,627 WARN Istio module disabled because set nacos.extension.naming.istio.enabled as false

2025-08-25 11:20:28,627 WARN Istio module disabled because set nacos.extension.naming.istio.enabled as false

2025-08-25 11:20:28,627 WARN Istio module disabled because set nacos.extension.naming.istio.enabled as false

2025-08-25 11:20:28,627 WARN Istio module disabled because set nacos.extension.naming.istio.enabled as false

2025-08-25 11:20:28,627 WARN Istio module disabled because set nacos.extension.naming.istio.enabled as false

2025-08-25 11:20:28,627 WARN Istio module disabled because set nacos.extension.naming.istio.enabled as false

2025-08-25 11:20:28,627 WARN Istio module disabled because set nacos.extension.naming.istio.enabled as false

2025-08-25 11:20:28,627 WARN Istio module disabled because set nacos.extension.naming.istio.enabled as false

2025-08-25 11:20:28,627 WARN Istio module disabled because set nacos.extension.naming.istio.enabled as false

2025-08-25 11:20:28,628 WARN Istio module disabled because set nacos.extension.naming.istio.enabled as false

2025-08-25 11:20:28,628 WARN Istio module disabled because set nacos.extension.naming.istio.enabled as false

2025-08-25 11:20:28,628 WARN Istio module disabled because set nacos.extension.naming.istio.enabled as false

2025-08-25 11:20:28,628 WARN Istio module disabled because set nacos.extension.naming.istio.enabled as false

2025-08-25 11:20:28,628 WARN Istio module disabled because set nacos.extension.naming.istio.enabled as false

2025-08-25 11:20:28,628 WARN Istio module disabled because set nacos.extension.naming.istio.enabled as false

2025-08-25 11:20:28,628 WARN Istio module disabled because set nacos.extension.naming.istio.enabled as false

2025-08-25 11:20:28,628 WARN Istio module disabled because set nacos.extension.naming.istio.enabled as false

2025-08-25 11:20:28,628 INFO Skip @SpringBootApplication annotation for class com.alibaba.nacos.istio.IstioApp to avoid duplicate scan

2025-08-25 11:20:28,628 WARN Istio module disabled because set nacos.extension.naming.istio.enabled as false

2025-08-25 11:20:28,629 WARN Istio module disabled because set nacos.extension.naming.istio.enabled as false

2025-08-25 11:20:28,629 WARN Istio module disabled because set nacos.extension.naming.istio.enabled as false

2025-08-25 11:20:28,629 WARN Istio module disabled because set nacos.extension.naming.istio.enabled as false

2025-08-25 11:20:28,629 WARN Istio module disabled because set nacos.extension.naming.istio.enabled as false

2025-08-25 11:20:28,629 WARN Istio module disabled because set nacos.extension.naming.istio.enabled as false

2025-08-25 11:20:28,629 WARN Istio module disabled because set nacos.extension.naming.istio.enabled as false

2025-08-25 11:20:28,629 WARN Istio module disabled because set nacos.extension.naming.istio.enabled as false

2025-08-25 11:20:28,629 WARN Istio module disabled because set nacos.extension.naming.istio.enabled as false

2025-08-25 11:20:28,629 WARN Istio module disabled because set nacos.extension.naming.istio.enabled as false

2025-08-25 11:20:28,630 WARN Istio module disabled because set nacos.extension.naming.istio.enabled as false

2025-08-25 11:20:28,907 INFO Skip @SpringBootApplication annotation for class com.alibaba.nacos.prometheus.PrometheusApp to avoid duplicate scan

2025-08-25 11:20:29,268 INFO Nacos is starting...

2025-08-25 11:20:30,270 INFO Nacos is starting...

2025-08-25 11:20:30,415 INFO Tomcat initialized with port(s): 8848 (http)

2025-08-25 11:20:30,525 INFO Initializing ProtocolHandler ["http-nio-8848"]

2025-08-25 11:20:30,535 INFO Starting service [Tomcat]

2025-08-25 11:20:30,535 INFO Starting Servlet engine: [Apache Tomcat/9.0.83]

2025-08-25 11:20:30,653 INFO Initializing Spring embedded WebApplicationContext

2025-08-25 11:20:30,653 INFO Root WebApplicationContext: initialization completed in 2338 ms

2025-08-25 11:20:31,002 INFO Nacos-related cluster resource initialization

2025-08-25 11:20:31,007 INFO Load com.alibaba.nacos.core.ability.RemoteAbilityInitializer for ServerAbilityInitializer

2025-08-25 11:20:31,007 INFO Load com.alibaba.nacos.naming.ability.NamingAbilityInitializer for ServerAbilityInitializer

2025-08-25 11:20:31,013 INFO ServerListService address-server port:8080

2025-08-25 11:20:31,013 INFO ADDRESS_SERVER_URL:http://jmenv.tbsite.net:8080/nacos/serverlist

2025-08-25 11:20:31,271 INFO Nacos is starting...

2025-08-25 11:20:32,271 INFO Nacos is starting...

2025-08-25 11:20:33,272 INFO Nacos is starting...

2025-08-25 11:20:34,273 INFO Nacos is starting...

2025-08-25 11:20:35,274 INFO Nacos is starting...

2025-08-25 11:20:36,005 ERROR Error starting Tomcat context. Exception: org.springframework.beans.factory.BeanCreationException. Message: Error creating bean with name 'distroFilterRegistration' defined in class path resource [com/alibaba/nacos/naming/web/NamingConfig.class]: Bean instantiation via factory method failed; nested exception is org.springframework.beans.BeanInstantiationException: Failed to instantiate [org.springframework.boot.web.servlet.FilterRegistrationBean]: Factory method 'distroFilterRegistration' threw exception; nested exception is org.springframework.beans.factory.UnsatisfiedDependencyException: Error creating bean with name 'distroFilter': Unsatisfied dependency expressed through field 'distroMapper'; nested exception is org.springframework.beans.factory.UnsatisfiedDependencyException: Error creating bean with name 'distroMapper' defined in URL [jar:file:/D:/CODE/Memorin-rebuild/infrastructure/nacos/target/nacos-server.jar!/BOOT-INF/lib/nacos-naming-2.3.2.jar!/com/alibaba/nacos/naming/core/DistroMapper.class]: Unsatisfied dependency expressed through constructor parameter 0; nested exception is org.springframework.beans.factory.BeanCreationException: Error creating bean with name 'serverMemberManager' defined in URL [jar:file:/D:/CODE/Memorin-rebuild/infrastructure/nacos/target/nacos-server.jar!/BOOT-INF/lib/nacos-core-2.3.2.jar!/com/alibaba/nacos/core/cluster/ServerMemberManager.class]: Bean instantiation via constructor failed; nested exception is org.springframework.beans.BeanInstantiationException: Failed to instantiate [com.alibaba.nacos.core.cluster.ServerMemberManager]: Constructor threw exception; nested exception is ErrCode:500, ErrMsg:jmenv.tbsite.net

2025-08-25 11:20:36,031 INFO Stopping service [Tomcat]

2025-08-25 11:20:36,041 WARN The web application [nacos] appears to have started a thread named [nacos.publisher-com.alibaba.nacos.common.event.ServerConfigChangeEvent] but has failed to stop it. This is very likely to create a memory leak. Stack trace of thread:
 sun.misc.Unsafe.park(Native Method)
 java.util.concurrent.locks.LockSupport.park(LockSupport.java:175)
 java.util.concurrent.locks.AbstractQueuedSynchronizer$ConditionObject.await(AbstractQueuedSynchronizer.java:2039)
 java.util.concurrent.ArrayBlockingQueue.take(ArrayBlockingQueue.java:403)
 com.alibaba.nacos.common.notify.DefaultPublisher.openEventHandler(DefaultPublisher.java:111)
 com.alibaba.nacos.common.notify.DefaultPublisher.run(DefaultPublisher.java:95)

2025-08-25 11:20:36,041 WARN The web application [nacos] appears to have started a thread named [nacos-http-async-client.0] but has failed to stop it. This is very likely to create a memory leak. Stack trace of thread:
 sun.nio.ch.WindowsSelectorImpl$SubSelector.poll0(Native Method)
 sun.nio.ch.WindowsSelectorImpl$SubSelector.poll(WindowsSelectorImpl.java:296)
 sun.nio.ch.WindowsSelectorImpl$SubSelector.access$400(WindowsSelectorImpl.java:278)
 sun.nio.ch.WindowsSelectorImpl.doSelect(WindowsSelectorImpl.java:159)
 sun.nio.ch.SelectorImpl.lockAndDoSelect(SelectorImpl.java:86)
 sun.nio.ch.SelectorImpl.select(SelectorImpl.java:97)
 org.apache.http.impl.nio.reactor.AbstractMultiworkerIOReactor.execute(AbstractMultiworkerIOReactor.java:343)
 org.apache.http.impl.nio.conn.PoolingNHttpClientConnectionManager.execute(PoolingNHttpClientConnectionManager.java:221)
 org.apache.http.impl.nio.client.CloseableHttpAsyncClientBase$1.run(CloseableHttpAsyncClientBase.java:64)
 java.lang.Thread.run(Thread.java:750)

2025-08-25 11:20:36,042 WARN The web application [nacos] appears to have started a thread named [nacos.publisher-com.alibaba.nacos.core.cluster.MembersChangeEvent] but has failed to stop it. This is very likely to create a memory leak. Stack trace of thread:
 java.lang.Thread.sleep(Native Method)
 com.alibaba.nacos.common.utils.ThreadUtils.sleep(ThreadUtils.java:45)
 com.alibaba.nacos.common.notify.DefaultPublisher.openEventHandler(DefaultPublisher.java:106)
 com.alibaba.nacos.common.notify.DefaultPublisher.run(DefaultPublisher.java:95)

2025-08-25 11:20:36,042 WARN The web application [nacos] appears to have started a thread named [nacos-http-async-client#I/O Reactor.0] but has failed to stop it. This is very likely to create a memory leak. Stack trace of thread:
 sun.nio.ch.WindowsSelectorImpl$SubSelector.poll0(Native Method)
 sun.nio.ch.WindowsSelectorImpl$SubSelector.poll(WindowsSelectorImpl.java:296)
 sun.nio.ch.WindowsSelectorImpl$SubSelector.access$400(WindowsSelectorImpl.java:278)
 sun.nio.ch.WindowsSelectorImpl.doSelect(WindowsSelectorImpl.java:159)
 sun.nio.ch.SelectorImpl.lockAndDoSelect(SelectorImpl.java:86)
 sun.nio.ch.SelectorImpl.select(SelectorImpl.java:97)
 org.apache.http.impl.nio.reactor.AbstractIOReactor.execute(AbstractIOReactor.java:255)
 org.apache.http.impl.nio.reactor.BaseIOReactor.execute(BaseIOReactor.java:104)
 org.apache.http.impl.nio.reactor.AbstractMultiworkerIOReactor$Worker.run(AbstractMultiworkerIOReactor.java:591)
 java.lang.Thread.run(Thread.java:750)

2025-08-25 11:20:36,042 WARN The web application [nacos] appears to have started a thread named [nacos-http-async-client#I/O Reactor.1] but has failed to stop it. This is very likely to create a memory leak. Stack trace of thread:
 sun.nio.ch.WindowsSelectorImpl$SubSelector.poll0(Native Method)
 sun.nio.ch.WindowsSelectorImpl$SubSelector.poll(WindowsSelectorImpl.java:296)
 sun.nio.ch.WindowsSelectorImpl$SubSelector.access$400(WindowsSelectorImpl.java:278)
 sun.nio.ch.WindowsSelectorImpl.doSelect(WindowsSelectorImpl.java:159)
 sun.nio.ch.SelectorImpl.lockAndDoSelect(SelectorImpl.java:86)
 sun.nio.ch.SelectorImpl.select(SelectorImpl.java:97)
 org.apache.http.impl.nio.reactor.AbstractIOReactor.execute(AbstractIOReactor.java:255)
 org.apache.http.impl.nio.reactor.BaseIOReactor.execute(BaseIOReactor.java:104)
 org.apache.http.impl.nio.reactor.AbstractMultiworkerIOReactor$Worker.run(AbstractMultiworkerIOReactor.java:591)
 java.lang.Thread.run(Thread.java:750)

2025-08-25 11:20:36,042 WARN The web application [nacos] appears to have started a thread named [nacos-http-async-client#I/O Reactor.2] but has failed to stop it. This is very likely to create a memory leak. Stack trace of thread:
 sun.nio.ch.WindowsSelectorImpl$SubSelector.poll0(Native Method)
 sun.nio.ch.WindowsSelectorImpl$SubSelector.poll(WindowsSelectorImpl.java:296)
 sun.nio.ch.WindowsSelectorImpl$SubSelector.access$400(WindowsSelectorImpl.java:278)
 sun.nio.ch.WindowsSelectorImpl.doSelect(WindowsSelectorImpl.java:159)
 sun.nio.ch.SelectorImpl.lockAndDoSelect(SelectorImpl.java:86)
 sun.nio.ch.SelectorImpl.select(SelectorImpl.java:97)
 org.apache.http.impl.nio.reactor.AbstractIOReactor.execute(AbstractIOReactor.java:255)
 org.apache.http.impl.nio.reactor.BaseIOReactor.execute(BaseIOReactor.java:104)
 org.apache.http.impl.nio.reactor.AbstractMultiworkerIOReactor$Worker.run(AbstractMultiworkerIOReactor.java:591)
 java.lang.Thread.run(Thread.java:750)

2025-08-25 11:20:36,043 WARN The web application [nacos] appears to have started a thread named [nacos-http-async-client#I/O Reactor.3] but has failed to stop it. This is very likely to create a memory leak. Stack trace of thread:
 sun.nio.ch.WindowsSelectorImpl$SubSelector.poll0(Native Method)
 sun.nio.ch.WindowsSelectorImpl$SubSelector.poll(WindowsSelectorImpl.java:296)
 sun.nio.ch.WindowsSelectorImpl$SubSelector.access$400(WindowsSelectorImpl.java:278)
 sun.nio.ch.WindowsSelectorImpl.doSelect(WindowsSelectorImpl.java:159)
 sun.nio.ch.SelectorImpl.lockAndDoSelect(SelectorImpl.java:86)
 sun.nio.ch.SelectorImpl.select(SelectorImpl.java:97)
 org.apache.http.impl.nio.reactor.AbstractIOReactor.execute(AbstractIOReactor.java:255)
 org.apache.http.impl.nio.reactor.BaseIOReactor.execute(BaseIOReactor.java:104)
 org.apache.http.impl.nio.reactor.AbstractMultiworkerIOReactor$Worker.run(AbstractMultiworkerIOReactor.java:591)
 java.lang.Thread.run(Thread.java:750)

2025-08-25 11:20:36,043 WARN The web application [nacos] appears to have started a thread named [nacos-http-async-client#I/O Reactor.4] but has failed to stop it. This is very likely to create a memory leak. Stack trace of thread:
 sun.nio.ch.WindowsSelectorImpl$SubSelector.poll0(Native Method)
 sun.nio.ch.WindowsSelectorImpl$SubSelector.poll(WindowsSelectorImpl.java:296)
 sun.nio.ch.WindowsSelectorImpl$SubSelector.access$400(WindowsSelectorImpl.java:278)
 sun.nio.ch.WindowsSelectorImpl.doSelect(WindowsSelectorImpl.java:159)
 sun.nio.ch.SelectorImpl.lockAndDoSelect(SelectorImpl.java:86)
 sun.nio.ch.SelectorImpl.select(SelectorImpl.java:97)
 org.apache.http.impl.nio.reactor.AbstractIOReactor.execute(AbstractIOReactor.java:255)
 org.apache.http.impl.nio.reactor.BaseIOReactor.execute(BaseIOReactor.java:104)
 org.apache.http.impl.nio.reactor.AbstractMultiworkerIOReactor$Worker.run(AbstractMultiworkerIOReactor.java:591)
 java.lang.Thread.run(Thread.java:750)

2025-08-25 11:20:36,043 WARN The web application [nacos] appears to have started a thread named [nacos-http-async-client#I/O Reactor.5] but has failed to stop it. This is very likely to create a memory leak. Stack trace of thread:
 sun.nio.ch.WindowsSelectorImpl$SubSelector.poll0(Native Method)
 sun.nio.ch.WindowsSelectorImpl$SubSelector.poll(WindowsSelectorImpl.java:296)
 sun.nio.ch.WindowsSelectorImpl$SubSelector.access$400(WindowsSelectorImpl.java:278)
 sun.nio.ch.WindowsSelectorImpl.doSelect(WindowsSelectorImpl.java:159)
 sun.nio.ch.SelectorImpl.lockAndDoSelect(SelectorImpl.java:86)
 sun.nio.ch.SelectorImpl.select(SelectorImpl.java:97)
 org.apache.http.impl.nio.reactor.AbstractIOReactor.execute(AbstractIOReactor.java:255)
 org.apache.http.impl.nio.reactor.BaseIOReactor.execute(BaseIOReactor.java:104)
 org.apache.http.impl.nio.reactor.AbstractMultiworkerIOReactor$Worker.run(AbstractMultiworkerIOReactor.java:591)
 java.lang.Thread.run(Thread.java:750)

2025-08-25 11:20:36,044 WARN The web application [nacos] appears to have started a thread named [nacos-http-async-client#I/O Reactor.6] but has failed to stop it. This is very likely to create a memory leak. Stack trace of thread:
 sun.nio.ch.WindowsSelectorImpl$SubSelector.poll0(Native Method)
 sun.nio.ch.WindowsSelectorImpl$SubSelector.poll(WindowsSelectorImpl.java:296)
 sun.nio.ch.WindowsSelectorImpl$SubSelector.access$400(WindowsSelectorImpl.java:278)
 sun.nio.ch.WindowsSelectorImpl.doSelect(WindowsSelectorImpl.java:159)
 sun.nio.ch.SelectorImpl.lockAndDoSelect(SelectorImpl.java:86)
 sun.nio.ch.SelectorImpl.select(SelectorImpl.java:97)
 org.apache.http.impl.nio.reactor.AbstractIOReactor.execute(AbstractIOReactor.java:255)
 org.apache.http.impl.nio.reactor.BaseIOReactor.execute(BaseIOReactor.java:104)
 org.apache.http.impl.nio.reactor.AbstractMultiworkerIOReactor$Worker.run(AbstractMultiworkerIOReactor.java:591)
 java.lang.Thread.run(Thread.java:750)

2025-08-25 11:20:36,044 WARN The web application [nacos] appears to have started a thread named [nacos-http-async-client#I/O Reactor.7] but has failed to stop it. This is very likely to create a memory leak. Stack trace of thread:
 sun.nio.ch.WindowsSelectorImpl$SubSelector.poll0(Native Method)
 sun.nio.ch.WindowsSelectorImpl$SubSelector.poll(WindowsSelectorImpl.java:296)
 sun.nio.ch.WindowsSelectorImpl$SubSelector.access$400(WindowsSelectorImpl.java:278)
 sun.nio.ch.WindowsSelectorImpl.doSelect(WindowsSelectorImpl.java:159)
 sun.nio.ch.SelectorImpl.lockAndDoSelect(SelectorImpl.java:86)
 sun.nio.ch.SelectorImpl.select(SelectorImpl.java:97)
 org.apache.http.impl.nio.reactor.AbstractIOReactor.execute(AbstractIOReactor.java:255)
 org.apache.http.impl.nio.reactor.BaseIOReactor.execute(BaseIOReactor.java:104)
 org.apache.http.impl.nio.reactor.AbstractMultiworkerIOReactor$Worker.run(AbstractMultiworkerIOReactor.java:591)
 java.lang.Thread.run(Thread.java:750)

2025-08-25 11:20:36,044 WARN The web application [nacos] appears to have started a thread named [nacos-http-async-client#I/O Reactor.8] but has failed to stop it. This is very likely to create a memory leak. Stack trace of thread:
 sun.nio.ch.WindowsSelectorImpl$SubSelector.poll0(Native Method)
 sun.nio.ch.WindowsSelectorImpl$SubSelector.poll(WindowsSelectorImpl.java:296)
 sun.nio.ch.WindowsSelectorImpl$SubSelector.access$400(WindowsSelectorImpl.java:278)
 sun.nio.ch.WindowsSelectorImpl.doSelect(WindowsSelectorImpl.java:159)
 sun.nio.ch.SelectorImpl.lockAndDoSelect(SelectorImpl.java:86)
 sun.nio.ch.SelectorImpl.select(SelectorImpl.java:97)
 org.apache.http.impl.nio.reactor.AbstractIOReactor.execute(AbstractIOReactor.java:255)
 org.apache.http.impl.nio.reactor.BaseIOReactor.execute(BaseIOReactor.java:104)
 org.apache.http.impl.nio.reactor.AbstractMultiworkerIOReactor$Worker.run(AbstractMultiworkerIOReactor.java:591)
 java.lang.Thread.run(Thread.java:750)

2025-08-25 11:20:36,044 WARN The web application [nacos] appears to have started a thread named [nacos-http-async-client#I/O Reactor.9] but has failed to stop it. This is very likely to create a memory leak. Stack trace of thread:
 sun.nio.ch.WindowsSelectorImpl$SubSelector.poll0(Native Method)
 sun.nio.ch.WindowsSelectorImpl$SubSelector.poll(WindowsSelectorImpl.java:296)
 sun.nio.ch.WindowsSelectorImpl$SubSelector.access$400(WindowsSelectorImpl.java:278)
 sun.nio.ch.WindowsSelectorImpl.doSelect(WindowsSelectorImpl.java:159)
 sun.nio.ch.SelectorImpl.lockAndDoSelect(SelectorImpl.java:86)
 sun.nio.ch.SelectorImpl.select(SelectorImpl.java:97)
 org.apache.http.impl.nio.reactor.AbstractIOReactor.execute(AbstractIOReactor.java:255)
 org.apache.http.impl.nio.reactor.BaseIOReactor.execute(BaseIOReactor.java:104)
 org.apache.http.impl.nio.reactor.AbstractMultiworkerIOReactor$Worker.run(AbstractMultiworkerIOReactor.java:591)
 java.lang.Thread.run(Thread.java:750)

2025-08-25 11:20:36,045 WARN The web application [nacos] appears to have started a thread named [nacos-http-async-client#I/O Reactor.10] but has failed to stop it. This is very likely to create a memory leak. Stack trace of thread:
 sun.nio.ch.WindowsSelectorImpl$SubSelector.poll0(Native Method)
 sun.nio.ch.WindowsSelectorImpl$SubSelector.poll(WindowsSelectorImpl.java:296)
 sun.nio.ch.WindowsSelectorImpl$SubSelector.access$400(WindowsSelectorImpl.java:278)
 sun.nio.ch.WindowsSelectorImpl.doSelect(WindowsSelectorImpl.java:159)
 sun.nio.ch.SelectorImpl.lockAndDoSelect(SelectorImpl.java:86)
 sun.nio.ch.SelectorImpl.select(SelectorImpl.java:97)
 org.apache.http.impl.nio.reactor.AbstractIOReactor.execute(AbstractIOReactor.java:255)
 org.apache.http.impl.nio.reactor.BaseIOReactor.execute(BaseIOReactor.java:104)
 org.apache.http.impl.nio.reactor.AbstractMultiworkerIOReactor$Worker.run(AbstractMultiworkerIOReactor.java:591)
 java.lang.Thread.run(Thread.java:750)

2025-08-25 11:20:36,045 WARN The web application [nacos] appears to have started a thread named [nacos-http-async-client#I/O Reactor.11] but has failed to stop it. This is very likely to create a memory leak. Stack trace of thread:
 sun.nio.ch.WindowsSelectorImpl$SubSelector.poll0(Native Method)
 sun.nio.ch.WindowsSelectorImpl$SubSelector.poll(WindowsSelectorImpl.java:296)
 sun.nio.ch.WindowsSelectorImpl$SubSelector.access$400(WindowsSelectorImpl.java:278)
 sun.nio.ch.WindowsSelectorImpl.doSelect(WindowsSelectorImpl.java:159)
 sun.nio.ch.SelectorImpl.lockAndDoSelect(SelectorImpl.java:86)
 sun.nio.ch.SelectorImpl.select(SelectorImpl.java:97)
 org.apache.http.impl.nio.reactor.AbstractIOReactor.execute(AbstractIOReactor.java:255)
 org.apache.http.impl.nio.reactor.BaseIOReactor.execute(BaseIOReactor.java:104)
 org.apache.http.impl.nio.reactor.AbstractMultiworkerIOReactor$Worker.run(AbstractMultiworkerIOReactor.java:591)
 java.lang.Thread.run(Thread.java:750)

2025-08-25 11:20:36,046 WARN The web application [nacos] appears to have started a thread named [nacos-http-async-client#I/O Reactor.12] but has failed to stop it. This is very likely to create a memory leak. Stack trace of thread:
 sun.nio.ch.WindowsSelectorImpl$SubSelector.poll0(Native Method)
 sun.nio.ch.WindowsSelectorImpl$SubSelector.poll(WindowsSelectorImpl.java:296)
 sun.nio.ch.WindowsSelectorImpl$SubSelector.access$400(WindowsSelectorImpl.java:278)
 sun.nio.ch.WindowsSelectorImpl.doSelect(WindowsSelectorImpl.java:159)
 sun.nio.ch.SelectorImpl.lockAndDoSelect(SelectorImpl.java:86)
 sun.nio.ch.SelectorImpl.select(SelectorImpl.java:97)
 org.apache.http.impl.nio.reactor.AbstractIOReactor.execute(AbstractIOReactor.java:255)
 org.apache.http.impl.nio.reactor.BaseIOReactor.execute(BaseIOReactor.java:104)
 org.apache.http.impl.nio.reactor.AbstractMultiworkerIOReactor$Worker.run(AbstractMultiworkerIOReactor.java:591)
 java.lang.Thread.run(Thread.java:750)

2025-08-25 11:20:36,046 WARN The web application [nacos] appears to have started a thread named [nacos-http-async-client#I/O Reactor.13] but has failed to stop it. This is very likely to create a memory leak. Stack trace of thread:
 sun.nio.ch.WindowsSelectorImpl$SubSelector.poll0(Native Method)
 sun.nio.ch.WindowsSelectorImpl$SubSelector.poll(WindowsSelectorImpl.java:296)
 sun.nio.ch.WindowsSelectorImpl$SubSelector.access$400(WindowsSelectorImpl.java:278)
 sun.nio.ch.WindowsSelectorImpl.doSelect(WindowsSelectorImpl.java:159)
 sun.nio.ch.SelectorImpl.lockAndDoSelect(SelectorImpl.java:86)
 sun.nio.ch.SelectorImpl.select(SelectorImpl.java:97)
 org.apache.http.impl.nio.reactor.AbstractIOReactor.execute(AbstractIOReactor.java:255)
 org.apache.http.impl.nio.reactor.BaseIOReactor.execute(BaseIOReactor.java:104)
 org.apache.http.impl.nio.reactor.AbstractMultiworkerIOReactor$Worker.run(AbstractMultiworkerIOReactor.java:591)
 java.lang.Thread.run(Thread.java:750)

2025-08-25 11:20:36,046 WARN The web application [nacos] appears to have started a thread named [nacos-http-async-client#I/O Reactor.14] but has failed to stop it. This is very likely to create a memory leak. Stack trace of thread:
 sun.nio.ch.WindowsSelectorImpl$SubSelector.poll0(Native Method)
 sun.nio.ch.WindowsSelectorImpl$SubSelector.poll(WindowsSelectorImpl.java:296)
 sun.nio.ch.WindowsSelectorImpl$SubSelector.access$400(WindowsSelectorImpl.java:278)
 sun.nio.ch.WindowsSelectorImpl.doSelect(WindowsSelectorImpl.java:159)
 sun.nio.ch.SelectorImpl.lockAndDoSelect(SelectorImpl.java:86)
 sun.nio.ch.SelectorImpl.select(SelectorImpl.java:97)
 org.apache.http.impl.nio.reactor.AbstractIOReactor.execute(AbstractIOReactor.java:255)
 org.apache.http.impl.nio.reactor.BaseIOReactor.execute(BaseIOReactor.java:104)
 org.apache.http.impl.nio.reactor.AbstractMultiworkerIOReactor$Worker.run(AbstractMultiworkerIOReactor.java:591)
 java.lang.Thread.run(Thread.java:750)

2025-08-25 11:20:36,046 WARN The web application [nacos] appears to have started a thread named [nacos-http-async-client#I/O Reactor.15] but has failed to stop it. This is very likely to create a memory leak. Stack trace of thread:
 sun.nio.ch.WindowsSelectorImpl$SubSelector.poll0(Native Method)
 sun.nio.ch.WindowsSelectorImpl$SubSelector.poll(WindowsSelectorImpl.java:296)
 sun.nio.ch.WindowsSelectorImpl$SubSelector.access$400(WindowsSelectorImpl.java:278)
 sun.nio.ch.WindowsSelectorImpl.doSelect(WindowsSelectorImpl.java:159)
 sun.nio.ch.SelectorImpl.lockAndDoSelect(SelectorImpl.java:86)
 sun.nio.ch.SelectorImpl.select(SelectorImpl.java:97)
 org.apache.http.impl.nio.reactor.AbstractIOReactor.execute(AbstractIOReactor.java:255)
 org.apache.http.impl.nio.reactor.BaseIOReactor.execute(BaseIOReactor.java:104)
 org.apache.http.impl.nio.reactor.AbstractMultiworkerIOReactor$Worker.run(AbstractMultiworkerIOReactor.java:591)
 java.lang.Thread.run(Thread.java:750)

2025-08-25 11:20:36,046 WARN The web application [nacos] appears to have started a thread named [nacos-http-async-client#I/O Reactor.16] but has failed to stop it. This is very likely to create a memory leak. Stack trace of thread:
 sun.nio.ch.WindowsSelectorImpl$SubSelector.poll0(Native Method)
 sun.nio.ch.WindowsSelectorImpl$SubSelector.poll(WindowsSelectorImpl.java:296)
 sun.nio.ch.WindowsSelectorImpl$SubSelector.access$400(WindowsSelectorImpl.java:278)
 sun.nio.ch.WindowsSelectorImpl.doSelect(WindowsSelectorImpl.java:159)
 sun.nio.ch.SelectorImpl.lockAndDoSelect(SelectorImpl.java:86)
 sun.nio.ch.SelectorImpl.select(SelectorImpl.java:97)
 org.apache.http.impl.nio.reactor.AbstractIOReactor.execute(AbstractIOReactor.java:255)
 org.apache.http.impl.nio.reactor.BaseIOReactor.execute(BaseIOReactor.java:104)
 org.apache.http.impl.nio.reactor.AbstractMultiworkerIOReactor$Worker.run(AbstractMultiworkerIOReactor.java:591)
 java.lang.Thread.run(Thread.java:750)

2025-08-25 11:20:36,047 WARN The web application [nacos] appears to have started a thread named [nacos-http-async-client#I/O Reactor.17] but has failed to stop it. This is very likely to create a memory leak. Stack trace of thread:
 sun.nio.ch.WindowsSelectorImpl$SubSelector.poll0(Native Method)
 sun.nio.ch.WindowsSelectorImpl$SubSelector.poll(WindowsSelectorImpl.java:296)
 sun.nio.ch.WindowsSelectorImpl$SubSelector.access$400(WindowsSelectorImpl.java:278)
 sun.nio.ch.WindowsSelectorImpl.doSelect(WindowsSelectorImpl.java:159)
 sun.nio.ch.SelectorImpl.lockAndDoSelect(SelectorImpl.java:86)
 sun.nio.ch.SelectorImpl.select(SelectorImpl.java:97)
 org.apache.http.impl.nio.reactor.AbstractIOReactor.execute(AbstractIOReactor.java:255)
 org.apache.http.impl.nio.reactor.BaseIOReactor.execute(BaseIOReactor.java:104)
 org.apache.http.impl.nio.reactor.AbstractMultiworkerIOReactor$Worker.run(AbstractMultiworkerIOReactor.java:591)
 java.lang.Thread.run(Thread.java:750)

2025-08-25 11:20:36,047 WARN The web application [nacos] appears to have started a thread named [nacos-http-async-client#I/O Reactor.18] but has failed to stop it. This is very likely to create a memory leak. Stack trace of thread:
 sun.nio.ch.WindowsSelectorImpl$SubSelector.poll0(Native Method)
 sun.nio.ch.WindowsSelectorImpl$SubSelector.poll(WindowsSelectorImpl.java:296)
 sun.nio.ch.WindowsSelectorImpl$SubSelector.access$400(WindowsSelectorImpl.java:278)
 sun.nio.ch.WindowsSelectorImpl.doSelect(WindowsSelectorImpl.java:159)
 sun.nio.ch.SelectorImpl.lockAndDoSelect(SelectorImpl.java:86)
 sun.nio.ch.SelectorImpl.select(SelectorImpl.java:97)
 org.apache.http.impl.nio.reactor.AbstractIOReactor.execute(AbstractIOReactor.java:255)
 org.apache.http.impl.nio.reactor.BaseIOReactor.execute(BaseIOReactor.java:104)
 org.apache.http.impl.nio.reactor.AbstractMultiworkerIOReactor$Worker.run(AbstractMultiworkerIOReactor.java:591)
 java.lang.Thread.run(Thread.java:750)

2025-08-25 11:20:36,047 WARN The web application [nacos] appears to have started a thread named [nacos-http-async-client#I/O Reactor.19] but has failed to stop it. This is very likely to create a memory leak. Stack trace of thread:
 sun.nio.ch.WindowsSelectorImpl$SubSelector.poll0(Native Method)
 sun.nio.ch.WindowsSelectorImpl$SubSelector.poll(WindowsSelectorImpl.java:296)
 sun.nio.ch.WindowsSelectorImpl$SubSelector.access$400(WindowsSelectorImpl.java:278)
 sun.nio.ch.WindowsSelectorImpl.doSelect(WindowsSelectorImpl.java:159)
 sun.nio.ch.SelectorImpl.lockAndDoSelect(SelectorImpl.java:86)
 sun.nio.ch.SelectorImpl.select(SelectorImpl.java:97)
 org.apache.http.impl.nio.reactor.AbstractIOReactor.execute(AbstractIOReactor.java:255)
 org.apache.http.impl.nio.reactor.BaseIOReactor.execute(BaseIOReactor.java:104)
 org.apache.http.impl.nio.reactor.AbstractMultiworkerIOReactor$Worker.run(AbstractMultiworkerIOReactor.java:591)
 java.lang.Thread.run(Thread.java:750)

2025-08-25 11:20:36,047 WARN The web application [nacos] appears to have started a thread named [nacos-http-async-client#I/O Reactor.20] but has failed to stop it. This is very likely to create a memory leak. Stack trace of thread:
 sun.nio.ch.WindowsSelectorImpl$SubSelector.poll0(Native Method)
 sun.nio.ch.WindowsSelectorImpl$SubSelector.poll(WindowsSelectorImpl.java:296)
 sun.nio.ch.WindowsSelectorImpl$SubSelector.access$400(WindowsSelectorImpl.java:278)
 sun.nio.ch.WindowsSelectorImpl.doSelect(WindowsSelectorImpl.java:159)
 sun.nio.ch.SelectorImpl.lockAndDoSelect(SelectorImpl.java:86)
 sun.nio.ch.SelectorImpl.select(SelectorImpl.java:97)
 org.apache.http.impl.nio.reactor.AbstractIOReactor.execute(AbstractIOReactor.java:255)
 org.apache.http.impl.nio.reactor.BaseIOReactor.execute(BaseIOReactor.java:104)
 org.apache.http.impl.nio.reactor.AbstractMultiworkerIOReactor$Worker.run(AbstractMultiworkerIOReactor.java:591)
 java.lang.Thread.run(Thread.java:750)

2025-08-25 11:20:36,047 WARN The web application [nacos] appears to have started a thread named [nacos-http-async-client#I/O Reactor.21] but has failed to stop it. This is very likely to create a memory leak. Stack trace of thread:
 sun.nio.ch.WindowsSelectorImpl$SubSelector.poll0(Native Method)
 sun.nio.ch.WindowsSelectorImpl$SubSelector.poll(WindowsSelectorImpl.java:296)
 sun.nio.ch.WindowsSelectorImpl$SubSelector.access$400(WindowsSelectorImpl.java:278)
 sun.nio.ch.WindowsSelectorImpl.doSelect(WindowsSelectorImpl.java:159)
 sun.nio.ch.SelectorImpl.lockAndDoSelect(SelectorImpl.java:86)
 sun.nio.ch.SelectorImpl.select(SelectorImpl.java:97)
 org.apache.http.impl.nio.reactor.AbstractIOReactor.execute(AbstractIOReactor.java:255)
 org.apache.http.impl.nio.reactor.BaseIOReactor.execute(BaseIOReactor.java:104)
 org.apache.http.impl.nio.reactor.AbstractMultiworkerIOReactor$Worker.run(AbstractMultiworkerIOReactor.java:591)
 java.lang.Thread.run(Thread.java:750)

2025-08-25 11:20:36,048 WARN The web application [nacos] appears to have started a thread named [nacos-http-async-client#I/O Reactor.22] but has failed to stop it. This is very likely to create a memory leak. Stack trace of thread:
 sun.nio.ch.WindowsSelectorImpl$SubSelector.poll0(Native Method)
 sun.nio.ch.WindowsSelectorImpl$SubSelector.poll(WindowsSelectorImpl.java:296)
 sun.nio.ch.WindowsSelectorImpl$SubSelector.access$400(WindowsSelectorImpl.java:278)
 sun.nio.ch.WindowsSelectorImpl.doSelect(WindowsSelectorImpl.java:159)
 sun.nio.ch.SelectorImpl.lockAndDoSelect(SelectorImpl.java:86)
 sun.nio.ch.SelectorImpl.select(SelectorImpl.java:97)
 org.apache.http.impl.nio.reactor.AbstractIOReactor.execute(AbstractIOReactor.java:255)
 org.apache.http.impl.nio.reactor.BaseIOReactor.execute(BaseIOReactor.java:104)
 org.apache.http.impl.nio.reactor.AbstractMultiworkerIOReactor$Worker.run(AbstractMultiworkerIOReactor.java:591)
 java.lang.Thread.run(Thread.java:750)

2025-08-25 11:20:36,048 WARN The web application [nacos] appears to have started a thread named [nacos-http-async-client#I/O Reactor.23] but has failed to stop it. This is very likely to create a memory leak. Stack trace of thread:
 sun.nio.ch.WindowsSelectorImpl$SubSelector.poll0(Native Method)
 sun.nio.ch.WindowsSelectorImpl$SubSelector.poll(WindowsSelectorImpl.java:296)
 sun.nio.ch.WindowsSelectorImpl$SubSelector.access$400(WindowsSelectorImpl.java:278)
 sun.nio.ch.WindowsSelectorImpl.doSelect(WindowsSelectorImpl.java:159)
 sun.nio.ch.SelectorImpl.lockAndDoSelect(SelectorImpl.java:86)
 sun.nio.ch.SelectorImpl.select(SelectorImpl.java:97)
 org.apache.http.impl.nio.reactor.AbstractIOReactor.execute(AbstractIOReactor.java:255)
 org.apache.http.impl.nio.reactor.BaseIOReactor.execute(BaseIOReactor.java:104)
 org.apache.http.impl.nio.reactor.AbstractMultiworkerIOReactor$Worker.run(AbstractMultiworkerIOReactor.java:591)
 java.lang.Thread.run(Thread.java:750)

2025-08-25 11:20:36,048 WARN The web application [nacos] appears to have started a thread named [nacos-http-async-client#I/O Reactor.24] but has failed to stop it. This is very likely to create a memory leak. Stack trace of thread:
 sun.nio.ch.WindowsSelectorImpl$SubSelector.poll0(Native Method)
 sun.nio.ch.WindowsSelectorImpl$SubSelector.poll(WindowsSelectorImpl.java:296)
 sun.nio.ch.WindowsSelectorImpl$SubSelector.access$400(WindowsSelectorImpl.java:278)
 sun.nio.ch.WindowsSelectorImpl.doSelect(WindowsSelectorImpl.java:159)
 sun.nio.ch.SelectorImpl.lockAndDoSelect(SelectorImpl.java:86)
 sun.nio.ch.SelectorImpl.select(SelectorImpl.java:97)
 org.apache.http.impl.nio.reactor.AbstractIOReactor.execute(AbstractIOReactor.java:255)
 org.apache.http.impl.nio.reactor.BaseIOReactor.execute(BaseIOReactor.java:104)
 org.apache.http.impl.nio.reactor.AbstractMultiworkerIOReactor$Worker.run(AbstractMultiworkerIOReactor.java:591)
 java.lang.Thread.run(Thread.java:750)

2025-08-25 11:20:36,049 WARN The web application [nacos] appears to have started a thread named [nacos-http-async-client#I/O Reactor.25] but has failed to stop it. This is very likely to create a memory leak. Stack trace of thread:
 sun.nio.ch.WindowsSelectorImpl$SubSelector.poll0(Native Method)
 sun.nio.ch.WindowsSelectorImpl$SubSelector.poll(WindowsSelectorImpl.java:296)
 sun.nio.ch.WindowsSelectorImpl$SubSelector.access$400(WindowsSelectorImpl.java:278)
 sun.nio.ch.WindowsSelectorImpl.doSelect(WindowsSelectorImpl.java:159)
 sun.nio.ch.SelectorImpl.lockAndDoSelect(SelectorImpl.java:86)
 sun.nio.ch.SelectorImpl.select(SelectorImpl.java:97)
 org.apache.http.impl.nio.reactor.AbstractIOReactor.execute(AbstractIOReactor.java:255)
 org.apache.http.impl.nio.reactor.BaseIOReactor.execute(BaseIOReactor.java:104)
 org.apache.http.impl.nio.reactor.AbstractMultiworkerIOReactor$Worker.run(AbstractMultiworkerIOReactor.java:591)
 java.lang.Thread.run(Thread.java:750)

2025-08-25 11:20:36,049 WARN The web application [nacos] appears to have started a thread named [nacos-http-async-client#I/O Reactor.26] but has failed to stop it. This is very likely to create a memory leak. Stack trace of thread:
 sun.nio.ch.WindowsSelectorImpl$SubSelector.poll0(Native Method)
 sun.nio.ch.WindowsSelectorImpl$SubSelector.poll(WindowsSelectorImpl.java:296)
 sun.nio.ch.WindowsSelectorImpl$SubSelector.access$400(WindowsSelectorImpl.java:278)
 sun.nio.ch.WindowsSelectorImpl.doSelect(WindowsSelectorImpl.java:159)
 sun.nio.ch.SelectorImpl.lockAndDoSelect(SelectorImpl.java:86)
 sun.nio.ch.SelectorImpl.select(SelectorImpl.java:97)
 org.apache.http.impl.nio.reactor.AbstractIOReactor.execute(AbstractIOReactor.java:255)
 org.apache.http.impl.nio.reactor.BaseIOReactor.execute(BaseIOReactor.java:104)
 org.apache.http.impl.nio.reactor.AbstractMultiworkerIOReactor$Worker.run(AbstractMultiworkerIOReactor.java:591)
 java.lang.Thread.run(Thread.java:750)

2025-08-25 11:20:36,050 WARN The web application [nacos] appears to have started a thread named [nacos-http-async-client#I/O Reactor.27] but has failed to stop it. This is very likely to create a memory leak. Stack trace of thread:
 sun.nio.ch.WindowsSelectorImpl$SubSelector.poll0(Native Method)
 sun.nio.ch.WindowsSelectorImpl$SubSelector.poll(WindowsSelectorImpl.java:296)
 sun.nio.ch.WindowsSelectorImpl$SubSelector.access$400(WindowsSelectorImpl.java:278)
 sun.nio.ch.WindowsSelectorImpl.doSelect(WindowsSelectorImpl.java:159)
 sun.nio.ch.SelectorImpl.lockAndDoSelect(SelectorImpl.java:86)
 sun.nio.ch.SelectorImpl.select(SelectorImpl.java:97)
 org.apache.http.impl.nio.reactor.AbstractIOReactor.execute(AbstractIOReactor.java:255)
 org.apache.http.impl.nio.reactor.BaseIOReactor.execute(BaseIOReactor.java:104)
 org.apache.http.impl.nio.reactor.AbstractMultiworkerIOReactor$Worker.run(AbstractMultiworkerIOReactor.java:591)
 java.lang.Thread.run(Thread.java:750)

2025-08-25 11:20:36,050 WARN The web application [nacos] appears to have started a thread named [nacos-http-async-client#I/O Reactor.28] but has failed to stop it. This is very likely to create a memory leak. Stack trace of thread:
 sun.nio.ch.WindowsSelectorImpl$SubSelector.poll0(Native Method)
 sun.nio.ch.WindowsSelectorImpl$SubSelector.poll(WindowsSelectorImpl.java:296)
 sun.nio.ch.WindowsSelectorImpl$SubSelector.access$400(WindowsSelectorImpl.java:278)
 sun.nio.ch.WindowsSelectorImpl.doSelect(WindowsSelectorImpl.java:159)
 sun.nio.ch.SelectorImpl.lockAndDoSelect(SelectorImpl.java:86)
 sun.nio.ch.SelectorImpl.select(SelectorImpl.java:97)
 org.apache.http.impl.nio.reactor.AbstractIOReactor.execute(AbstractIOReactor.java:255)
 org.apache.http.impl.nio.reactor.BaseIOReactor.execute(BaseIOReactor.java:104)
 org.apache.http.impl.nio.reactor.AbstractMultiworkerIOReactor$Worker.run(AbstractMultiworkerIOReactor.java:591)
 java.lang.Thread.run(Thread.java:750)

2025-08-25 11:20:36,050 WARN The web application [nacos] appears to have started a thread named [nacos-http-async-client#I/O Reactor.29] but has failed to stop it. This is very likely to create a memory leak. Stack trace of thread:
 sun.nio.ch.WindowsSelectorImpl$SubSelector.poll0(Native Method)
 sun.nio.ch.WindowsSelectorImpl$SubSelector.poll(WindowsSelectorImpl.java:296)
 sun.nio.ch.WindowsSelectorImpl$SubSelector.access$400(WindowsSelectorImpl.java:278)
 sun.nio.ch.WindowsSelectorImpl.doSelect(WindowsSelectorImpl.java:159)
 sun.nio.ch.SelectorImpl.lockAndDoSelect(SelectorImpl.java:86)
 sun.nio.ch.SelectorImpl.select(SelectorImpl.java:97)
 org.apache.http.impl.nio.reactor.AbstractIOReactor.execute(AbstractIOReactor.java:255)
 org.apache.http.impl.nio.reactor.BaseIOReactor.execute(BaseIOReactor.java:104)
 org.apache.http.impl.nio.reactor.AbstractMultiworkerIOReactor$Worker.run(AbstractMultiworkerIOReactor.java:591)
 java.lang.Thread.run(Thread.java:750)

2025-08-25 11:20:36,050 WARN The web application [nacos] appears to have started a thread named [nacos-http-async-client#I/O Reactor.30] but has failed to stop it. This is very likely to create a memory leak. Stack trace of thread:
 sun.nio.ch.WindowsSelectorImpl$SubSelector.poll0(Native Method)
 sun.nio.ch.WindowsSelectorImpl$SubSelector.poll(WindowsSelectorImpl.java:296)
 sun.nio.ch.WindowsSelectorImpl$SubSelector.access$400(WindowsSelectorImpl.java:278)
 sun.nio.ch.WindowsSelectorImpl.doSelect(WindowsSelectorImpl.java:159)
 sun.nio.ch.SelectorImpl.lockAndDoSelect(SelectorImpl.java:86)
 sun.nio.ch.SelectorImpl.select(SelectorImpl.java:97)
 org.apache.http.impl.nio.reactor.AbstractIOReactor.execute(AbstractIOReactor.java:255)
 org.apache.http.impl.nio.reactor.BaseIOReactor.execute(BaseIOReactor.java:104)
 org.apache.http.impl.nio.reactor.AbstractMultiworkerIOReactor$Worker.run(AbstractMultiworkerIOReactor.java:591)
 java.lang.Thread.run(Thread.java:750)

2025-08-25 11:20:36,050 WARN The web application [nacos] appears to have started a thread named [nacos-http-async-client#I/O Reactor.31] but has failed to stop it. This is very likely to create a memory leak. Stack trace of thread:
 sun.nio.ch.WindowsSelectorImpl$SubSelector.poll0(Native Method)
 sun.nio.ch.WindowsSelectorImpl$SubSelector.poll(WindowsSelectorImpl.java:296)
 sun.nio.ch.WindowsSelectorImpl$SubSelector.access$400(WindowsSelectorImpl.java:278)
 sun.nio.ch.WindowsSelectorImpl.doSelect(WindowsSelectorImpl.java:159)
 sun.nio.ch.SelectorImpl.lockAndDoSelect(SelectorImpl.java:86)
 sun.nio.ch.SelectorImpl.select(SelectorImpl.java:97)
 org.apache.http.impl.nio.reactor.AbstractIOReactor.execute(AbstractIOReactor.java:255)
 org.apache.http.impl.nio.reactor.BaseIOReactor.execute(BaseIOReactor.java:104)
 org.apache.http.impl.nio.reactor.AbstractMultiworkerIOReactor$Worker.run(AbstractMultiworkerIOReactor.java:591)
 java.lang.Thread.run(Thread.java:750)

2025-08-25 11:20:36,052 WARN Exception encountered during context initialization - cancelling refresh attempt: org.springframework.context.ApplicationContextException: Unable to start web server; nested exception is org.springframework.boot.web.server.WebServerException: Unable to start embedded Tomcat

2025-08-25 11:20:36,054 INFO Nacos Log files: D:\CODE\Memorin-rebuild\infrastructure\nacos\logs

2025-08-25 11:20:36,055 INFO Nacos Log files: D:\CODE\Memorin-rebuild\infrastructure\nacos\conf

2025-08-25 11:20:36,055 INFO Nacos Log files: D:\CODE\Memorin-rebuild\infrastructure\nacos\data

2025-08-25 11:20:36,057 ERROR Startup errors : 

org.springframework.context.ApplicationContextException: Unable to start web server; nested exception is org.springframework.boot.web.server.WebServerException: Unable to start embedded Tomcat
	at org.springframework.boot.web.servlet.context.ServletWebServerApplicationContext.onRefresh(ServletWebServerApplicationContext.java:165)
	at org.springframework.context.support.AbstractApplicationContext.refresh(AbstractApplicationContext.java:585)
	at org.springframework.boot.web.servlet.context.ServletWebServerApplicationContext.refresh(ServletWebServerApplicationContext.java:147)
	at org.springframework.boot.SpringApplication.refresh(SpringApplication.java:732)
	at org.springframework.boot.SpringApplication.refreshContext(SpringApplication.java:409)
	at org.springframework.boot.SpringApplication.run(SpringApplication.java:308)
	at org.springframework.boot.SpringApplication.run(SpringApplication.java:1300)
	at org.springframework.boot.SpringApplication.run(SpringApplication.java:1289)
	at com.alibaba.nacos.Nacos.main(Nacos.java:48)
	at sun.reflect.NativeMethodAccessorImpl.invoke0(Native Method)
	at sun.reflect.NativeMethodAccessorImpl.invoke(NativeMethodAccessorImpl.java:62)
	at sun.reflect.DelegatingMethodAccessorImpl.invoke(DelegatingMethodAccessorImpl.java:43)
	at java.lang.reflect.Method.invoke(Method.java:498)
	at org.springframework.boot.loader.MainMethodRunner.run(MainMethodRunner.java:49)
	at org.springframework.boot.loader.Launcher.launch(Launcher.java:108)
	at org.springframework.boot.loader.Launcher.launch(Launcher.java:58)
	at org.springframework.boot.loader.PropertiesLauncher.main(PropertiesLauncher.java:467)
Caused by: org.springframework.boot.web.server.WebServerException: Unable to start embedded Tomcat
	at org.springframework.boot.web.embedded.tomcat.TomcatWebServer.initialize(TomcatWebServer.java:142)
	at org.springframework.boot.web.embedded.tomcat.TomcatWebServer.<init>(TomcatWebServer.java:104)
	at org.springframework.boot.web.embedded.tomcat.TomcatServletWebServerFactory.getTomcatWebServer(TomcatServletWebServerFactory.java:481)
	at org.springframework.boot.web.embedded.tomcat.TomcatServletWebServerFactory.getWebServer(TomcatServletWebServerFactory.java:211)
	at org.springframework.boot.web.servlet.context.ServletWebServerApplicationContext.createWebServer(ServletWebServerApplicationContext.java:184)
	at org.springframework.boot.web.servlet.context.ServletWebServerApplicationContext.onRefresh(ServletWebServerApplicationContext.java:162)
	... 16 common frames omitted
Caused by: org.springframework.beans.factory.BeanCreationException: Error creating bean with name 'distroFilterRegistration' defined in class path resource [com/alibaba/nacos/naming/web/NamingConfig.class]: Bean instantiation via factory method failed; nested exception is org.springframework.beans.BeanInstantiationException: Failed to instantiate [org.springframework.boot.web.servlet.FilterRegistrationBean]: Factory method 'distroFilterRegistration' threw exception; nested exception is org.springframework.beans.factory.UnsatisfiedDependencyException: Error creating bean with name 'distroFilter': Unsatisfied dependency expressed through field 'distroMapper'; nested exception is org.springframework.beans.factory.UnsatisfiedDependencyException: Error creating bean with name 'distroMapper' defined in URL [jar:file:/D:/CODE/Memorin-rebuild/infrastructure/nacos/target/nacos-server.jar!/BOOT-INF/lib/nacos-naming-2.3.2.jar!/com/alibaba/nacos/naming/core/DistroMapper.class]: Unsatisfied dependency expressed through constructor parameter 0; nested exception is org.springframework.beans.factory.BeanCreationException: Error creating bean with name 'serverMemberManager' defined in URL [jar:file:/D:/CODE/Memorin-rebuild/infrastructure/nacos/target/nacos-server.jar!/BOOT-INF/lib/nacos-core-2.3.2.jar!/com/alibaba/nacos/core/cluster/ServerMemberManager.class]: Bean instantiation via constructor failed; nested exception is org.springframework.beans.BeanInstantiationException: Failed to instantiate [com.alibaba.nacos.core.cluster.ServerMemberManager]: Constructor threw exception; nested exception is ErrCode:500, ErrMsg:jmenv.tbsite.net
	at org.springframework.beans.factory.support.ConstructorResolver.instantiate(ConstructorResolver.java:653)
	at org.springframework.beans.factory.support.ConstructorResolver.instantiateUsingFactoryMethod(ConstructorResolver.java:481)
	at org.springframework.beans.factory.support.AbstractAutowireCapableBeanFactory.instantiateUsingFactoryMethod(AbstractAutowireCapableBeanFactory.java:1352)
	at org.springframework.beans.factory.support.AbstractAutowireCapableBeanFactory.createBeanInstance(AbstractAutowireCapableBeanFactory.java:1195)
	at org.springframework.beans.factory.support.AbstractAutowireCapableBeanFactory.doCreateBean(AbstractAutowireCapableBeanFactory.java:582)
	at org.springframework.beans.factory.support.AbstractAutowireCapableBeanFactory.createBean(AbstractAutowireCapableBeanFactory.java:542)
	at org.springframework.beans.factory.support.AbstractBeanFactory.lambda$doGetBean$0(AbstractBeanFactory.java:335)
	at org.springframework.beans.factory.support.DefaultSingletonBeanRegistry.getSingleton(DefaultSingletonBeanRegistry.java:234)
	at org.springframework.beans.factory.support.AbstractBeanFactory.doGetBean(AbstractBeanFactory.java:333)
	at org.springframework.beans.factory.support.AbstractBeanFactory.getBean(AbstractBeanFactory.java:213)
	at org.springframework.boot.web.servlet.ServletContextInitializerBeans.getOrderedBeansOfType(ServletContextInitializerBeans.java:213)
	at org.springframework.boot.web.servlet.ServletContextInitializerBeans.getOrderedBeansOfType(ServletContextInitializerBeans.java:204)
	at org.springframework.boot.web.servlet.ServletContextInitializerBeans.addServletContextInitializerBeans(ServletContextInitializerBeans.java:98)
	at org.springframework.boot.web.servlet.ServletContextInitializerBeans.<init>(ServletContextInitializerBeans.java:86)
	at org.springframework.boot.web.servlet.context.ServletWebServerApplicationContext.getServletContextInitializerBeans(ServletWebServerApplicationContext.java:262)
	at org.springframework.boot.web.servlet.context.ServletWebServerApplicationContext.selfInitialize(ServletWebServerApplicationContext.java:236)
	at org.springframework.boot.web.embedded.tomcat.TomcatStarter.onStartup(TomcatStarter.java:53)
	at org.apache.catalina.core.StandardContext.startInternal(StandardContext.java:4904)
	at org.apache.catalina.util.LifecycleBase.start(LifecycleBase.java:171)
	at org.apache.catalina.core.ContainerBase$StartChild.call(ContainerBase.java:1332)
	at org.apache.catalina.core.ContainerBase$StartChild.call(ContainerBase.java:1322)
	at java.util.concurrent.FutureTask.run(FutureTask.java:266)
	at org.apache.tomcat.util.threads.InlineExecutorService.execute(InlineExecutorService.java:75)
	at java.util.concurrent.AbstractExecutorService.submit(AbstractExecutorService.java:134)
	at org.apache.catalina.core.ContainerBase.startInternal(ContainerBase.java:866)
	at org.apache.catalina.core.StandardHost.startInternal(StandardHost.java:794)
	at org.apache.catalina.util.LifecycleBase.start(LifecycleBase.java:171)
	at org.apache.catalina.core.ContainerBase$StartChild.call(ContainerBase.java:1332)
	at org.apache.catalina.core.ContainerBase$StartChild.call(ContainerBase.java:1322)
	at java.util.concurrent.FutureTask.run(FutureTask.java:266)
	at org.apache.tomcat.util.threads.InlineExecutorService.execute(InlineExecutorService.java:75)
	at java.util.concurrent.AbstractExecutorService.submit(AbstractExecutorService.java:134)
	at org.apache.catalina.core.ContainerBase.startInternal(ContainerBase.java:866)
	at org.apache.catalina.core.StandardEngine.startInternal(StandardEngine.java:248)
	at org.apache.catalina.util.LifecycleBase.start(LifecycleBase.java:171)
	at org.apache.catalina.core.StandardService.startInternal(StandardService.java:433)
	at org.apache.catalina.util.LifecycleBase.start(LifecycleBase.java:171)
	at org.apache.catalina.core.StandardServer.startInternal(StandardServer.java:921)
	at org.apache.catalina.util.LifecycleBase.start(LifecycleBase.java:171)
	at org.apache.catalina.startup.Tomcat.start(Tomcat.java:489)
	at org.springframework.boot.web.embedded.tomcat.TomcatWebServer.initialize(TomcatWebServer.java:123)
	... 21 common frames omitted
Caused by: org.springframework.beans.BeanInstantiationException: Failed to instantiate [org.springframework.boot.web.servlet.FilterRegistrationBean]: Factory method 'distroFilterRegistration' threw exception; nested exception is org.springframework.beans.factory.UnsatisfiedDependencyException: Error creating bean with name 'distroFilter': Unsatisfied dependency expressed through field 'distroMapper'; nested exception is org.springframework.beans.factory.UnsatisfiedDependencyException: Error creating bean with name 'distroMapper' defined in URL [jar:file:/D:/CODE/Memorin-rebuild/infrastructure/nacos/target/nacos-server.jar!/BOOT-INF/lib/nacos-naming-2.3.2.jar!/com/alibaba/nacos/naming/core/DistroMapper.class]: Unsatisfied dependency expressed through constructor parameter 0; nested exception is org.springframework.beans.factory.BeanCreationException: Error creating bean with name 'serverMemberManager' defined in URL [jar:file:/D:/CODE/Memorin-rebuild/infrastructure/nacos/target/nacos-server.jar!/BOOT-INF/lib/nacos-core-2.3.2.jar!/com/alibaba/nacos/core/cluster/ServerMemberManager.class]: Bean instantiation via constructor failed; nested exception is org.springframework.beans.BeanInstantiationException: Failed to instantiate [com.alibaba.nacos.core.cluster.ServerMemberManager]: Constructor threw exception; nested exception is ErrCode:500, ErrMsg:jmenv.tbsite.net
	at org.springframework.beans.factory.support.SimpleInstantiationStrategy.instantiate(SimpleInstantiationStrategy.java:185)
	at org.springframework.beans.factory.support.ConstructorResolver.instantiate(ConstructorResolver.java:648)
	... 61 common frames omitted
Caused by: org.springframework.beans.factory.UnsatisfiedDependencyException: Error creating bean with name 'distroFilter': Unsatisfied dependency expressed through field 'distroMapper'; nested exception is org.springframework.beans.factory.UnsatisfiedDependencyException: Error creating bean with name 'distroMapper' defined in URL [jar:file:/D:/CODE/Memorin-rebuild/infrastructure/nacos/target/nacos-server.jar!/BOOT-INF/lib/nacos-naming-2.3.2.jar!/com/alibaba/nacos/naming/core/DistroMapper.class]: Unsatisfied dependency expressed through constructor parameter 0; nested exception is org.springframework.beans.factory.BeanCreationException: Error creating bean with name 'serverMemberManager' defined in URL [jar:file:/D:/CODE/Memorin-rebuild/infrastructure/nacos/target/nacos-server.jar!/BOOT-INF/lib/nacos-core-2.3.2.jar!/com/alibaba/nacos/core/cluster/ServerMemberManager.class]: Bean instantiation via constructor failed; nested exception is org.springframework.beans.BeanInstantiationException: Failed to instantiate [com.alibaba.nacos.core.cluster.ServerMemberManager]: Constructor threw exception; nested exception is ErrCode:500, ErrMsg:jmenv.tbsite.net
	at org.springframework.beans.factory.annotation.AutowiredAnnotationBeanPostProcessor$AutowiredFieldElement.resolveFieldValue(AutowiredAnnotationBeanPostProcessor.java:713)
	at org.springframework.beans.factory.annotation.AutowiredAnnotationBeanPostProcessor$AutowiredFieldElement.inject(AutowiredAnnotationBeanPostProcessor.java:693)
	at org.springframework.beans.factory.annotation.InjectionMetadata.inject(InjectionMetadata.java:119)
	at org.springframework.beans.factory.annotation.AutowiredAnnotationBeanPostProcessor.postProcessProperties(AutowiredAnnotationBeanPostProcessor.java:408)
	at org.springframework.beans.factory.support.AbstractAutowireCapableBeanFactory.populateBean(AbstractAutowireCapableBeanFactory.java:1431)
	at org.springframework.beans.factory.support.AbstractAutowireCapableBeanFactory.doCreateBean(AbstractAutowireCapableBeanFactory.java:619)
	at org.springframework.beans.factory.support.AbstractAutowireCapableBeanFactory.createBean(AbstractAutowireCapableBeanFactory.java:542)
	at org.springframework.beans.factory.support.AbstractBeanFactory.lambda$doGetBean$0(AbstractBeanFactory.java:335)
	at org.springframework.beans.factory.support.DefaultSingletonBeanRegistry.getSingleton(DefaultSingletonBeanRegistry.java:234)
	at org.springframework.beans.factory.support.AbstractBeanFactory.doGetBean(AbstractBeanFactory.java:333)
	at org.springframework.beans.factory.support.AbstractBeanFactory.getBean(AbstractBeanFactory.java:208)
	at org.springframework.context.annotation.ConfigurationClassEnhancer$BeanMethodInterceptor.resolveBeanReference(ConfigurationClassEnhancer.java:362)
	at org.springframework.context.annotation.ConfigurationClassEnhancer$BeanMethodInterceptor.intercept(ConfigurationClassEnhancer.java:334)
	at com.alibaba.nacos.naming.web.NamingConfig$$EnhancerBySpringCGLIB$$329ad219.distroFilter(<generated>)
	at com.alibaba.nacos.naming.web.NamingConfig.distroFilterRegistration(NamingConfig.java:48)
	at com.alibaba.nacos.naming.web.NamingConfig$$EnhancerBySpringCGLIB$$329ad219.CGLIB$distroFilterRegistration$5(<generated>)
	at com.alibaba.nacos.naming.web.NamingConfig$$EnhancerBySpringCGLIB$$329ad219$$FastClassBySpringCGLIB$$66848365.invoke(<generated>)
	at org.springframework.cglib.proxy.MethodProxy.invokeSuper(MethodProxy.java:244)
	at org.springframework.context.annotation.ConfigurationClassEnhancer$BeanMethodInterceptor.intercept(ConfigurationClassEnhancer.java:331)
	at com.alibaba.nacos.naming.web.NamingConfig$$EnhancerBySpringCGLIB$$329ad219.distroFilterRegistration(<generated>)
	at sun.reflect.NativeMethodAccessorImpl.invoke0(Native Method)
	at sun.reflect.NativeMethodAccessorImpl.invoke(NativeMethodAccessorImpl.java:62)
	at sun.reflect.DelegatingMethodAccessorImpl.invoke(DelegatingMethodAccessorImpl.java:43)
	at java.lang.reflect.Method.invoke(Method.java:498)
	at org.springframework.beans.factory.support.SimpleInstantiationStrategy.instantiate(SimpleInstantiationStrategy.java:154)
	... 62 common frames omitted
Caused by: org.springframework.beans.factory.UnsatisfiedDependencyException: Error creating bean with name 'distroMapper' defined in URL [jar:file:/D:/CODE/Memorin-rebuild/infrastructure/nacos/target/nacos-server.jar!/BOOT-INF/lib/nacos-naming-2.3.2.jar!/com/alibaba/nacos/naming/core/DistroMapper.class]: Unsatisfied dependency expressed through constructor parameter 0; nested exception is org.springframework.beans.factory.BeanCreationException: Error creating bean with name 'serverMemberManager' defined in URL [jar:file:/D:/CODE/Memorin-rebuild/infrastructure/nacos/target/nacos-server.jar!/BOOT-INF/lib/nacos-core-2.3.2.jar!/com/alibaba/nacos/core/cluster/ServerMemberManager.class]: Bean instantiation via constructor failed; nested exception is org.springframework.beans.BeanInstantiationException: Failed to instantiate [com.alibaba.nacos.core.cluster.ServerMemberManager]: Constructor threw exception; nested exception is ErrCode:500, ErrMsg:jmenv.tbsite.net
	at org.springframework.beans.factory.support.ConstructorResolver.createArgumentArray(ConstructorResolver.java:801)
	at org.springframework.beans.factory.support.ConstructorResolver.autowireConstructor(ConstructorResolver.java:224)
	at org.springframework.beans.factory.support.AbstractAutowireCapableBeanFactory.autowireConstructor(AbstractAutowireCapableBeanFactory.java:1372)
	at org.springframework.beans.factory.support.AbstractAutowireCapableBeanFactory.createBeanInstance(AbstractAutowireCapableBeanFactory.java:1222)
	at org.springframework.beans.factory.support.AbstractAutowireCapableBeanFactory.doCreateBean(AbstractAutowireCapableBeanFactory.java:582)
	at org.springframework.beans.factory.support.AbstractAutowireCapableBeanFactory.createBean(AbstractAutowireCapableBeanFactory.java:542)
	at org.springframework.beans.factory.support.AbstractBeanFactory.lambda$doGetBean$0(AbstractBeanFactory.java:335)
	at org.springframework.beans.factory.support.DefaultSingletonBeanRegistry.getSingleton(DefaultSingletonBeanRegistry.java:234)
	at org.springframework.beans.factory.support.AbstractBeanFactory.doGetBean(AbstractBeanFactory.java:333)
	at org.springframework.beans.factory.support.AbstractBeanFactory.getBean(AbstractBeanFactory.java:208)
	at org.springframework.beans.factory.config.DependencyDescriptor.resolveCandidate(DependencyDescriptor.java:276)
	at org.springframework.beans.factory.support.DefaultListableBeanFactory.doResolveDependency(DefaultListableBeanFactory.java:1391)
	at org.springframework.beans.factory.support.DefaultListableBeanFactory.resolveDependency(DefaultListableBeanFactory.java:1311)
	at org.springframework.beans.factory.annotation.AutowiredAnnotationBeanPostProcessor$AutowiredFieldElement.resolveFieldValue(AutowiredAnnotationBeanPostProcessor.java:710)
	... 86 common frames omitted
Caused by: org.springframework.beans.factory.BeanCreationException: Error creating bean with name 'serverMemberManager' defined in URL [jar:file:/D:/CODE/Memorin-rebuild/infrastructure/nacos/target/nacos-server.jar!/BOOT-INF/lib/nacos-core-2.3.2.jar!/com/alibaba/nacos/core/cluster/ServerMemberManager.class]: Bean instantiation via constructor failed; nested exception is org.springframework.beans.BeanInstantiationException: Failed to instantiate [com.alibaba.nacos.core.cluster.ServerMemberManager]: Constructor threw exception; nested exception is ErrCode:500, ErrMsg:jmenv.tbsite.net
	at org.springframework.beans.factory.support.ConstructorResolver.instantiate(ConstructorResolver.java:310)
	at org.springframework.beans.factory.support.ConstructorResolver.autowireConstructor(ConstructorResolver.java:291)
	at org.springframework.beans.factory.support.AbstractAutowireCapableBeanFactory.autowireConstructor(AbstractAutowireCapableBeanFactory.java:1372)
	at org.springframework.beans.factory.support.AbstractAutowireCapableBeanFactory.createBeanInstance(AbstractAutowireCapableBeanFactory.java:1222)
	at org.springframework.beans.factory.support.AbstractAutowireCapableBeanFactory.doCreateBean(AbstractAutowireCapableBeanFactory.java:582)
	at org.springframework.beans.factory.support.AbstractAutowireCapableBeanFactory.createBean(AbstractAutowireCapableBeanFactory.java:542)
	at org.springframework.beans.factory.support.AbstractBeanFactory.lambda$doGetBean$0(AbstractBeanFactory.java:335)
	at org.springframework.beans.factory.support.DefaultSingletonBeanRegistry.getSingleton(DefaultSingletonBeanRegistry.java:234)
	at org.springframework.beans.factory.support.AbstractBeanFactory.doGetBean(AbstractBeanFactory.java:333)
	at org.springframework.beans.factory.support.AbstractBeanFactory.getBean(AbstractBeanFactory.java:208)
	at org.springframework.beans.factory.config.DependencyDescriptor.resolveCandidate(DependencyDescriptor.java:276)
	at org.springframework.beans.factory.support.DefaultListableBeanFactory.doResolveDependency(DefaultListableBeanFactory.java:1391)
	at org.springframework.beans.factory.support.DefaultListableBeanFactory.resolveDependency(DefaultListableBeanFactory.java:1311)
	at org.springframework.beans.factory.support.ConstructorResolver.resolveAutowiredArgument(ConstructorResolver.java:911)
	at org.springframework.beans.factory.support.ConstructorResolver.createArgumentArray(ConstructorResolver.java:788)
	... 99 common frames omitted
Caused by: org.springframework.beans.BeanInstantiationException: Failed to instantiate [com.alibaba.nacos.core.cluster.ServerMemberManager]: Constructor threw exception; nested exception is ErrCode:500, ErrMsg:jmenv.tbsite.net
	at org.springframework.beans.BeanUtils.instantiateClass(BeanUtils.java:226)
	at org.springframework.beans.factory.support.SimpleInstantiationStrategy.instantiate(SimpleInstantiationStrategy.java:117)
	at org.springframework.beans.factory.support.ConstructorResolver.instantiate(ConstructorResolver.java:306)
	... 113 common frames omitted
Caused by: com.alibaba.nacos.api.exception.NacosException: java.net.UnknownHostException: jmenv.tbsite.net
	at com.alibaba.nacos.core.cluster.lookup.AddressServerMemberLookup.run(AddressServerMemberLookup.java:152)
	at com.alibaba.nacos.core.cluster.lookup.AddressServerMemberLookup.doStart(AddressServerMemberLookup.java:100)
	at com.alibaba.nacos.core.cluster.AbstractMemberLookup.start(AbstractMemberLookup.java:55)
	at com.alibaba.nacos.core.cluster.ServerMemberManager.initAndStartLookup(ServerMemberManager.java:237)
	at com.alibaba.nacos.core.cluster.ServerMemberManager.init(ServerMemberManager.java:178)
	at com.alibaba.nacos.core.cluster.ServerMemberManager.<init>(ServerMemberManager.java:158)
	at sun.reflect.NativeConstructorAccessorImpl.newInstance0(Native Method)
	at sun.reflect.NativeConstructorAccessorImpl.newInstance(NativeConstructorAccessorImpl.java:62)
	at sun.reflect.DelegatingConstructorAccessorImpl.newInstance(DelegatingConstructorAccessorImpl.java:45)
	at java.lang.reflect.Constructor.newInstance(Constructor.java:423)
	at org.springframework.beans.BeanUtils.instantiateClass(BeanUtils.java:213)
	... 115 common frames omitted
Caused by: java.net.UnknownHostException: jmenv.tbsite.net
	at java.net.AbstractPlainSocketImpl.connect(AbstractPlainSocketImpl.java:196)
	at java.net.PlainSocketImpl.connect(PlainSocketImpl.java:162)
	at java.net.SocksSocketImpl.connect(SocksSocketImpl.java:394)
	at java.net.Socket.connect(Socket.java:606)
	at sun.net.NetworkClient.doConnect(NetworkClient.java:175)
	at sun.net.www.http.HttpClient.openServer(HttpClient.java:499)
	at sun.net.www.http.HttpClient.openServer(HttpClient.java:594)
	at sun.net.www.http.HttpClient.<init>(HttpClient.java:278)
	at sun.net.www.http.HttpClient.New(HttpClient.java:375)
	at sun.net.www.http.HttpClient.New(HttpClient.java:393)
	at sun.net.www.protocol.http.HttpURLConnection.getNewHttpClient(HttpURLConnection.java:1255)
	at sun.net.www.protocol.http.HttpURLConnection.plainConnect0(HttpURLConnection.java:1182)
	at sun.net.www.protocol.http.HttpURLConnection.plainConnect(HttpURLConnection.java:1076)
	at sun.net.www.protocol.http.HttpURLConnection.connect(HttpURLConnection.java:1010)
	at com.alibaba.nacos.common.http.client.request.JdkHttpClientRequest.execute(JdkHttpClientRequest.java:114)
	at com.alibaba.nacos.common.http.client.NacosRestTemplate.execute(NacosRestTemplate.java:482)
	at com.alibaba.nacos.common.http.client.NacosRestTemplate.get(NacosRestTemplate.java:72)
	at com.alibaba.nacos.core.cluster.lookup.AddressServerMemberLookup.syncFromAddressUrl(AddressServerMemberLookup.java:175)
	at com.alibaba.nacos.core.cluster.lookup.AddressServerMemberLookup.run(AddressServerMemberLookup.java:143)
	... 125 common frames omitted
2025-08-25 11:20:36,059 WARN [WatchFileCenter] start close

2025-08-25 11:20:36,059 WARN [WatchFileCenter] start to shutdown this watcher which is watch : D:\CODE\Memorin-rebuild\infrastructure\nacos\conf

2025-08-25 11:20:36,060 WARN [WatchFileCenter] already closed

2025-08-25 11:20:36,060 WARN [NotifyCenter] Start destroying Publisher

2025-08-25 11:20:36,060 WARN [NotifyCenter] Destruction of the end

2025-08-25 11:20:36,061 ERROR Nacos failed to start, please see D:\CODE\Memorin-rebuild\infrastructure\nacos\logs\nacos.log for more details.

2025-08-25 11:20:36,079 INFO 

Error starting ApplicationContext. To display the conditions report re-run your application with 'debug' enabled.

2025-08-25 11:20:36,101 ERROR Application run failed

org.springframework.context.ApplicationContextException: Unable to start web server; nested exception is org.springframework.boot.web.server.WebServerException: Unable to start embedded Tomcat
	at org.springframework.boot.web.servlet.context.ServletWebServerApplicationContext.onRefresh(ServletWebServerApplicationContext.java:165)
	at org.springframework.context.support.AbstractApplicationContext.refresh(AbstractApplicationContext.java:585)
	at org.springframework.boot.web.servlet.context.ServletWebServerApplicationContext.refresh(ServletWebServerApplicationContext.java:147)
	at org.springframework.boot.SpringApplication.refresh(SpringApplication.java:732)
	at org.springframework.boot.SpringApplication.refreshContext(SpringApplication.java:409)
	at org.springframework.boot.SpringApplication.run(SpringApplication.java:308)
	at org.springframework.boot.SpringApplication.run(SpringApplication.java:1300)
	at org.springframework.boot.SpringApplication.run(SpringApplication.java:1289)
	at com.alibaba.nacos.Nacos.main(Nacos.java:48)
	at sun.reflect.NativeMethodAccessorImpl.invoke0(Native Method)
	at sun.reflect.NativeMethodAccessorImpl.invoke(NativeMethodAccessorImpl.java:62)
	at sun.reflect.DelegatingMethodAccessorImpl.invoke(DelegatingMethodAccessorImpl.java:43)
	at java.lang.reflect.Method.invoke(Method.java:498)
	at org.springframework.boot.loader.MainMethodRunner.run(MainMethodRunner.java:49)
	at org.springframework.boot.loader.Launcher.launch(Launcher.java:108)
	at org.springframework.boot.loader.Launcher.launch(Launcher.java:58)
	at org.springframework.boot.loader.PropertiesLauncher.main(PropertiesLauncher.java:467)
Caused by: org.springframework.boot.web.server.WebServerException: Unable to start embedded Tomcat
	at org.springframework.boot.web.embedded.tomcat.TomcatWebServer.initialize(TomcatWebServer.java:142)
	at org.springframework.boot.web.embedded.tomcat.TomcatWebServer.<init>(TomcatWebServer.java:104)
	at org.springframework.boot.web.embedded.tomcat.TomcatServletWebServerFactory.getTomcatWebServer(TomcatServletWebServerFactory.java:481)
	at org.springframework.boot.web.embedded.tomcat.TomcatServletWebServerFactory.getWebServer(TomcatServletWebServerFactory.java:211)
	at org.springframework.boot.web.servlet.context.ServletWebServerApplicationContext.createWebServer(ServletWebServerApplicationContext.java:184)
	at org.springframework.boot.web.servlet.context.ServletWebServerApplicationContext.onRefresh(ServletWebServerApplicationContext.java:162)
	... 16 common frames omitted
Caused by: org.springframework.beans.factory.BeanCreationException: Error creating bean with name 'distroFilterRegistration' defined in class path resource [com/alibaba/nacos/naming/web/NamingConfig.class]: Bean instantiation via factory method failed; nested exception is org.springframework.beans.BeanInstantiationException: Failed to instantiate [org.springframework.boot.web.servlet.FilterRegistrationBean]: Factory method 'distroFilterRegistration' threw exception; nested exception is org.springframework.beans.factory.UnsatisfiedDependencyException: Error creating bean with name 'distroFilter': Unsatisfied dependency expressed through field 'distroMapper'; nested exception is org.springframework.beans.factory.UnsatisfiedDependencyException: Error creating bean with name 'distroMapper' defined in URL [jar:file:/D:/CODE/Memorin-rebuild/infrastructure/nacos/target/nacos-server.jar!/BOOT-INF/lib/nacos-naming-2.3.2.jar!/com/alibaba/nacos/naming/core/DistroMapper.class]: Unsatisfied dependency expressed through constructor parameter 0; nested exception is org.springframework.beans.factory.BeanCreationException: Error creating bean with name 'serverMemberManager' defined in URL [jar:file:/D:/CODE/Memorin-rebuild/infrastructure/nacos/target/nacos-server.jar!/BOOT-INF/lib/nacos-core-2.3.2.jar!/com/alibaba/nacos/core/cluster/ServerMemberManager.class]: Bean instantiation via constructor failed; nested exception is org.springframework.beans.BeanInstantiationException: Failed to instantiate [com.alibaba.nacos.core.cluster.ServerMemberManager]: Constructor threw exception; nested exception is ErrCode:500, ErrMsg:jmenv.tbsite.net
	at org.springframework.beans.factory.support.ConstructorResolver.instantiate(ConstructorResolver.java:653)
	at org.springframework.beans.factory.support.ConstructorResolver.instantiateUsingFactoryMethod(ConstructorResolver.java:481)
	at org.springframework.beans.factory.support.AbstractAutowireCapableBeanFactory.instantiateUsingFactoryMethod(AbstractAutowireCapableBeanFactory.java:1352)
	at org.springframework.beans.factory.support.AbstractAutowireCapableBeanFactory.createBeanInstance(AbstractAutowireCapableBeanFactory.java:1195)
	at org.springframework.beans.factory.support.AbstractAutowireCapableBeanFactory.doCreateBean(AbstractAutowireCapableBeanFactory.java:582)
	at org.springframework.beans.factory.support.AbstractAutowireCapableBeanFactory.createBean(AbstractAutowireCapableBeanFactory.java:542)
	at org.springframework.beans.factory.support.AbstractBeanFactory.lambda$doGetBean$0(AbstractBeanFactory.java:335)
	at org.springframework.beans.factory.support.DefaultSingletonBeanRegistry.getSingleton(DefaultSingletonBeanRegistry.java:234)
	at org.springframework.beans.factory.support.AbstractBeanFactory.doGetBean(AbstractBeanFactory.java:333)
	at org.springframework.beans.factory.support.AbstractBeanFactory.getBean(AbstractBeanFactory.java:213)
	at org.springframework.boot.web.servlet.ServletContextInitializerBeans.getOrderedBeansOfType(ServletContextInitializerBeans.java:213)
	at org.springframework.boot.web.servlet.ServletContextInitializerBeans.getOrderedBeansOfType(ServletContextInitializerBeans.java:204)
	at org.springframework.boot.web.servlet.ServletContextInitializerBeans.addServletContextInitializerBeans(ServletContextInitializerBeans.java:98)
	at org.springframework.boot.web.servlet.ServletContextInitializerBeans.<init>(ServletContextInitializerBeans.java:86)
	at org.springframework.boot.web.servlet.context.ServletWebServerApplicationContext.getServletContextInitializerBeans(ServletWebServerApplicationContext.java:262)
	at org.springframework.boot.web.servlet.context.ServletWebServerApplicationContext.selfInitialize(ServletWebServerApplicationContext.java:236)
	at org.springframework.boot.web.embedded.tomcat.TomcatStarter.onStartup(TomcatStarter.java:53)
	at org.apache.catalina.core.StandardContext.startInternal(StandardContext.java:4904)
	at org.apache.catalina.util.LifecycleBase.start(LifecycleBase.java:171)
	at org.apache.catalina.core.ContainerBase$StartChild.call(ContainerBase.java:1332)
	at org.apache.catalina.core.ContainerBase$StartChild.call(ContainerBase.java:1322)
	at java.util.concurrent.FutureTask.run(FutureTask.java:266)
	at org.apache.tomcat.util.threads.InlineExecutorService.execute(InlineExecutorService.java:75)
	at java.util.concurrent.AbstractExecutorService.submit(AbstractExecutorService.java:134)
	at org.apache.catalina.core.ContainerBase.startInternal(ContainerBase.java:866)
	at org.apache.catalina.core.StandardHost.startInternal(StandardHost.java:794)
	at org.apache.catalina.util.LifecycleBase.start(LifecycleBase.java:171)
	at org.apache.catalina.core.ContainerBase$StartChild.call(ContainerBase.java:1332)
	at org.apache.catalina.core.ContainerBase$StartChild.call(ContainerBase.java:1322)
	at java.util.concurrent.FutureTask.run(FutureTask.java:266)
	at org.apache.tomcat.util.threads.InlineExecutorService.execute(InlineExecutorService.java:75)
	at java.util.concurrent.AbstractExecutorService.submit(AbstractExecutorService.java:134)
	at org.apache.catalina.core.ContainerBase.startInternal(ContainerBase.java:866)
	at org.apache.catalina.core.StandardEngine.startInternal(StandardEngine.java:248)
	at org.apache.catalina.util.LifecycleBase.start(LifecycleBase.java:171)
	at org.apache.catalina.core.StandardService.startInternal(StandardService.java:433)
	at org.apache.catalina.util.LifecycleBase.start(LifecycleBase.java:171)
	at org.apache.catalina.core.StandardServer.startInternal(StandardServer.java:921)
	at org.apache.catalina.util.LifecycleBase.start(LifecycleBase.java:171)
	at org.apache.catalina.startup.Tomcat.start(Tomcat.java:489)
	at org.springframework.boot.web.embedded.tomcat.TomcatWebServer.initialize(TomcatWebServer.java:123)
	... 21 common frames omitted
Caused by: org.springframework.beans.BeanInstantiationException: Failed to instantiate [org.springframework.boot.web.servlet.FilterRegistrationBean]: Factory method 'distroFilterRegistration' threw exception; nested exception is org.springframework.beans.factory.UnsatisfiedDependencyException: Error creating bean with name 'distroFilter': Unsatisfied dependency expressed through field 'distroMapper'; nested exception is org.springframework.beans.factory.UnsatisfiedDependencyException: Error creating bean with name 'distroMapper' defined in URL [jar:file:/D:/CODE/Memorin-rebuild/infrastructure/nacos/target/nacos-server.jar!/BOOT-INF/lib/nacos-naming-2.3.2.jar!/com/alibaba/nacos/naming/core/DistroMapper.class]: Unsatisfied dependency expressed through constructor parameter 0; nested exception is org.springframework.beans.factory.BeanCreationException: Error creating bean with name 'serverMemberManager' defined in URL [jar:file:/D:/CODE/Memorin-rebuild/infrastructure/nacos/target/nacos-server.jar!/BOOT-INF/lib/nacos-core-2.3.2.jar!/com/alibaba/nacos/core/cluster/ServerMemberManager.class]: Bean instantiation via constructor failed; nested exception is org.springframework.beans.BeanInstantiationException: Failed to instantiate [com.alibaba.nacos.core.cluster.ServerMemberManager]: Constructor threw exception; nested exception is ErrCode:500, ErrMsg:jmenv.tbsite.net
	at org.springframework.beans.factory.support.SimpleInstantiationStrategy.instantiate(SimpleInstantiationStrategy.java:185)
	at org.springframework.beans.factory.support.ConstructorResolver.instantiate(ConstructorResolver.java:648)
	... 61 common frames omitted
Caused by: org.springframework.beans.factory.UnsatisfiedDependencyException: Error creating bean with name 'distroFilter': Unsatisfied dependency expressed through field 'distroMapper'; nested exception is org.springframework.beans.factory.UnsatisfiedDependencyException: Error creating bean with name 'distroMapper' defined in URL [jar:file:/D:/CODE/Memorin-rebuild/infrastructure/nacos/target/nacos-server.jar!/BOOT-INF/lib/nacos-naming-2.3.2.jar!/com/alibaba/nacos/naming/core/DistroMapper.class]: Unsatisfied dependency expressed through constructor parameter 0; nested exception is org.springframework.beans.factory.BeanCreationException: Error creating bean with name 'serverMemberManager' defined in URL [jar:file:/D:/CODE/Memorin-rebuild/infrastructure/nacos/target/nacos-server.jar!/BOOT-INF/lib/nacos-core-2.3.2.jar!/com/alibaba/nacos/core/cluster/ServerMemberManager.class]: Bean instantiation via constructor failed; nested exception is org.springframework.beans.BeanInstantiationException: Failed to instantiate [com.alibaba.nacos.core.cluster.ServerMemberManager]: Constructor threw exception; nested exception is ErrCode:500, ErrMsg:jmenv.tbsite.net
	at org.springframework.beans.factory.annotation.AutowiredAnnotationBeanPostProcessor$AutowiredFieldElement.resolveFieldValue(AutowiredAnnotationBeanPostProcessor.java:713)
	at org.springframework.beans.factory.annotation.AutowiredAnnotationBeanPostProcessor$AutowiredFieldElement.inject(AutowiredAnnotationBeanPostProcessor.java:693)
	at org.springframework.beans.factory.annotation.InjectionMetadata.inject(InjectionMetadata.java:119)
	at org.springframework.beans.factory.annotation.AutowiredAnnotationBeanPostProcessor.postProcessProperties(AutowiredAnnotationBeanPostProcessor.java:408)
	at org.springframework.beans.factory.support.AbstractAutowireCapableBeanFactory.populateBean(AbstractAutowireCapableBeanFactory.java:1431)
	at org.springframework.beans.factory.support.AbstractAutowireCapableBeanFactory.doCreateBean(AbstractAutowireCapableBeanFactory.java:619)
	at org.springframework.beans.factory.support.AbstractAutowireCapableBeanFactory.createBean(AbstractAutowireCapableBeanFactory.java:542)
	at org.springframework.beans.factory.support.AbstractBeanFactory.lambda$doGetBean$0(AbstractBeanFactory.java:335)
	at org.springframework.beans.factory.support.DefaultSingletonBeanRegistry.getSingleton(DefaultSingletonBeanRegistry.java:234)
	at org.springframework.beans.factory.support.AbstractBeanFactory.doGetBean(AbstractBeanFactory.java:333)
	at org.springframework.beans.factory.support.AbstractBeanFactory.getBean(AbstractBeanFactory.java:208)
	at org.springframework.context.annotation.ConfigurationClassEnhancer$BeanMethodInterceptor.resolveBeanReference(ConfigurationClassEnhancer.java:362)
	at org.springframework.context.annotation.ConfigurationClassEnhancer$BeanMethodInterceptor.intercept(ConfigurationClassEnhancer.java:334)
	at com.alibaba.nacos.naming.web.NamingConfig$$EnhancerBySpringCGLIB$$329ad219.distroFilter(<generated>)
	at com.alibaba.nacos.naming.web.NamingConfig.distroFilterRegistration(NamingConfig.java:48)
	at com.alibaba.nacos.naming.web.NamingConfig$$EnhancerBySpringCGLIB$$329ad219.CGLIB$distroFilterRegistration$5(<generated>)
	at com.alibaba.nacos.naming.web.NamingConfig$$EnhancerBySpringCGLIB$$329ad219$$FastClassBySpringCGLIB$$66848365.invoke(<generated>)
	at org.springframework.cglib.proxy.MethodProxy.invokeSuper(MethodProxy.java:244)
	at org.springframework.context.annotation.ConfigurationClassEnhancer$BeanMethodInterceptor.intercept(ConfigurationClassEnhancer.java:331)
	at com.alibaba.nacos.naming.web.NamingConfig$$EnhancerBySpringCGLIB$$329ad219.distroFilterRegistration(<generated>)
	at sun.reflect.NativeMethodAccessorImpl.invoke0(Native Method)
	at sun.reflect.NativeMethodAccessorImpl.invoke(NativeMethodAccessorImpl.java:62)
	at sun.reflect.DelegatingMethodAccessorImpl.invoke(DelegatingMethodAccessorImpl.java:43)
	at java.lang.reflect.Method.invoke(Method.java:498)
	at org.springframework.beans.factory.support.SimpleInstantiationStrategy.instantiate(SimpleInstantiationStrategy.java:154)
	... 62 common frames omitted
Caused by: org.springframework.beans.factory.UnsatisfiedDependencyException: Error creating bean with name 'distroMapper' defined in URL [jar:file:/D:/CODE/Memorin-rebuild/infrastructure/nacos/target/nacos-server.jar!/BOOT-INF/lib/nacos-naming-2.3.2.jar!/com/alibaba/nacos/naming/core/DistroMapper.class]: Unsatisfied dependency expressed through constructor parameter 0; nested exception is org.springframework.beans.factory.BeanCreationException: Error creating bean with name 'serverMemberManager' defined in URL [jar:file:/D:/CODE/Memorin-rebuild/infrastructure/nacos/target/nacos-server.jar!/BOOT-INF/lib/nacos-core-2.3.2.jar!/com/alibaba/nacos/core/cluster/ServerMemberManager.class]: Bean instantiation via constructor failed; nested exception is org.springframework.beans.BeanInstantiationException: Failed to instantiate [com.alibaba.nacos.core.cluster.ServerMemberManager]: Constructor threw exception; nested exception is ErrCode:500, ErrMsg:jmenv.tbsite.net
	at org.springframework.beans.factory.support.ConstructorResolver.createArgumentArray(ConstructorResolver.java:801)
	at org.springframework.beans.factory.support.ConstructorResolver.autowireConstructor(ConstructorResolver.java:224)
	at org.springframework.beans.factory.support.AbstractAutowireCapableBeanFactory.autowireConstructor(AbstractAutowireCapableBeanFactory.java:1372)
	at org.springframework.beans.factory.support.AbstractAutowireCapableBeanFactory.createBeanInstance(AbstractAutowireCapableBeanFactory.java:1222)
	at org.springframework.beans.factory.support.AbstractAutowireCapableBeanFactory.doCreateBean(AbstractAutowireCapableBeanFactory.java:582)
	at org.springframework.beans.factory.support.AbstractAutowireCapableBeanFactory.createBean(AbstractAutowireCapableBeanFactory.java:542)
	at org.springframework.beans.factory.support.AbstractBeanFactory.lambda$doGetBean$0(AbstractBeanFactory.java:335)
	at org.springframework.beans.factory.support.DefaultSingletonBeanRegistry.getSingleton(DefaultSingletonBeanRegistry.java:234)
	at org.springframework.beans.factory.support.AbstractBeanFactory.doGetBean(AbstractBeanFactory.java:333)
	at org.springframework.beans.factory.support.AbstractBeanFactory.getBean(AbstractBeanFactory.java:208)
	at org.springframework.beans.factory.config.DependencyDescriptor.resolveCandidate(DependencyDescriptor.java:276)
	at org.springframework.beans.factory.support.DefaultListableBeanFactory.doResolveDependency(DefaultListableBeanFactory.java:1391)
	at org.springframework.beans.factory.support.DefaultListableBeanFactory.resolveDependency(DefaultListableBeanFactory.java:1311)
	at org.springframework.beans.factory.annotation.AutowiredAnnotationBeanPostProcessor$AutowiredFieldElement.resolveFieldValue(AutowiredAnnotationBeanPostProcessor.java:710)
	... 86 common frames omitted
Caused by: org.springframework.beans.factory.BeanCreationException: Error creating bean with name 'serverMemberManager' defined in URL [jar:file:/D:/CODE/Memorin-rebuild/infrastructure/nacos/target/nacos-server.jar!/BOOT-INF/lib/nacos-core-2.3.2.jar!/com/alibaba/nacos/core/cluster/ServerMemberManager.class]: Bean instantiation via constructor failed; nested exception is org.springframework.beans.BeanInstantiationException: Failed to instantiate [com.alibaba.nacos.core.cluster.ServerMemberManager]: Constructor threw exception; nested exception is ErrCode:500, ErrMsg:jmenv.tbsite.net
	at org.springframework.beans.factory.support.ConstructorResolver.instantiate(ConstructorResolver.java:310)
	at org.springframework.beans.factory.support.ConstructorResolver.autowireConstructor(ConstructorResolver.java:291)
	at org.springframework.beans.factory.support.AbstractAutowireCapableBeanFactory.autowireConstructor(AbstractAutowireCapableBeanFactory.java:1372)
	at org.springframework.beans.factory.support.AbstractAutowireCapableBeanFactory.createBeanInstance(AbstractAutowireCapableBeanFactory.java:1222)
	at org.springframework.beans.factory.support.AbstractAutowireCapableBeanFactory.doCreateBean(AbstractAutowireCapableBeanFactory.java:582)
	at org.springframework.beans.factory.support.AbstractAutowireCapableBeanFactory.createBean(AbstractAutowireCapableBeanFactory.java:542)
	at org.springframework.beans.factory.support.AbstractBeanFactory.lambda$doGetBean$0(AbstractBeanFactory.java:335)
	at org.springframework.beans.factory.support.DefaultSingletonBeanRegistry.getSingleton(DefaultSingletonBeanRegistry.java:234)
	at org.springframework.beans.factory.support.AbstractBeanFactory.doGetBean(AbstractBeanFactory.java:333)
	at org.springframework.beans.factory.support.AbstractBeanFactory.getBean(AbstractBeanFactory.java:208)
	at org.springframework.beans.factory.config.DependencyDescriptor.resolveCandidate(DependencyDescriptor.java:276)
	at org.springframework.beans.factory.support.DefaultListableBeanFactory.doResolveDependency(DefaultListableBeanFactory.java:1391)
	at org.springframework.beans.factory.support.DefaultListableBeanFactory.resolveDependency(DefaultListableBeanFactory.java:1311)
	at org.springframework.beans.factory.support.ConstructorResolver.resolveAutowiredArgument(ConstructorResolver.java:911)
	at org.springframework.beans.factory.support.ConstructorResolver.createArgumentArray(ConstructorResolver.java:788)
	... 99 common frames omitted
Caused by: org.springframework.beans.BeanInstantiationException: Failed to instantiate [com.alibaba.nacos.core.cluster.ServerMemberManager]: Constructor threw exception; nested exception is ErrCode:500, ErrMsg:jmenv.tbsite.net
	at org.springframework.beans.BeanUtils.instantiateClass(BeanUtils.java:226)
	at org.springframework.beans.factory.support.SimpleInstantiationStrategy.instantiate(SimpleInstantiationStrategy.java:117)
	at org.springframework.beans.factory.support.ConstructorResolver.instantiate(ConstructorResolver.java:306)
	... 113 common frames omitted
Caused by: com.alibaba.nacos.api.exception.NacosException: java.net.UnknownHostException: jmenv.tbsite.net
	at com.alibaba.nacos.core.cluster.lookup.AddressServerMemberLookup.run(AddressServerMemberLookup.java:152)
	at com.alibaba.nacos.core.cluster.lookup.AddressServerMemberLookup.doStart(AddressServerMemberLookup.java:100)
	at com.alibaba.nacos.core.cluster.AbstractMemberLookup.start(AbstractMemberLookup.java:55)
	at com.alibaba.nacos.core.cluster.ServerMemberManager.initAndStartLookup(ServerMemberManager.java:237)
	at com.alibaba.nacos.core.cluster.ServerMemberManager.init(ServerMemberManager.java:178)
	at com.alibaba.nacos.core.cluster.ServerMemberManager.<init>(ServerMemberManager.java:158)
	at sun.reflect.NativeConstructorAccessorImpl.newInstance0(Native Method)
	at sun.reflect.NativeConstructorAccessorImpl.newInstance(NativeConstructorAccessorImpl.java:62)
	at sun.reflect.DelegatingConstructorAccessorImpl.newInstance(DelegatingConstructorAccessorImpl.java:45)
	at java.lang.reflect.Constructor.newInstance(Constructor.java:423)
	at org.springframework.beans.BeanUtils.instantiateClass(BeanUtils.java:213)
	... 115 common frames omitted
Caused by: java.net.UnknownHostException: jmenv.tbsite.net
	at java.net.AbstractPlainSocketImpl.connect(AbstractPlainSocketImpl.java:196)
	at java.net.PlainSocketImpl.connect(PlainSocketImpl.java:162)
	at java.net.SocksSocketImpl.connect(SocksSocketImpl.java:394)
	at java.net.Socket.connect(Socket.java:606)
	at sun.net.NetworkClient.doConnect(NetworkClient.java:175)
	at sun.net.www.http.HttpClient.openServer(HttpClient.java:499)
	at sun.net.www.http.HttpClient.openServer(HttpClient.java:594)
	at sun.net.www.http.HttpClient.<init>(HttpClient.java:278)
	at sun.net.www.http.HttpClient.New(HttpClient.java:375)
	at sun.net.www.http.HttpClient.New(HttpClient.java:393)
	at sun.net.www.protocol.http.HttpURLConnection.getNewHttpClient(HttpURLConnection.java:1255)
	at sun.net.www.protocol.http.HttpURLConnection.plainConnect0(HttpURLConnection.java:1182)
	at sun.net.www.protocol.http.HttpURLConnection.plainConnect(HttpURLConnection.java:1076)
	at sun.net.www.protocol.http.HttpURLConnection.connect(HttpURLConnection.java:1010)
	at com.alibaba.nacos.common.http.client.request.JdkHttpClientRequest.execute(JdkHttpClientRequest.java:114)
	at com.alibaba.nacos.common.http.client.NacosRestTemplate.execute(NacosRestTemplate.java:482)
	at com.alibaba.nacos.common.http.client.NacosRestTemplate.get(NacosRestTemplate.java:72)
	at com.alibaba.nacos.core.cluster.lookup.AddressServerMemberLookup.syncFromAddressUrl(AddressServerMemberLookup.java:175)
	at com.alibaba.nacos.core.cluster.lookup.AddressServerMemberLookup.run(AddressServerMemberLookup.java:143)
	... 125 common frames omitted
2025-08-25 11:20:36,102 WARN [ThreadPoolManager] Start destroying ThreadPool

2025-08-25 11:20:36,103 WARN [ThreadPoolManager] Destruction of the end

2025-08-25 11:20:36,103 WARN [HttpClientBeanHolder] Start destroying common HttpClient

2025-08-25 11:32:41,838 INFO The server IP list of Nacos is []

2025-08-25 11:32:41,842 INFO Starting Nacos v2.3.2 using Java 1.8.0_451 on WIN-C3D985L1HJN with PID 24260 (D:\CODE\Memorin-rebuild\infrastructure\nacos\target\nacos-server.jar started by Mechrevo in D:\CODE\Memorin-rebuild\infrastructure\nacos)

2025-08-25 11:32:41,842 INFO No active profile set, falling back to 1 default profile: "default"

2025-08-25 11:32:41,949 INFO Load Nacos package exclude filter success, package prefix com.alibaba.nacos.config.server, filter com.alibaba.nacos.config.server.filter.ConfigEnabledFilter

2025-08-25 11:32:41,949 INFO Load Nacos package exclude filter success, package prefix com.alibaba.nacos.naming, filter com.alibaba.nacos.naming.config.NamingEnabledFilter

2025-08-25 11:32:41,950 INFO Load Nacos package exclude filter success, package prefix com.alibaba.nacos.istio, filter com.alibaba.nacos.istio.config.IstioEnabledFilter

2025-08-25 11:32:42,077 INFO Skip @SpringBootApplication annotation for class com.alibaba.nacos.config.server.Config to avoid duplicate scan

2025-08-25 11:32:42,154 INFO Skip @SpringBootApplication annotation for class com.alibaba.nacos.naming.NamingApp to avoid duplicate scan

2025-08-25 11:32:42,162 INFO Skip @SpringBootApplication annotation for class com.alibaba.nacos.cmdb.CmdbApp to avoid duplicate scan

2025-08-25 11:32:42,171 WARN Istio module disabled because set nacos.extension.naming.istio.enabled as false

2025-08-25 11:32:42,171 WARN Istio module disabled because set nacos.extension.naming.istio.enabled as false

2025-08-25 11:32:42,171 WARN Istio module disabled because set nacos.extension.naming.istio.enabled as false

2025-08-25 11:32:42,171 WARN Istio module disabled because set nacos.extension.naming.istio.enabled as false

2025-08-25 11:32:42,171 WARN Istio module disabled because set nacos.extension.naming.istio.enabled as false

2025-08-25 11:32:42,171 WARN Istio module disabled because set nacos.extension.naming.istio.enabled as false

2025-08-25 11:32:42,171 WARN Istio module disabled because set nacos.extension.naming.istio.enabled as false

2025-08-25 11:32:42,172 WARN Istio module disabled because set nacos.extension.naming.istio.enabled as false

2025-08-25 11:32:42,172 WARN Istio module disabled because set nacos.extension.naming.istio.enabled as false

2025-08-25 11:32:42,172 WARN Istio module disabled because set nacos.extension.naming.istio.enabled as false

2025-08-25 11:32:42,172 WARN Istio module disabled because set nacos.extension.naming.istio.enabled as false

2025-08-25 11:32:42,172 WARN Istio module disabled because set nacos.extension.naming.istio.enabled as false

2025-08-25 11:32:42,172 WARN Istio module disabled because set nacos.extension.naming.istio.enabled as false

2025-08-25 11:32:42,172 WARN Istio module disabled because set nacos.extension.naming.istio.enabled as false

2025-08-25 11:32:42,172 WARN Istio module disabled because set nacos.extension.naming.istio.enabled as false

2025-08-25 11:32:42,172 WARN Istio module disabled because set nacos.extension.naming.istio.enabled as false

2025-08-25 11:32:42,172 WARN Istio module disabled because set nacos.extension.naming.istio.enabled as false

2025-08-25 11:32:42,172 WARN Istio module disabled because set nacos.extension.naming.istio.enabled as false

2025-08-25 11:32:42,173 WARN Istio module disabled because set nacos.extension.naming.istio.enabled as false

2025-08-25 11:32:42,173 WARN Istio module disabled because set nacos.extension.naming.istio.enabled as false

2025-08-25 11:32:42,173 WARN Istio module disabled because set nacos.extension.naming.istio.enabled as false

2025-08-25 11:32:42,173 WARN Istio module disabled because set nacos.extension.naming.istio.enabled as false

2025-08-25 11:32:42,173 WARN Istio module disabled because set nacos.extension.naming.istio.enabled as false

2025-08-25 11:32:42,173 WARN Istio module disabled because set nacos.extension.naming.istio.enabled as false

2025-08-25 11:32:42,173 WARN Istio module disabled because set nacos.extension.naming.istio.enabled as false

2025-08-25 11:32:42,173 INFO Skip @SpringBootApplication annotation for class com.alibaba.nacos.istio.IstioApp to avoid duplicate scan

2025-08-25 11:32:42,173 WARN Istio module disabled because set nacos.extension.naming.istio.enabled as false

2025-08-25 11:32:42,173 WARN Istio module disabled because set nacos.extension.naming.istio.enabled as false

2025-08-25 11:32:42,173 WARN Istio module disabled because set nacos.extension.naming.istio.enabled as false

2025-08-25 11:32:42,174 WARN Istio module disabled because set nacos.extension.naming.istio.enabled as false

2025-08-25 11:32:42,174 WARN Istio module disabled because set nacos.extension.naming.istio.enabled as false

2025-08-25 11:32:42,174 WARN Istio module disabled because set nacos.extension.naming.istio.enabled as false

2025-08-25 11:32:42,174 WARN Istio module disabled because set nacos.extension.naming.istio.enabled as false

2025-08-25 11:32:42,174 WARN Istio module disabled because set nacos.extension.naming.istio.enabled as false

2025-08-25 11:32:42,174 WARN Istio module disabled because set nacos.extension.naming.istio.enabled as false

2025-08-25 11:32:42,175 WARN Istio module disabled because set nacos.extension.naming.istio.enabled as false

2025-08-25 11:32:42,175 WARN Istio module disabled because set nacos.extension.naming.istio.enabled as false

2025-08-25 11:32:42,427 INFO Skip @SpringBootApplication annotation for class com.alibaba.nacos.prometheus.PrometheusApp to avoid duplicate scan

2025-08-25 11:32:42,840 INFO Nacos is starting...

2025-08-25 11:32:43,841 INFO Nacos is starting...

2025-08-25 11:32:43,847 INFO Tomcat initialized with port(s): 8848 (http)

2025-08-25 11:32:43,951 INFO Initializing ProtocolHandler ["http-nio-8848"]

2025-08-25 11:32:43,960 INFO Starting service [Tomcat]

2025-08-25 11:32:43,961 INFO Starting Servlet engine: [Apache Tomcat/9.0.83]

2025-08-25 11:32:44,066 INFO Initializing Spring embedded WebApplicationContext

2025-08-25 11:32:44,066 INFO Root WebApplicationContext: initialization completed in 2179 ms

2025-08-25 11:32:44,393 INFO Nacos-related cluster resource initialization

2025-08-25 11:32:44,397 INFO Load com.alibaba.nacos.core.ability.RemoteAbilityInitializer for ServerAbilityInitializer

2025-08-25 11:32:44,397 INFO Load com.alibaba.nacos.naming.ability.NamingAbilityInitializer for ServerAbilityInitializer

2025-08-25 11:32:44,404 INFO ServerListService address-server port:8080

2025-08-25 11:32:44,404 INFO ADDRESS_SERVER_URL:http://jmenv.tbsite.net:8080/nacos/serverlist

2025-08-25 11:32:44,437 ERROR Error starting Tomcat context. Exception: org.springframework.beans.factory.BeanCreationException. Message: Error creating bean with name 'distroFilterRegistration' defined in class path resource [com/alibaba/nacos/naming/web/NamingConfig.class]: Bean instantiation via factory method failed; nested exception is org.springframework.beans.BeanInstantiationException: Failed to instantiate [org.springframework.boot.web.servlet.FilterRegistrationBean]: Factory method 'distroFilterRegistration' threw exception; nested exception is org.springframework.beans.factory.UnsatisfiedDependencyException: Error creating bean with name 'distroFilter': Unsatisfied dependency expressed through field 'distroMapper'; nested exception is org.springframework.beans.factory.UnsatisfiedDependencyException: Error creating bean with name 'distroMapper' defined in URL [jar:file:/D:/CODE/Memorin-rebuild/infrastructure/nacos/target/nacos-server.jar!/BOOT-INF/lib/nacos-naming-2.3.2.jar!/com/alibaba/nacos/naming/core/DistroMapper.class]: Unsatisfied dependency expressed through constructor parameter 0; nested exception is org.springframework.beans.factory.BeanCreationException: Error creating bean with name 'serverMemberManager' defined in URL [jar:file:/D:/CODE/Memorin-rebuild/infrastructure/nacos/target/nacos-server.jar!/BOOT-INF/lib/nacos-core-2.3.2.jar!/com/alibaba/nacos/core/cluster/ServerMemberManager.class]: Bean instantiation via constructor failed; nested exception is org.springframework.beans.BeanInstantiationException: Failed to instantiate [com.alibaba.nacos.core.cluster.ServerMemberManager]: Constructor threw exception; nested exception is ErrCode:500, ErrMsg:jmenv.tbsite.net

2025-08-25 11:32:44,458 INFO Stopping service [Tomcat]

2025-08-25 11:32:44,464 WARN The web application [nacos] appears to have started a thread named [nacos.publisher-com.alibaba.nacos.common.event.ServerConfigChangeEvent] but has failed to stop it. This is very likely to create a memory leak. Stack trace of thread:
 sun.misc.Unsafe.park(Native Method)
 java.util.concurrent.locks.LockSupport.park(LockSupport.java:175)
 java.util.concurrent.locks.AbstractQueuedSynchronizer$ConditionObject.await(AbstractQueuedSynchronizer.java:2039)
 java.util.concurrent.ArrayBlockingQueue.take(ArrayBlockingQueue.java:403)
 com.alibaba.nacos.common.notify.DefaultPublisher.openEventHandler(DefaultPublisher.java:111)
 com.alibaba.nacos.common.notify.DefaultPublisher.run(DefaultPublisher.java:95)

2025-08-25 11:32:44,464 WARN The web application [nacos] appears to have started a thread named [nacos-http-async-client.0] but has failed to stop it. This is very likely to create a memory leak. Stack trace of thread:
 sun.nio.ch.WindowsSelectorImpl$SubSelector.poll0(Native Method)
 sun.nio.ch.WindowsSelectorImpl$SubSelector.poll(WindowsSelectorImpl.java:296)
 sun.nio.ch.WindowsSelectorImpl$SubSelector.access$400(WindowsSelectorImpl.java:278)
 sun.nio.ch.WindowsSelectorImpl.doSelect(WindowsSelectorImpl.java:159)
 sun.nio.ch.SelectorImpl.lockAndDoSelect(SelectorImpl.java:86)
 sun.nio.ch.SelectorImpl.select(SelectorImpl.java:97)
 org.apache.http.impl.nio.reactor.AbstractMultiworkerIOReactor.execute(AbstractMultiworkerIOReactor.java:343)
 org.apache.http.impl.nio.conn.PoolingNHttpClientConnectionManager.execute(PoolingNHttpClientConnectionManager.java:221)
 org.apache.http.impl.nio.client.CloseableHttpAsyncClientBase$1.run(CloseableHttpAsyncClientBase.java:64)
 java.lang.Thread.run(Thread.java:750)

2025-08-25 11:32:44,464 WARN The web application [nacos] appears to have started a thread named [nacos.publisher-com.alibaba.nacos.core.cluster.MembersChangeEvent] but has failed to stop it. This is very likely to create a memory leak. Stack trace of thread:
 java.lang.Thread.sleep(Native Method)
 com.alibaba.nacos.common.utils.ThreadUtils.sleep(ThreadUtils.java:45)
 com.alibaba.nacos.common.notify.DefaultPublisher.openEventHandler(DefaultPublisher.java:106)
 com.alibaba.nacos.common.notify.DefaultPublisher.run(DefaultPublisher.java:95)

2025-08-25 11:32:44,465 WARN The web application [nacos] appears to have started a thread named [nacos-http-async-client#I/O Reactor.0] but has failed to stop it. This is very likely to create a memory leak. Stack trace of thread:
 sun.nio.ch.WindowsSelectorImpl$SubSelector.poll0(Native Method)
 sun.nio.ch.WindowsSelectorImpl$SubSelector.poll(WindowsSelectorImpl.java:296)
 sun.nio.ch.WindowsSelectorImpl$SubSelector.access$400(WindowsSelectorImpl.java:278)
 sun.nio.ch.WindowsSelectorImpl.doSelect(WindowsSelectorImpl.java:159)
 sun.nio.ch.SelectorImpl.lockAndDoSelect(SelectorImpl.java:86)
 sun.nio.ch.SelectorImpl.select(SelectorImpl.java:97)
 org.apache.http.impl.nio.reactor.AbstractIOReactor.execute(AbstractIOReactor.java:255)
 org.apache.http.impl.nio.reactor.BaseIOReactor.execute(BaseIOReactor.java:104)
 org.apache.http.impl.nio.reactor.AbstractMultiworkerIOReactor$Worker.run(AbstractMultiworkerIOReactor.java:591)
 java.lang.Thread.run(Thread.java:750)

2025-08-25 11:32:44,465 WARN The web application [nacos] appears to have started a thread named [nacos-http-async-client#I/O Reactor.1] but has failed to stop it. This is very likely to create a memory leak. Stack trace of thread:
 sun.nio.ch.WindowsSelectorImpl$SubSelector.poll0(Native Method)
 sun.nio.ch.WindowsSelectorImpl$SubSelector.poll(WindowsSelectorImpl.java:296)
 sun.nio.ch.WindowsSelectorImpl$SubSelector.access$400(WindowsSelectorImpl.java:278)
 sun.nio.ch.WindowsSelectorImpl.doSelect(WindowsSelectorImpl.java:159)
 sun.nio.ch.SelectorImpl.lockAndDoSelect(SelectorImpl.java:86)
 sun.nio.ch.SelectorImpl.select(SelectorImpl.java:97)
 org.apache.http.impl.nio.reactor.AbstractIOReactor.execute(AbstractIOReactor.java:255)
 org.apache.http.impl.nio.reactor.BaseIOReactor.execute(BaseIOReactor.java:104)
 org.apache.http.impl.nio.reactor.AbstractMultiworkerIOReactor$Worker.run(AbstractMultiworkerIOReactor.java:591)
 java.lang.Thread.run(Thread.java:750)

2025-08-25 11:32:44,466 WARN The web application [nacos] appears to have started a thread named [nacos-http-async-client#I/O Reactor.2] but has failed to stop it. This is very likely to create a memory leak. Stack trace of thread:
 sun.nio.ch.WindowsSelectorImpl$SubSelector.poll0(Native Method)
 sun.nio.ch.WindowsSelectorImpl$SubSelector.poll(WindowsSelectorImpl.java:296)
 sun.nio.ch.WindowsSelectorImpl$SubSelector.access$400(WindowsSelectorImpl.java:278)
 sun.nio.ch.WindowsSelectorImpl.doSelect(WindowsSelectorImpl.java:159)
 sun.nio.ch.SelectorImpl.lockAndDoSelect(SelectorImpl.java:86)
 sun.nio.ch.SelectorImpl.select(SelectorImpl.java:97)
 org.apache.http.impl.nio.reactor.AbstractIOReactor.execute(AbstractIOReactor.java:255)
 org.apache.http.impl.nio.reactor.BaseIOReactor.execute(BaseIOReactor.java:104)
 org.apache.http.impl.nio.reactor.AbstractMultiworkerIOReactor$Worker.run(AbstractMultiworkerIOReactor.java:591)
 java.lang.Thread.run(Thread.java:750)

2025-08-25 11:32:44,466 WARN The web application [nacos] appears to have started a thread named [nacos-http-async-client#I/O Reactor.3] but has failed to stop it. This is very likely to create a memory leak. Stack trace of thread:
 sun.nio.ch.WindowsSelectorImpl$SubSelector.poll0(Native Method)
 sun.nio.ch.WindowsSelectorImpl$SubSelector.poll(WindowsSelectorImpl.java:296)
 sun.nio.ch.WindowsSelectorImpl$SubSelector.access$400(WindowsSelectorImpl.java:278)
 sun.nio.ch.WindowsSelectorImpl.doSelect(WindowsSelectorImpl.java:159)
 sun.nio.ch.SelectorImpl.lockAndDoSelect(SelectorImpl.java:86)
 sun.nio.ch.SelectorImpl.select(SelectorImpl.java:97)
 org.apache.http.impl.nio.reactor.AbstractIOReactor.execute(AbstractIOReactor.java:255)
 org.apache.http.impl.nio.reactor.BaseIOReactor.execute(BaseIOReactor.java:104)
 org.apache.http.impl.nio.reactor.AbstractMultiworkerIOReactor$Worker.run(AbstractMultiworkerIOReactor.java:591)
 java.lang.Thread.run(Thread.java:750)

2025-08-25 11:32:44,466 WARN The web application [nacos] appears to have started a thread named [nacos-http-async-client#I/O Reactor.4] but has failed to stop it. This is very likely to create a memory leak. Stack trace of thread:
 sun.nio.ch.WindowsSelectorImpl$SubSelector.poll0(Native Method)
 sun.nio.ch.WindowsSelectorImpl$SubSelector.poll(WindowsSelectorImpl.java:296)
 sun.nio.ch.WindowsSelectorImpl$SubSelector.access$400(WindowsSelectorImpl.java:278)
 sun.nio.ch.WindowsSelectorImpl.doSelect(WindowsSelectorImpl.java:159)
 sun.nio.ch.SelectorImpl.lockAndDoSelect(SelectorImpl.java:86)
 sun.nio.ch.SelectorImpl.select(SelectorImpl.java:97)
 org.apache.http.impl.nio.reactor.AbstractIOReactor.execute(AbstractIOReactor.java:255)
 org.apache.http.impl.nio.reactor.BaseIOReactor.execute(BaseIOReactor.java:104)
 org.apache.http.impl.nio.reactor.AbstractMultiworkerIOReactor$Worker.run(AbstractMultiworkerIOReactor.java:591)
 java.lang.Thread.run(Thread.java:750)

2025-08-25 11:32:44,466 WARN The web application [nacos] appears to have started a thread named [nacos-http-async-client#I/O Reactor.5] but has failed to stop it. This is very likely to create a memory leak. Stack trace of thread:
 sun.nio.ch.WindowsSelectorImpl$SubSelector.poll0(Native Method)
 sun.nio.ch.WindowsSelectorImpl$SubSelector.poll(WindowsSelectorImpl.java:296)
 sun.nio.ch.WindowsSelectorImpl$SubSelector.access$400(WindowsSelectorImpl.java:278)
 sun.nio.ch.WindowsSelectorImpl.doSelect(WindowsSelectorImpl.java:159)
 sun.nio.ch.SelectorImpl.lockAndDoSelect(SelectorImpl.java:86)
 sun.nio.ch.SelectorImpl.select(SelectorImpl.java:97)
 org.apache.http.impl.nio.reactor.AbstractIOReactor.execute(AbstractIOReactor.java:255)
 org.apache.http.impl.nio.reactor.BaseIOReactor.execute(BaseIOReactor.java:104)
 org.apache.http.impl.nio.reactor.AbstractMultiworkerIOReactor$Worker.run(AbstractMultiworkerIOReactor.java:591)
 java.lang.Thread.run(Thread.java:750)

2025-08-25 11:32:44,466 WARN The web application [nacos] appears to have started a thread named [nacos-http-async-client#I/O Reactor.6] but has failed to stop it. This is very likely to create a memory leak. Stack trace of thread:
 sun.nio.ch.WindowsSelectorImpl$SubSelector.poll0(Native Method)
 sun.nio.ch.WindowsSelectorImpl$SubSelector.poll(WindowsSelectorImpl.java:296)
 sun.nio.ch.WindowsSelectorImpl$SubSelector.access$400(WindowsSelectorImpl.java:278)
 sun.nio.ch.WindowsSelectorImpl.doSelect(WindowsSelectorImpl.java:159)
 sun.nio.ch.SelectorImpl.lockAndDoSelect(SelectorImpl.java:86)
 sun.nio.ch.SelectorImpl.select(SelectorImpl.java:97)
 org.apache.http.impl.nio.reactor.AbstractIOReactor.execute(AbstractIOReactor.java:255)
 org.apache.http.impl.nio.reactor.BaseIOReactor.execute(BaseIOReactor.java:104)
 org.apache.http.impl.nio.reactor.AbstractMultiworkerIOReactor$Worker.run(AbstractMultiworkerIOReactor.java:591)
 java.lang.Thread.run(Thread.java:750)

2025-08-25 11:32:44,467 WARN The web application [nacos] appears to have started a thread named [nacos-http-async-client#I/O Reactor.7] but has failed to stop it. This is very likely to create a memory leak. Stack trace of thread:
 sun.nio.ch.WindowsSelectorImpl$SubSelector.poll0(Native Method)
 sun.nio.ch.WindowsSelectorImpl$SubSelector.poll(WindowsSelectorImpl.java:296)
 sun.nio.ch.WindowsSelectorImpl$SubSelector.access$400(WindowsSelectorImpl.java:278)
 sun.nio.ch.WindowsSelectorImpl.doSelect(WindowsSelectorImpl.java:159)
 sun.nio.ch.SelectorImpl.lockAndDoSelect(SelectorImpl.java:86)
 sun.nio.ch.SelectorImpl.select(SelectorImpl.java:97)
 org.apache.http.impl.nio.reactor.AbstractIOReactor.execute(AbstractIOReactor.java:255)
 org.apache.http.impl.nio.reactor.BaseIOReactor.execute(BaseIOReactor.java:104)
 org.apache.http.impl.nio.reactor.AbstractMultiworkerIOReactor$Worker.run(AbstractMultiworkerIOReactor.java:591)
 java.lang.Thread.run(Thread.java:750)

2025-08-25 11:32:44,467 WARN The web application [nacos] appears to have started a thread named [nacos-http-async-client#I/O Reactor.8] but has failed to stop it. This is very likely to create a memory leak. Stack trace of thread:
 sun.nio.ch.WindowsSelectorImpl$SubSelector.poll0(Native Method)
 sun.nio.ch.WindowsSelectorImpl$SubSelector.poll(WindowsSelectorImpl.java:296)
 sun.nio.ch.WindowsSelectorImpl$SubSelector.access$400(WindowsSelectorImpl.java:278)
 sun.nio.ch.WindowsSelectorImpl.doSelect(WindowsSelectorImpl.java:159)
 sun.nio.ch.SelectorImpl.lockAndDoSelect(SelectorImpl.java:86)
 sun.nio.ch.SelectorImpl.select(SelectorImpl.java:97)
 org.apache.http.impl.nio.reactor.AbstractIOReactor.execute(AbstractIOReactor.java:255)
 org.apache.http.impl.nio.reactor.BaseIOReactor.execute(BaseIOReactor.java:104)
 org.apache.http.impl.nio.reactor.AbstractMultiworkerIOReactor$Worker.run(AbstractMultiworkerIOReactor.java:591)
 java.lang.Thread.run(Thread.java:750)

2025-08-25 11:32:44,467 WARN The web application [nacos] appears to have started a thread named [nacos-http-async-client#I/O Reactor.9] but has failed to stop it. This is very likely to create a memory leak. Stack trace of thread:
 sun.nio.ch.WindowsSelectorImpl$SubSelector.poll0(Native Method)
 sun.nio.ch.WindowsSelectorImpl$SubSelector.poll(WindowsSelectorImpl.java:296)
 sun.nio.ch.WindowsSelectorImpl$SubSelector.access$400(WindowsSelectorImpl.java:278)
 sun.nio.ch.WindowsSelectorImpl.doSelect(WindowsSelectorImpl.java:159)
 sun.nio.ch.SelectorImpl.lockAndDoSelect(SelectorImpl.java:86)
 sun.nio.ch.SelectorImpl.select(SelectorImpl.java:97)
 org.apache.http.impl.nio.reactor.AbstractIOReactor.execute(AbstractIOReactor.java:255)
 org.apache.http.impl.nio.reactor.BaseIOReactor.execute(BaseIOReactor.java:104)
 org.apache.http.impl.nio.reactor.AbstractMultiworkerIOReactor$Worker.run(AbstractMultiworkerIOReactor.java:591)
 java.lang.Thread.run(Thread.java:750)

2025-08-25 11:32:44,467 WARN The web application [nacos] appears to have started a thread named [nacos-http-async-client#I/O Reactor.10] but has failed to stop it. This is very likely to create a memory leak. Stack trace of thread:
 sun.nio.ch.WindowsSelectorImpl$SubSelector.poll0(Native Method)
 sun.nio.ch.WindowsSelectorImpl$SubSelector.poll(WindowsSelectorImpl.java:296)
 sun.nio.ch.WindowsSelectorImpl$SubSelector.access$400(WindowsSelectorImpl.java:278)
 sun.nio.ch.WindowsSelectorImpl.doSelect(WindowsSelectorImpl.java:159)
 sun.nio.ch.SelectorImpl.lockAndDoSelect(SelectorImpl.java:86)
 sun.nio.ch.SelectorImpl.select(SelectorImpl.java:97)
 org.apache.http.impl.nio.reactor.AbstractIOReactor.execute(AbstractIOReactor.java:255)
 org.apache.http.impl.nio.reactor.BaseIOReactor.execute(BaseIOReactor.java:104)
 org.apache.http.impl.nio.reactor.AbstractMultiworkerIOReactor$Worker.run(AbstractMultiworkerIOReactor.java:591)
 java.lang.Thread.run(Thread.java:750)

2025-08-25 11:32:44,467 WARN The web application [nacos] appears to have started a thread named [nacos-http-async-client#I/O Reactor.11] but has failed to stop it. This is very likely to create a memory leak. Stack trace of thread:
 sun.nio.ch.WindowsSelectorImpl$SubSelector.poll0(Native Method)
 sun.nio.ch.WindowsSelectorImpl$SubSelector.poll(WindowsSelectorImpl.java:296)
 sun.nio.ch.WindowsSelectorImpl$SubSelector.access$400(WindowsSelectorImpl.java:278)
 sun.nio.ch.WindowsSelectorImpl.doSelect(WindowsSelectorImpl.java:159)
 sun.nio.ch.SelectorImpl.lockAndDoSelect(SelectorImpl.java:86)
 sun.nio.ch.SelectorImpl.select(SelectorImpl.java:97)
 org.apache.http.impl.nio.reactor.AbstractIOReactor.execute(AbstractIOReactor.java:255)
 org.apache.http.impl.nio.reactor.BaseIOReactor.execute(BaseIOReactor.java:104)
 org.apache.http.impl.nio.reactor.AbstractMultiworkerIOReactor$Worker.run(AbstractMultiworkerIOReactor.java:591)
 java.lang.Thread.run(Thread.java:750)

2025-08-25 11:32:44,468 WARN The web application [nacos] appears to have started a thread named [nacos-http-async-client#I/O Reactor.12] but has failed to stop it. This is very likely to create a memory leak. Stack trace of thread:
 sun.nio.ch.WindowsSelectorImpl$SubSelector.poll0(Native Method)
 sun.nio.ch.WindowsSelectorImpl$SubSelector.poll(WindowsSelectorImpl.java:296)
 sun.nio.ch.WindowsSelectorImpl$SubSelector.access$400(WindowsSelectorImpl.java:278)
 sun.nio.ch.WindowsSelectorImpl.doSelect(WindowsSelectorImpl.java:159)
 sun.nio.ch.SelectorImpl.lockAndDoSelect(SelectorImpl.java:86)
 sun.nio.ch.SelectorImpl.select(SelectorImpl.java:97)
 org.apache.http.impl.nio.reactor.AbstractIOReactor.execute(AbstractIOReactor.java:255)
 org.apache.http.impl.nio.reactor.BaseIOReactor.execute(BaseIOReactor.java:104)
 org.apache.http.impl.nio.reactor.AbstractMultiworkerIOReactor$Worker.run(AbstractMultiworkerIOReactor.java:591)
 java.lang.Thread.run(Thread.java:750)

2025-08-25 11:32:44,468 WARN The web application [nacos] appears to have started a thread named [nacos-http-async-client#I/O Reactor.13] but has failed to stop it. This is very likely to create a memory leak. Stack trace of thread:
 sun.nio.ch.WindowsSelectorImpl$SubSelector.poll0(Native Method)
 sun.nio.ch.WindowsSelectorImpl$SubSelector.poll(WindowsSelectorImpl.java:296)
 sun.nio.ch.WindowsSelectorImpl$SubSelector.access$400(WindowsSelectorImpl.java:278)
 sun.nio.ch.WindowsSelectorImpl.doSelect(WindowsSelectorImpl.java:159)
 sun.nio.ch.SelectorImpl.lockAndDoSelect(SelectorImpl.java:86)
 sun.nio.ch.SelectorImpl.select(SelectorImpl.java:97)
 org.apache.http.impl.nio.reactor.AbstractIOReactor.execute(AbstractIOReactor.java:255)
 org.apache.http.impl.nio.reactor.BaseIOReactor.execute(BaseIOReactor.java:104)
 org.apache.http.impl.nio.reactor.AbstractMultiworkerIOReactor$Worker.run(AbstractMultiworkerIOReactor.java:591)
 java.lang.Thread.run(Thread.java:750)

2025-08-25 11:32:44,468 WARN The web application [nacos] appears to have started a thread named [nacos-http-async-client#I/O Reactor.14] but has failed to stop it. This is very likely to create a memory leak. Stack trace of thread:
 sun.nio.ch.WindowsSelectorImpl$SubSelector.poll0(Native Method)
 sun.nio.ch.WindowsSelectorImpl$SubSelector.poll(WindowsSelectorImpl.java:296)
 sun.nio.ch.WindowsSelectorImpl$SubSelector.access$400(WindowsSelectorImpl.java:278)
 sun.nio.ch.WindowsSelectorImpl.doSelect(WindowsSelectorImpl.java:159)
 sun.nio.ch.SelectorImpl.lockAndDoSelect(SelectorImpl.java:86)
 sun.nio.ch.SelectorImpl.select(SelectorImpl.java:97)
 org.apache.http.impl.nio.reactor.AbstractIOReactor.execute(AbstractIOReactor.java:255)
 org.apache.http.impl.nio.reactor.BaseIOReactor.execute(BaseIOReactor.java:104)
 org.apache.http.impl.nio.reactor.AbstractMultiworkerIOReactor$Worker.run(AbstractMultiworkerIOReactor.java:591)
 java.lang.Thread.run(Thread.java:750)

2025-08-25 11:32:44,469 WARN The web application [nacos] appears to have started a thread named [nacos-http-async-client#I/O Reactor.15] but has failed to stop it. This is very likely to create a memory leak. Stack trace of thread:
 sun.nio.ch.WindowsSelectorImpl$SubSelector.poll0(Native Method)
 sun.nio.ch.WindowsSelectorImpl$SubSelector.poll(WindowsSelectorImpl.java:296)
 sun.nio.ch.WindowsSelectorImpl$SubSelector.access$400(WindowsSelectorImpl.java:278)
 sun.nio.ch.WindowsSelectorImpl.doSelect(WindowsSelectorImpl.java:159)
 sun.nio.ch.SelectorImpl.lockAndDoSelect(SelectorImpl.java:86)
 sun.nio.ch.SelectorImpl.select(SelectorImpl.java:97)
 org.apache.http.impl.nio.reactor.AbstractIOReactor.execute(AbstractIOReactor.java:255)
 org.apache.http.impl.nio.reactor.BaseIOReactor.execute(BaseIOReactor.java:104)
 org.apache.http.impl.nio.reactor.AbstractMultiworkerIOReactor$Worker.run(AbstractMultiworkerIOReactor.java:591)
 java.lang.Thread.run(Thread.java:750)

2025-08-25 11:32:44,469 WARN The web application [nacos] appears to have started a thread named [nacos-http-async-client#I/O Reactor.16] but has failed to stop it. This is very likely to create a memory leak. Stack trace of thread:
 sun.nio.ch.WindowsSelectorImpl$SubSelector.poll0(Native Method)
 sun.nio.ch.WindowsSelectorImpl$SubSelector.poll(WindowsSelectorImpl.java:296)
 sun.nio.ch.WindowsSelectorImpl$SubSelector.access$400(WindowsSelectorImpl.java:278)
 sun.nio.ch.WindowsSelectorImpl.doSelect(WindowsSelectorImpl.java:159)
 sun.nio.ch.SelectorImpl.lockAndDoSelect(SelectorImpl.java:86)
 sun.nio.ch.SelectorImpl.select(SelectorImpl.java:97)
 org.apache.http.impl.nio.reactor.AbstractIOReactor.execute(AbstractIOReactor.java:255)
 org.apache.http.impl.nio.reactor.BaseIOReactor.execute(BaseIOReactor.java:104)
 org.apache.http.impl.nio.reactor.AbstractMultiworkerIOReactor$Worker.run(AbstractMultiworkerIOReactor.java:591)
 java.lang.Thread.run(Thread.java:750)

2025-08-25 11:32:44,469 WARN The web application [nacos] appears to have started a thread named [nacos-http-async-client#I/O Reactor.17] but has failed to stop it. This is very likely to create a memory leak. Stack trace of thread:
 sun.nio.ch.WindowsSelectorImpl$SubSelector.poll0(Native Method)
 sun.nio.ch.WindowsSelectorImpl$SubSelector.poll(WindowsSelectorImpl.java:296)
 sun.nio.ch.WindowsSelectorImpl$SubSelector.access$400(WindowsSelectorImpl.java:278)
 sun.nio.ch.WindowsSelectorImpl.doSelect(WindowsSelectorImpl.java:159)
 sun.nio.ch.SelectorImpl.lockAndDoSelect(SelectorImpl.java:86)
 sun.nio.ch.SelectorImpl.select(SelectorImpl.java:97)
 org.apache.http.impl.nio.reactor.AbstractIOReactor.execute(AbstractIOReactor.java:255)
 org.apache.http.impl.nio.reactor.BaseIOReactor.execute(BaseIOReactor.java:104)
 org.apache.http.impl.nio.reactor.AbstractMultiworkerIOReactor$Worker.run(AbstractMultiworkerIOReactor.java:591)
 java.lang.Thread.run(Thread.java:750)

2025-08-25 11:32:44,469 WARN The web application [nacos] appears to have started a thread named [nacos-http-async-client#I/O Reactor.18] but has failed to stop it. This is very likely to create a memory leak. Stack trace of thread:
 sun.nio.ch.WindowsSelectorImpl$SubSelector.poll0(Native Method)
 sun.nio.ch.WindowsSelectorImpl$SubSelector.poll(WindowsSelectorImpl.java:296)
 sun.nio.ch.WindowsSelectorImpl$SubSelector.access$400(WindowsSelectorImpl.java:278)
 sun.nio.ch.WindowsSelectorImpl.doSelect(WindowsSelectorImpl.java:159)
 sun.nio.ch.SelectorImpl.lockAndDoSelect(SelectorImpl.java:86)
 sun.nio.ch.SelectorImpl.select(SelectorImpl.java:97)
 org.apache.http.impl.nio.reactor.AbstractIOReactor.execute(AbstractIOReactor.java:255)
 org.apache.http.impl.nio.reactor.BaseIOReactor.execute(BaseIOReactor.java:104)
 org.apache.http.impl.nio.reactor.AbstractMultiworkerIOReactor$Worker.run(AbstractMultiworkerIOReactor.java:591)
 java.lang.Thread.run(Thread.java:750)

2025-08-25 11:32:44,469 WARN The web application [nacos] appears to have started a thread named [nacos-http-async-client#I/O Reactor.19] but has failed to stop it. This is very likely to create a memory leak. Stack trace of thread:
 sun.nio.ch.WindowsSelectorImpl$SubSelector.poll0(Native Method)
 sun.nio.ch.WindowsSelectorImpl$SubSelector.poll(WindowsSelectorImpl.java:296)
 sun.nio.ch.WindowsSelectorImpl$SubSelector.access$400(WindowsSelectorImpl.java:278)
 sun.nio.ch.WindowsSelectorImpl.doSelect(WindowsSelectorImpl.java:159)
 sun.nio.ch.SelectorImpl.lockAndDoSelect(SelectorImpl.java:86)
 sun.nio.ch.SelectorImpl.select(SelectorImpl.java:97)
 org.apache.http.impl.nio.reactor.AbstractIOReactor.execute(AbstractIOReactor.java:255)
 org.apache.http.impl.nio.reactor.BaseIOReactor.execute(BaseIOReactor.java:104)
 org.apache.http.impl.nio.reactor.AbstractMultiworkerIOReactor$Worker.run(AbstractMultiworkerIOReactor.java:591)
 java.lang.Thread.run(Thread.java:750)

2025-08-25 11:32:44,470 WARN The web application [nacos] appears to have started a thread named [nacos-http-async-client#I/O Reactor.20] but has failed to stop it. This is very likely to create a memory leak. Stack trace of thread:
 sun.nio.ch.WindowsSelectorImpl$SubSelector.poll0(Native Method)
 sun.nio.ch.WindowsSelectorImpl$SubSelector.poll(WindowsSelectorImpl.java:296)
 sun.nio.ch.WindowsSelectorImpl$SubSelector.access$400(WindowsSelectorImpl.java:278)
 sun.nio.ch.WindowsSelectorImpl.doSelect(WindowsSelectorImpl.java:159)
 sun.nio.ch.SelectorImpl.lockAndDoSelect(SelectorImpl.java:86)
 sun.nio.ch.SelectorImpl.select(SelectorImpl.java:97)
 org.apache.http.impl.nio.reactor.AbstractIOReactor.execute(AbstractIOReactor.java:255)
 org.apache.http.impl.nio.reactor.BaseIOReactor.execute(BaseIOReactor.java:104)
 org.apache.http.impl.nio.reactor.AbstractMultiworkerIOReactor$Worker.run(AbstractMultiworkerIOReactor.java:591)
 java.lang.Thread.run(Thread.java:750)

2025-08-25 11:32:44,470 WARN The web application [nacos] appears to have started a thread named [nacos-http-async-client#I/O Reactor.21] but has failed to stop it. This is very likely to create a memory leak. Stack trace of thread:
 sun.nio.ch.WindowsSelectorImpl$SubSelector.poll0(Native Method)
 sun.nio.ch.WindowsSelectorImpl$SubSelector.poll(WindowsSelectorImpl.java:296)
 sun.nio.ch.WindowsSelectorImpl$SubSelector.access$400(WindowsSelectorImpl.java:278)
 sun.nio.ch.WindowsSelectorImpl.doSelect(WindowsSelectorImpl.java:159)
 sun.nio.ch.SelectorImpl.lockAndDoSelect(SelectorImpl.java:86)
 sun.nio.ch.SelectorImpl.select(SelectorImpl.java:97)
 org.apache.http.impl.nio.reactor.AbstractIOReactor.execute(AbstractIOReactor.java:255)
 org.apache.http.impl.nio.reactor.BaseIOReactor.execute(BaseIOReactor.java:104)
 org.apache.http.impl.nio.reactor.AbstractMultiworkerIOReactor$Worker.run(AbstractMultiworkerIOReactor.java:591)
 java.lang.Thread.run(Thread.java:750)

2025-08-25 11:32:44,470 WARN The web application [nacos] appears to have started a thread named [nacos-http-async-client#I/O Reactor.22] but has failed to stop it. This is very likely to create a memory leak. Stack trace of thread:
 sun.nio.ch.WindowsSelectorImpl$SubSelector.poll0(Native Method)
 sun.nio.ch.WindowsSelectorImpl$SubSelector.poll(WindowsSelectorImpl.java:296)
 sun.nio.ch.WindowsSelectorImpl$SubSelector.access$400(WindowsSelectorImpl.java:278)
 sun.nio.ch.WindowsSelectorImpl.doSelect(WindowsSelectorImpl.java:159)
 sun.nio.ch.SelectorImpl.lockAndDoSelect(SelectorImpl.java:86)
 sun.nio.ch.SelectorImpl.select(SelectorImpl.java:97)
 org.apache.http.impl.nio.reactor.AbstractIOReactor.execute(AbstractIOReactor.java:255)
 org.apache.http.impl.nio.reactor.BaseIOReactor.execute(BaseIOReactor.java:104)
 org.apache.http.impl.nio.reactor.AbstractMultiworkerIOReactor$Worker.run(AbstractMultiworkerIOReactor.java:591)
 java.lang.Thread.run(Thread.java:750)

2025-08-25 11:32:44,470 WARN The web application [nacos] appears to have started a thread named [nacos-http-async-client#I/O Reactor.23] but has failed to stop it. This is very likely to create a memory leak. Stack trace of thread:
 sun.nio.ch.WindowsSelectorImpl$SubSelector.poll0(Native Method)
 sun.nio.ch.WindowsSelectorImpl$SubSelector.poll(WindowsSelectorImpl.java:296)
 sun.nio.ch.WindowsSelectorImpl$SubSelector.access$400(WindowsSelectorImpl.java:278)
 sun.nio.ch.WindowsSelectorImpl.doSelect(WindowsSelectorImpl.java:159)
 sun.nio.ch.SelectorImpl.lockAndDoSelect(SelectorImpl.java:86)
 sun.nio.ch.SelectorImpl.select(SelectorImpl.java:97)
 org.apache.http.impl.nio.reactor.AbstractIOReactor.execute(AbstractIOReactor.java:255)
 org.apache.http.impl.nio.reactor.BaseIOReactor.execute(BaseIOReactor.java:104)
 org.apache.http.impl.nio.reactor.AbstractMultiworkerIOReactor$Worker.run(AbstractMultiworkerIOReactor.java:591)
 java.lang.Thread.run(Thread.java:750)

2025-08-25 11:32:44,471 WARN The web application [nacos] appears to have started a thread named [nacos-http-async-client#I/O Reactor.24] but has failed to stop it. This is very likely to create a memory leak. Stack trace of thread:
 sun.nio.ch.WindowsSelectorImpl$SubSelector.poll0(Native Method)
 sun.nio.ch.WindowsSelectorImpl$SubSelector.poll(WindowsSelectorImpl.java:296)
 sun.nio.ch.WindowsSelectorImpl$SubSelector.access$400(WindowsSelectorImpl.java:278)
 sun.nio.ch.WindowsSelectorImpl.doSelect(WindowsSelectorImpl.java:159)
 sun.nio.ch.SelectorImpl.lockAndDoSelect(SelectorImpl.java:86)
 sun.nio.ch.SelectorImpl.select(SelectorImpl.java:97)
 org.apache.http.impl.nio.reactor.AbstractIOReactor.execute(AbstractIOReactor.java:255)
 org.apache.http.impl.nio.reactor.BaseIOReactor.execute(BaseIOReactor.java:104)
 org.apache.http.impl.nio.reactor.AbstractMultiworkerIOReactor$Worker.run(AbstractMultiworkerIOReactor.java:591)
 java.lang.Thread.run(Thread.java:750)

2025-08-25 11:32:44,471 WARN The web application [nacos] appears to have started a thread named [nacos-http-async-client#I/O Reactor.25] but has failed to stop it. This is very likely to create a memory leak. Stack trace of thread:
 sun.nio.ch.WindowsSelectorImpl$SubSelector.poll0(Native Method)
 sun.nio.ch.WindowsSelectorImpl$SubSelector.poll(WindowsSelectorImpl.java:296)
 sun.nio.ch.WindowsSelectorImpl$SubSelector.access$400(WindowsSelectorImpl.java:278)
 sun.nio.ch.WindowsSelectorImpl.doSelect(WindowsSelectorImpl.java:159)
 sun.nio.ch.SelectorImpl.lockAndDoSelect(SelectorImpl.java:86)
 sun.nio.ch.SelectorImpl.select(SelectorImpl.java:97)
 org.apache.http.impl.nio.reactor.AbstractIOReactor.execute(AbstractIOReactor.java:255)
 org.apache.http.impl.nio.reactor.BaseIOReactor.execute(BaseIOReactor.java:104)
 org.apache.http.impl.nio.reactor.AbstractMultiworkerIOReactor$Worker.run(AbstractMultiworkerIOReactor.java:591)
 java.lang.Thread.run(Thread.java:750)

2025-08-25 11:32:44,471 WARN The web application [nacos] appears to have started a thread named [nacos-http-async-client#I/O Reactor.26] but has failed to stop it. This is very likely to create a memory leak. Stack trace of thread:
 sun.nio.ch.WindowsSelectorImpl$SubSelector.poll0(Native Method)
 sun.nio.ch.WindowsSelectorImpl$SubSelector.poll(WindowsSelectorImpl.java:296)
 sun.nio.ch.WindowsSelectorImpl$SubSelector.access$400(WindowsSelectorImpl.java:278)
 sun.nio.ch.WindowsSelectorImpl.doSelect(WindowsSelectorImpl.java:159)
 sun.nio.ch.SelectorImpl.lockAndDoSelect(SelectorImpl.java:86)
 sun.nio.ch.SelectorImpl.select(SelectorImpl.java:97)
 org.apache.http.impl.nio.reactor.AbstractIOReactor.execute(AbstractIOReactor.java:255)
 org.apache.http.impl.nio.reactor.BaseIOReactor.execute(BaseIOReactor.java:104)
 org.apache.http.impl.nio.reactor.AbstractMultiworkerIOReactor$Worker.run(AbstractMultiworkerIOReactor.java:591)
 java.lang.Thread.run(Thread.java:750)

2025-08-25 11:32:44,472 WARN The web application [nacos] appears to have started a thread named [nacos-http-async-client#I/O Reactor.27] but has failed to stop it. This is very likely to create a memory leak. Stack trace of thread:
 sun.nio.ch.WindowsSelectorImpl$SubSelector.poll0(Native Method)
 sun.nio.ch.WindowsSelectorImpl$SubSelector.poll(WindowsSelectorImpl.java:296)
 sun.nio.ch.WindowsSelectorImpl$SubSelector.access$400(WindowsSelectorImpl.java:278)
 sun.nio.ch.WindowsSelectorImpl.doSelect(WindowsSelectorImpl.java:159)
 sun.nio.ch.SelectorImpl.lockAndDoSelect(SelectorImpl.java:86)
 sun.nio.ch.SelectorImpl.select(SelectorImpl.java:97)
 org.apache.http.impl.nio.reactor.AbstractIOReactor.execute(AbstractIOReactor.java:255)
 org.apache.http.impl.nio.reactor.BaseIOReactor.execute(BaseIOReactor.java:104)
 org.apache.http.impl.nio.reactor.AbstractMultiworkerIOReactor$Worker.run(AbstractMultiworkerIOReactor.java:591)
 java.lang.Thread.run(Thread.java:750)

2025-08-25 11:32:44,472 WARN The web application [nacos] appears to have started a thread named [nacos-http-async-client#I/O Reactor.28] but has failed to stop it. This is very likely to create a memory leak. Stack trace of thread:
 sun.nio.ch.WindowsSelectorImpl$SubSelector.poll0(Native Method)
 sun.nio.ch.WindowsSelectorImpl$SubSelector.poll(WindowsSelectorImpl.java:296)
 sun.nio.ch.WindowsSelectorImpl$SubSelector.access$400(WindowsSelectorImpl.java:278)
 sun.nio.ch.WindowsSelectorImpl.doSelect(WindowsSelectorImpl.java:159)
 sun.nio.ch.SelectorImpl.lockAndDoSelect(SelectorImpl.java:86)
 sun.nio.ch.SelectorImpl.select(SelectorImpl.java:97)
 org.apache.http.impl.nio.reactor.AbstractIOReactor.execute(AbstractIOReactor.java:255)
 org.apache.http.impl.nio.reactor.BaseIOReactor.execute(BaseIOReactor.java:104)
 org.apache.http.impl.nio.reactor.AbstractMultiworkerIOReactor$Worker.run(AbstractMultiworkerIOReactor.java:591)
 java.lang.Thread.run(Thread.java:750)

2025-08-25 11:32:44,472 WARN The web application [nacos] appears to have started a thread named [nacos-http-async-client#I/O Reactor.29] but has failed to stop it. This is very likely to create a memory leak. Stack trace of thread:
 sun.nio.ch.WindowsSelectorImpl$SubSelector.poll0(Native Method)
 sun.nio.ch.WindowsSelectorImpl$SubSelector.poll(WindowsSelectorImpl.java:296)
 sun.nio.ch.WindowsSelectorImpl$SubSelector.access$400(WindowsSelectorImpl.java:278)
 sun.nio.ch.WindowsSelectorImpl.doSelect(WindowsSelectorImpl.java:159)
 sun.nio.ch.SelectorImpl.lockAndDoSelect(SelectorImpl.java:86)
 sun.nio.ch.SelectorImpl.select(SelectorImpl.java:97)
 org.apache.http.impl.nio.reactor.AbstractIOReactor.execute(AbstractIOReactor.java:255)
 org.apache.http.impl.nio.reactor.BaseIOReactor.execute(BaseIOReactor.java:104)
 org.apache.http.impl.nio.reactor.AbstractMultiworkerIOReactor$Worker.run(AbstractMultiworkerIOReactor.java:591)
 java.lang.Thread.run(Thread.java:750)

2025-08-25 11:32:44,472 WARN The web application [nacos] appears to have started a thread named [nacos-http-async-client#I/O Reactor.30] but has failed to stop it. This is very likely to create a memory leak. Stack trace of thread:
 sun.nio.ch.WindowsSelectorImpl$SubSelector.poll0(Native Method)
 sun.nio.ch.WindowsSelectorImpl$SubSelector.poll(WindowsSelectorImpl.java:296)
 sun.nio.ch.WindowsSelectorImpl$SubSelector.access$400(WindowsSelectorImpl.java:278)
 sun.nio.ch.WindowsSelectorImpl.doSelect(WindowsSelectorImpl.java:159)
 sun.nio.ch.SelectorImpl.lockAndDoSelect(SelectorImpl.java:86)
 sun.nio.ch.SelectorImpl.select(SelectorImpl.java:97)
 org.apache.http.impl.nio.reactor.AbstractIOReactor.execute(AbstractIOReactor.java:255)
 org.apache.http.impl.nio.reactor.BaseIOReactor.execute(BaseIOReactor.java:104)
 org.apache.http.impl.nio.reactor.AbstractMultiworkerIOReactor$Worker.run(AbstractMultiworkerIOReactor.java:591)
 java.lang.Thread.run(Thread.java:750)

2025-08-25 11:32:44,472 WARN The web application [nacos] appears to have started a thread named [nacos-http-async-client#I/O Reactor.31] but has failed to stop it. This is very likely to create a memory leak. Stack trace of thread:
 sun.nio.ch.WindowsSelectorImpl$SubSelector.poll0(Native Method)
 sun.nio.ch.WindowsSelectorImpl$SubSelector.poll(WindowsSelectorImpl.java:296)
 sun.nio.ch.WindowsSelectorImpl$SubSelector.access$400(WindowsSelectorImpl.java:278)
 sun.nio.ch.WindowsSelectorImpl.doSelect(WindowsSelectorImpl.java:159)
 sun.nio.ch.SelectorImpl.lockAndDoSelect(SelectorImpl.java:86)
 sun.nio.ch.SelectorImpl.select(SelectorImpl.java:97)
 org.apache.http.impl.nio.reactor.AbstractIOReactor.execute(AbstractIOReactor.java:255)
 org.apache.http.impl.nio.reactor.BaseIOReactor.execute(BaseIOReactor.java:104)
 org.apache.http.impl.nio.reactor.AbstractMultiworkerIOReactor$Worker.run(AbstractMultiworkerIOReactor.java:591)
 java.lang.Thread.run(Thread.java:750)

2025-08-25 11:32:44,474 WARN Exception encountered during context initialization - cancelling refresh attempt: org.springframework.context.ApplicationContextException: Unable to start web server; nested exception is org.springframework.boot.web.server.WebServerException: Unable to start embedded Tomcat

2025-08-25 11:32:44,476 INFO Nacos Log files: D:\CODE\Memorin-rebuild\infrastructure\nacos\logs

2025-08-25 11:32:44,476 INFO Nacos Log files: D:\CODE\Memorin-rebuild\infrastructure\nacos\conf

2025-08-25 11:32:44,477 INFO Nacos Log files: D:\CODE\Memorin-rebuild\infrastructure\nacos\data

2025-08-25 11:32:44,479 ERROR Startup errors : 

org.springframework.context.ApplicationContextException: Unable to start web server; nested exception is org.springframework.boot.web.server.WebServerException: Unable to start embedded Tomcat
	at org.springframework.boot.web.servlet.context.ServletWebServerApplicationContext.onRefresh(ServletWebServerApplicationContext.java:165)
	at org.springframework.context.support.AbstractApplicationContext.refresh(AbstractApplicationContext.java:585)
	at org.springframework.boot.web.servlet.context.ServletWebServerApplicationContext.refresh(ServletWebServerApplicationContext.java:147)
	at org.springframework.boot.SpringApplication.refresh(SpringApplication.java:732)
	at org.springframework.boot.SpringApplication.refreshContext(SpringApplication.java:409)
	at org.springframework.boot.SpringApplication.run(SpringApplication.java:308)
	at org.springframework.boot.SpringApplication.run(SpringApplication.java:1300)
	at org.springframework.boot.SpringApplication.run(SpringApplication.java:1289)
	at com.alibaba.nacos.Nacos.main(Nacos.java:48)
	at sun.reflect.NativeMethodAccessorImpl.invoke0(Native Method)
	at sun.reflect.NativeMethodAccessorImpl.invoke(NativeMethodAccessorImpl.java:62)
	at sun.reflect.DelegatingMethodAccessorImpl.invoke(DelegatingMethodAccessorImpl.java:43)
	at java.lang.reflect.Method.invoke(Method.java:498)
	at org.springframework.boot.loader.MainMethodRunner.run(MainMethodRunner.java:49)
	at org.springframework.boot.loader.Launcher.launch(Launcher.java:108)
	at org.springframework.boot.loader.Launcher.launch(Launcher.java:58)
	at org.springframework.boot.loader.PropertiesLauncher.main(PropertiesLauncher.java:467)
Caused by: org.springframework.boot.web.server.WebServerException: Unable to start embedded Tomcat
	at org.springframework.boot.web.embedded.tomcat.TomcatWebServer.initialize(TomcatWebServer.java:142)
	at org.springframework.boot.web.embedded.tomcat.TomcatWebServer.<init>(TomcatWebServer.java:104)
	at org.springframework.boot.web.embedded.tomcat.TomcatServletWebServerFactory.getTomcatWebServer(TomcatServletWebServerFactory.java:481)
	at org.springframework.boot.web.embedded.tomcat.TomcatServletWebServerFactory.getWebServer(TomcatServletWebServerFactory.java:211)
	at org.springframework.boot.web.servlet.context.ServletWebServerApplicationContext.createWebServer(ServletWebServerApplicationContext.java:184)
	at org.springframework.boot.web.servlet.context.ServletWebServerApplicationContext.onRefresh(ServletWebServerApplicationContext.java:162)
	... 16 common frames omitted
Caused by: org.springframework.beans.factory.BeanCreationException: Error creating bean with name 'distroFilterRegistration' defined in class path resource [com/alibaba/nacos/naming/web/NamingConfig.class]: Bean instantiation via factory method failed; nested exception is org.springframework.beans.BeanInstantiationException: Failed to instantiate [org.springframework.boot.web.servlet.FilterRegistrationBean]: Factory method 'distroFilterRegistration' threw exception; nested exception is org.springframework.beans.factory.UnsatisfiedDependencyException: Error creating bean with name 'distroFilter': Unsatisfied dependency expressed through field 'distroMapper'; nested exception is org.springframework.beans.factory.UnsatisfiedDependencyException: Error creating bean with name 'distroMapper' defined in URL [jar:file:/D:/CODE/Memorin-rebuild/infrastructure/nacos/target/nacos-server.jar!/BOOT-INF/lib/nacos-naming-2.3.2.jar!/com/alibaba/nacos/naming/core/DistroMapper.class]: Unsatisfied dependency expressed through constructor parameter 0; nested exception is org.springframework.beans.factory.BeanCreationException: Error creating bean with name 'serverMemberManager' defined in URL [jar:file:/D:/CODE/Memorin-rebuild/infrastructure/nacos/target/nacos-server.jar!/BOOT-INF/lib/nacos-core-2.3.2.jar!/com/alibaba/nacos/core/cluster/ServerMemberManager.class]: Bean instantiation via constructor failed; nested exception is org.springframework.beans.BeanInstantiationException: Failed to instantiate [com.alibaba.nacos.core.cluster.ServerMemberManager]: Constructor threw exception; nested exception is ErrCode:500, ErrMsg:jmenv.tbsite.net
	at org.springframework.beans.factory.support.ConstructorResolver.instantiate(ConstructorResolver.java:653)
	at org.springframework.beans.factory.support.ConstructorResolver.instantiateUsingFactoryMethod(ConstructorResolver.java:481)
	at org.springframework.beans.factory.support.AbstractAutowireCapableBeanFactory.instantiateUsingFactoryMethod(AbstractAutowireCapableBeanFactory.java:1352)
	at org.springframework.beans.factory.support.AbstractAutowireCapableBeanFactory.createBeanInstance(AbstractAutowireCapableBeanFactory.java:1195)
	at org.springframework.beans.factory.support.AbstractAutowireCapableBeanFactory.doCreateBean(AbstractAutowireCapableBeanFactory.java:582)
	at org.springframework.beans.factory.support.AbstractAutowireCapableBeanFactory.createBean(AbstractAutowireCapableBeanFactory.java:542)
	at org.springframework.beans.factory.support.AbstractBeanFactory.lambda$doGetBean$0(AbstractBeanFactory.java:335)
	at org.springframework.beans.factory.support.DefaultSingletonBeanRegistry.getSingleton(DefaultSingletonBeanRegistry.java:234)
	at org.springframework.beans.factory.support.AbstractBeanFactory.doGetBean(AbstractBeanFactory.java:333)
	at org.springframework.beans.factory.support.AbstractBeanFactory.getBean(AbstractBeanFactory.java:213)
	at org.springframework.boot.web.servlet.ServletContextInitializerBeans.getOrderedBeansOfType(ServletContextInitializerBeans.java:213)
	at org.springframework.boot.web.servlet.ServletContextInitializerBeans.getOrderedBeansOfType(ServletContextInitializerBeans.java:204)
	at org.springframework.boot.web.servlet.ServletContextInitializerBeans.addServletContextInitializerBeans(ServletContextInitializerBeans.java:98)
	at org.springframework.boot.web.servlet.ServletContextInitializerBeans.<init>(ServletContextInitializerBeans.java:86)
	at org.springframework.boot.web.servlet.context.ServletWebServerApplicationContext.getServletContextInitializerBeans(ServletWebServerApplicationContext.java:262)
	at org.springframework.boot.web.servlet.context.ServletWebServerApplicationContext.selfInitialize(ServletWebServerApplicationContext.java:236)
	at org.springframework.boot.web.embedded.tomcat.TomcatStarter.onStartup(TomcatStarter.java:53)
	at org.apache.catalina.core.StandardContext.startInternal(StandardContext.java:4904)
	at org.apache.catalina.util.LifecycleBase.start(LifecycleBase.java:171)
	at org.apache.catalina.core.ContainerBase$StartChild.call(ContainerBase.java:1332)
	at org.apache.catalina.core.ContainerBase$StartChild.call(ContainerBase.java:1322)
	at java.util.concurrent.FutureTask.run(FutureTask.java:266)
	at org.apache.tomcat.util.threads.InlineExecutorService.execute(InlineExecutorService.java:75)
	at java.util.concurrent.AbstractExecutorService.submit(AbstractExecutorService.java:134)
	at org.apache.catalina.core.ContainerBase.startInternal(ContainerBase.java:866)
	at org.apache.catalina.core.StandardHost.startInternal(StandardHost.java:794)
	at org.apache.catalina.util.LifecycleBase.start(LifecycleBase.java:171)
	at org.apache.catalina.core.ContainerBase$StartChild.call(ContainerBase.java:1332)
	at org.apache.catalina.core.ContainerBase$StartChild.call(ContainerBase.java:1322)
	at java.util.concurrent.FutureTask.run(FutureTask.java:266)
	at org.apache.tomcat.util.threads.InlineExecutorService.execute(InlineExecutorService.java:75)
	at java.util.concurrent.AbstractExecutorService.submit(AbstractExecutorService.java:134)
	at org.apache.catalina.core.ContainerBase.startInternal(ContainerBase.java:866)
	at org.apache.catalina.core.StandardEngine.startInternal(StandardEngine.java:248)
	at org.apache.catalina.util.LifecycleBase.start(LifecycleBase.java:171)
	at org.apache.catalina.core.StandardService.startInternal(StandardService.java:433)
	at org.apache.catalina.util.LifecycleBase.start(LifecycleBase.java:171)
	at org.apache.catalina.core.StandardServer.startInternal(StandardServer.java:921)
	at org.apache.catalina.util.LifecycleBase.start(LifecycleBase.java:171)
	at org.apache.catalina.startup.Tomcat.start(Tomcat.java:489)
	at org.springframework.boot.web.embedded.tomcat.TomcatWebServer.initialize(TomcatWebServer.java:123)
	... 21 common frames omitted
Caused by: org.springframework.beans.BeanInstantiationException: Failed to instantiate [org.springframework.boot.web.servlet.FilterRegistrationBean]: Factory method 'distroFilterRegistration' threw exception; nested exception is org.springframework.beans.factory.UnsatisfiedDependencyException: Error creating bean with name 'distroFilter': Unsatisfied dependency expressed through field 'distroMapper'; nested exception is org.springframework.beans.factory.UnsatisfiedDependencyException: Error creating bean with name 'distroMapper' defined in URL [jar:file:/D:/CODE/Memorin-rebuild/infrastructure/nacos/target/nacos-server.jar!/BOOT-INF/lib/nacos-naming-2.3.2.jar!/com/alibaba/nacos/naming/core/DistroMapper.class]: Unsatisfied dependency expressed through constructor parameter 0; nested exception is org.springframework.beans.factory.BeanCreationException: Error creating bean with name 'serverMemberManager' defined in URL [jar:file:/D:/CODE/Memorin-rebuild/infrastructure/nacos/target/nacos-server.jar!/BOOT-INF/lib/nacos-core-2.3.2.jar!/com/alibaba/nacos/core/cluster/ServerMemberManager.class]: Bean instantiation via constructor failed; nested exception is org.springframework.beans.BeanInstantiationException: Failed to instantiate [com.alibaba.nacos.core.cluster.ServerMemberManager]: Constructor threw exception; nested exception is ErrCode:500, ErrMsg:jmenv.tbsite.net
	at org.springframework.beans.factory.support.SimpleInstantiationStrategy.instantiate(SimpleInstantiationStrategy.java:185)
	at org.springframework.beans.factory.support.ConstructorResolver.instantiate(ConstructorResolver.java:648)
	... 61 common frames omitted
Caused by: org.springframework.beans.factory.UnsatisfiedDependencyException: Error creating bean with name 'distroFilter': Unsatisfied dependency expressed through field 'distroMapper'; nested exception is org.springframework.beans.factory.UnsatisfiedDependencyException: Error creating bean with name 'distroMapper' defined in URL [jar:file:/D:/CODE/Memorin-rebuild/infrastructure/nacos/target/nacos-server.jar!/BOOT-INF/lib/nacos-naming-2.3.2.jar!/com/alibaba/nacos/naming/core/DistroMapper.class]: Unsatisfied dependency expressed through constructor parameter 0; nested exception is org.springframework.beans.factory.BeanCreationException: Error creating bean with name 'serverMemberManager' defined in URL [jar:file:/D:/CODE/Memorin-rebuild/infrastructure/nacos/target/nacos-server.jar!/BOOT-INF/lib/nacos-core-2.3.2.jar!/com/alibaba/nacos/core/cluster/ServerMemberManager.class]: Bean instantiation via constructor failed; nested exception is org.springframework.beans.BeanInstantiationException: Failed to instantiate [com.alibaba.nacos.core.cluster.ServerMemberManager]: Constructor threw exception; nested exception is ErrCode:500, ErrMsg:jmenv.tbsite.net
	at org.springframework.beans.factory.annotation.AutowiredAnnotationBeanPostProcessor$AutowiredFieldElement.resolveFieldValue(AutowiredAnnotationBeanPostProcessor.java:713)
	at org.springframework.beans.factory.annotation.AutowiredAnnotationBeanPostProcessor$AutowiredFieldElement.inject(AutowiredAnnotationBeanPostProcessor.java:693)
	at org.springframework.beans.factory.annotation.InjectionMetadata.inject(InjectionMetadata.java:119)
	at org.springframework.beans.factory.annotation.AutowiredAnnotationBeanPostProcessor.postProcessProperties(AutowiredAnnotationBeanPostProcessor.java:408)
	at org.springframework.beans.factory.support.AbstractAutowireCapableBeanFactory.populateBean(AbstractAutowireCapableBeanFactory.java:1431)
	at org.springframework.beans.factory.support.AbstractAutowireCapableBeanFactory.doCreateBean(AbstractAutowireCapableBeanFactory.java:619)
	at org.springframework.beans.factory.support.AbstractAutowireCapableBeanFactory.createBean(AbstractAutowireCapableBeanFactory.java:542)
	at org.springframework.beans.factory.support.AbstractBeanFactory.lambda$doGetBean$0(AbstractBeanFactory.java:335)
	at org.springframework.beans.factory.support.DefaultSingletonBeanRegistry.getSingleton(DefaultSingletonBeanRegistry.java:234)
	at org.springframework.beans.factory.support.AbstractBeanFactory.doGetBean(AbstractBeanFactory.java:333)
	at org.springframework.beans.factory.support.AbstractBeanFactory.getBean(AbstractBeanFactory.java:208)
	at org.springframework.context.annotation.ConfigurationClassEnhancer$BeanMethodInterceptor.resolveBeanReference(ConfigurationClassEnhancer.java:362)
	at org.springframework.context.annotation.ConfigurationClassEnhancer$BeanMethodInterceptor.intercept(ConfigurationClassEnhancer.java:334)
	at com.alibaba.nacos.naming.web.NamingConfig$$EnhancerBySpringCGLIB$$329ad219.distroFilter(<generated>)
	at com.alibaba.nacos.naming.web.NamingConfig.distroFilterRegistration(NamingConfig.java:48)
	at com.alibaba.nacos.naming.web.NamingConfig$$EnhancerBySpringCGLIB$$329ad219.CGLIB$distroFilterRegistration$1(<generated>)
	at com.alibaba.nacos.naming.web.NamingConfig$$EnhancerBySpringCGLIB$$329ad219$$FastClassBySpringCGLIB$$66848365.invoke(<generated>)
	at org.springframework.cglib.proxy.MethodProxy.invokeSuper(MethodProxy.java:244)
	at org.springframework.context.annotation.ConfigurationClassEnhancer$BeanMethodInterceptor.intercept(ConfigurationClassEnhancer.java:331)
	at com.alibaba.nacos.naming.web.NamingConfig$$EnhancerBySpringCGLIB$$329ad219.distroFilterRegistration(<generated>)
	at sun.reflect.NativeMethodAccessorImpl.invoke0(Native Method)
	at sun.reflect.NativeMethodAccessorImpl.invoke(NativeMethodAccessorImpl.java:62)
	at sun.reflect.DelegatingMethodAccessorImpl.invoke(DelegatingMethodAccessorImpl.java:43)
	at java.lang.reflect.Method.invoke(Method.java:498)
	at org.springframework.beans.factory.support.SimpleInstantiationStrategy.instantiate(SimpleInstantiationStrategy.java:154)
	... 62 common frames omitted
Caused by: org.springframework.beans.factory.UnsatisfiedDependencyException: Error creating bean with name 'distroMapper' defined in URL [jar:file:/D:/CODE/Memorin-rebuild/infrastructure/nacos/target/nacos-server.jar!/BOOT-INF/lib/nacos-naming-2.3.2.jar!/com/alibaba/nacos/naming/core/DistroMapper.class]: Unsatisfied dependency expressed through constructor parameter 0; nested exception is org.springframework.beans.factory.BeanCreationException: Error creating bean with name 'serverMemberManager' defined in URL [jar:file:/D:/CODE/Memorin-rebuild/infrastructure/nacos/target/nacos-server.jar!/BOOT-INF/lib/nacos-core-2.3.2.jar!/com/alibaba/nacos/core/cluster/ServerMemberManager.class]: Bean instantiation via constructor failed; nested exception is org.springframework.beans.BeanInstantiationException: Failed to instantiate [com.alibaba.nacos.core.cluster.ServerMemberManager]: Constructor threw exception; nested exception is ErrCode:500, ErrMsg:jmenv.tbsite.net
	at org.springframework.beans.factory.support.ConstructorResolver.createArgumentArray(ConstructorResolver.java:801)
	at org.springframework.beans.factory.support.ConstructorResolver.autowireConstructor(ConstructorResolver.java:224)
	at org.springframework.beans.factory.support.AbstractAutowireCapableBeanFactory.autowireConstructor(AbstractAutowireCapableBeanFactory.java:1372)
	at org.springframework.beans.factory.support.AbstractAutowireCapableBeanFactory.createBeanInstance(AbstractAutowireCapableBeanFactory.java:1222)
	at org.springframework.beans.factory.support.AbstractAutowireCapableBeanFactory.doCreateBean(AbstractAutowireCapableBeanFactory.java:582)
	at org.springframework.beans.factory.support.AbstractAutowireCapableBeanFactory.createBean(AbstractAutowireCapableBeanFactory.java:542)
	at org.springframework.beans.factory.support.AbstractBeanFactory.lambda$doGetBean$0(AbstractBeanFactory.java:335)
	at org.springframework.beans.factory.support.DefaultSingletonBeanRegistry.getSingleton(DefaultSingletonBeanRegistry.java:234)
	at org.springframework.beans.factory.support.AbstractBeanFactory.doGetBean(AbstractBeanFactory.java:333)
	at org.springframework.beans.factory.support.AbstractBeanFactory.getBean(AbstractBeanFactory.java:208)
	at org.springframework.beans.factory.config.DependencyDescriptor.resolveCandidate(DependencyDescriptor.java:276)
	at org.springframework.beans.factory.support.DefaultListableBeanFactory.doResolveDependency(DefaultListableBeanFactory.java:1391)
	at org.springframework.beans.factory.support.DefaultListableBeanFactory.resolveDependency(DefaultListableBeanFactory.java:1311)
	at org.springframework.beans.factory.annotation.AutowiredAnnotationBeanPostProcessor$AutowiredFieldElement.resolveFieldValue(AutowiredAnnotationBeanPostProcessor.java:710)
	... 86 common frames omitted
Caused by: org.springframework.beans.factory.BeanCreationException: Error creating bean with name 'serverMemberManager' defined in URL [jar:file:/D:/CODE/Memorin-rebuild/infrastructure/nacos/target/nacos-server.jar!/BOOT-INF/lib/nacos-core-2.3.2.jar!/com/alibaba/nacos/core/cluster/ServerMemberManager.class]: Bean instantiation via constructor failed; nested exception is org.springframework.beans.BeanInstantiationException: Failed to instantiate [com.alibaba.nacos.core.cluster.ServerMemberManager]: Constructor threw exception; nested exception is ErrCode:500, ErrMsg:jmenv.tbsite.net
	at org.springframework.beans.factory.support.ConstructorResolver.instantiate(ConstructorResolver.java:310)
	at org.springframework.beans.factory.support.ConstructorResolver.autowireConstructor(ConstructorResolver.java:291)
	at org.springframework.beans.factory.support.AbstractAutowireCapableBeanFactory.autowireConstructor(AbstractAutowireCapableBeanFactory.java:1372)
	at org.springframework.beans.factory.support.AbstractAutowireCapableBeanFactory.createBeanInstance(AbstractAutowireCapableBeanFactory.java:1222)
	at org.springframework.beans.factory.support.AbstractAutowireCapableBeanFactory.doCreateBean(AbstractAutowireCapableBeanFactory.java:582)
	at org.springframework.beans.factory.support.AbstractAutowireCapableBeanFactory.createBean(AbstractAutowireCapableBeanFactory.java:542)
	at org.springframework.beans.factory.support.AbstractBeanFactory.lambda$doGetBean$0(AbstractBeanFactory.java:335)
	at org.springframework.beans.factory.support.DefaultSingletonBeanRegistry.getSingleton(DefaultSingletonBeanRegistry.java:234)
	at org.springframework.beans.factory.support.AbstractBeanFactory.doGetBean(AbstractBeanFactory.java:333)
	at org.springframework.beans.factory.support.AbstractBeanFactory.getBean(AbstractBeanFactory.java:208)
	at org.springframework.beans.factory.config.DependencyDescriptor.resolveCandidate(DependencyDescriptor.java:276)
	at org.springframework.beans.factory.support.DefaultListableBeanFactory.doResolveDependency(DefaultListableBeanFactory.java:1391)
	at org.springframework.beans.factory.support.DefaultListableBeanFactory.resolveDependency(DefaultListableBeanFactory.java:1311)
	at org.springframework.beans.factory.support.ConstructorResolver.resolveAutowiredArgument(ConstructorResolver.java:911)
	at org.springframework.beans.factory.support.ConstructorResolver.createArgumentArray(ConstructorResolver.java:788)
	... 99 common frames omitted
Caused by: org.springframework.beans.BeanInstantiationException: Failed to instantiate [com.alibaba.nacos.core.cluster.ServerMemberManager]: Constructor threw exception; nested exception is ErrCode:500, ErrMsg:jmenv.tbsite.net
	at org.springframework.beans.BeanUtils.instantiateClass(BeanUtils.java:226)
	at org.springframework.beans.factory.support.SimpleInstantiationStrategy.instantiate(SimpleInstantiationStrategy.java:117)
	at org.springframework.beans.factory.support.ConstructorResolver.instantiate(ConstructorResolver.java:306)
	... 113 common frames omitted
Caused by: com.alibaba.nacos.api.exception.NacosException: java.net.UnknownHostException: jmenv.tbsite.net
	at com.alibaba.nacos.core.cluster.lookup.AddressServerMemberLookup.run(AddressServerMemberLookup.java:152)
	at com.alibaba.nacos.core.cluster.lookup.AddressServerMemberLookup.doStart(AddressServerMemberLookup.java:100)
	at com.alibaba.nacos.core.cluster.AbstractMemberLookup.start(AbstractMemberLookup.java:55)
	at com.alibaba.nacos.core.cluster.ServerMemberManager.initAndStartLookup(ServerMemberManager.java:237)
	at com.alibaba.nacos.core.cluster.ServerMemberManager.init(ServerMemberManager.java:178)
	at com.alibaba.nacos.core.cluster.ServerMemberManager.<init>(ServerMemberManager.java:158)
	at sun.reflect.NativeConstructorAccessorImpl.newInstance0(Native Method)
	at sun.reflect.NativeConstructorAccessorImpl.newInstance(NativeConstructorAccessorImpl.java:62)
	at sun.reflect.DelegatingConstructorAccessorImpl.newInstance(DelegatingConstructorAccessorImpl.java:45)
	at java.lang.reflect.Constructor.newInstance(Constructor.java:423)
	at org.springframework.beans.BeanUtils.instantiateClass(BeanUtils.java:213)
	... 115 common frames omitted
Caused by: java.net.UnknownHostException: jmenv.tbsite.net
	at java.net.AbstractPlainSocketImpl.connect(AbstractPlainSocketImpl.java:196)
	at java.net.PlainSocketImpl.connect(PlainSocketImpl.java:162)
	at java.net.SocksSocketImpl.connect(SocksSocketImpl.java:394)
	at java.net.Socket.connect(Socket.java:606)
	at sun.net.NetworkClient.doConnect(NetworkClient.java:175)
	at sun.net.www.http.HttpClient.openServer(HttpClient.java:499)
	at sun.net.www.http.HttpClient.openServer(HttpClient.java:594)
	at sun.net.www.http.HttpClient.<init>(HttpClient.java:278)
	at sun.net.www.http.HttpClient.New(HttpClient.java:375)
	at sun.net.www.http.HttpClient.New(HttpClient.java:393)
	at sun.net.www.protocol.http.HttpURLConnection.getNewHttpClient(HttpURLConnection.java:1255)
	at sun.net.www.protocol.http.HttpURLConnection.plainConnect0(HttpURLConnection.java:1182)
	at sun.net.www.protocol.http.HttpURLConnection.plainConnect(HttpURLConnection.java:1076)
	at sun.net.www.protocol.http.HttpURLConnection.connect(HttpURLConnection.java:1010)
	at com.alibaba.nacos.common.http.client.request.JdkHttpClientRequest.execute(JdkHttpClientRequest.java:114)
	at com.alibaba.nacos.common.http.client.NacosRestTemplate.execute(NacosRestTemplate.java:482)
	at com.alibaba.nacos.common.http.client.NacosRestTemplate.get(NacosRestTemplate.java:72)
	at com.alibaba.nacos.core.cluster.lookup.AddressServerMemberLookup.syncFromAddressUrl(AddressServerMemberLookup.java:175)
	at com.alibaba.nacos.core.cluster.lookup.AddressServerMemberLookup.run(AddressServerMemberLookup.java:143)
	... 125 common frames omitted
2025-08-25 11:32:44,481 WARN [WatchFileCenter] start close

2025-08-25 11:32:44,481 WARN [WatchFileCenter] start to shutdown this watcher which is watch : D:\CODE\Memorin-rebuild\infrastructure\nacos\conf

2025-08-25 11:32:44,482 WARN [WatchFileCenter] already closed

2025-08-25 11:32:44,482 WARN [NotifyCenter] Start destroying Publisher

2025-08-25 11:32:44,483 WARN [NotifyCenter] Destruction of the end

2025-08-25 11:32:44,483 ERROR Nacos failed to start, please see D:\CODE\Memorin-rebuild\infrastructure\nacos\logs\nacos.log for more details.

2025-08-25 11:32:44,496 INFO 

Error starting ApplicationContext. To display the conditions report re-run your application with 'debug' enabled.

2025-08-25 11:32:44,514 ERROR Application run failed

org.springframework.context.ApplicationContextException: Unable to start web server; nested exception is org.springframework.boot.web.server.WebServerException: Unable to start embedded Tomcat
	at org.springframework.boot.web.servlet.context.ServletWebServerApplicationContext.onRefresh(ServletWebServerApplicationContext.java:165)
	at org.springframework.context.support.AbstractApplicationContext.refresh(AbstractApplicationContext.java:585)
	at org.springframework.boot.web.servlet.context.ServletWebServerApplicationContext.refresh(ServletWebServerApplicationContext.java:147)
	at org.springframework.boot.SpringApplication.refresh(SpringApplication.java:732)
	at org.springframework.boot.SpringApplication.refreshContext(SpringApplication.java:409)
	at org.springframework.boot.SpringApplication.run(SpringApplication.java:308)
	at org.springframework.boot.SpringApplication.run(SpringApplication.java:1300)
	at org.springframework.boot.SpringApplication.run(SpringApplication.java:1289)
	at com.alibaba.nacos.Nacos.main(Nacos.java:48)
	at sun.reflect.NativeMethodAccessorImpl.invoke0(Native Method)
	at sun.reflect.NativeMethodAccessorImpl.invoke(NativeMethodAccessorImpl.java:62)
	at sun.reflect.DelegatingMethodAccessorImpl.invoke(DelegatingMethodAccessorImpl.java:43)
	at java.lang.reflect.Method.invoke(Method.java:498)
	at org.springframework.boot.loader.MainMethodRunner.run(MainMethodRunner.java:49)
	at org.springframework.boot.loader.Launcher.launch(Launcher.java:108)
	at org.springframework.boot.loader.Launcher.launch(Launcher.java:58)
	at org.springframework.boot.loader.PropertiesLauncher.main(PropertiesLauncher.java:467)
Caused by: org.springframework.boot.web.server.WebServerException: Unable to start embedded Tomcat
	at org.springframework.boot.web.embedded.tomcat.TomcatWebServer.initialize(TomcatWebServer.java:142)
	at org.springframework.boot.web.embedded.tomcat.TomcatWebServer.<init>(TomcatWebServer.java:104)
	at org.springframework.boot.web.embedded.tomcat.TomcatServletWebServerFactory.getTomcatWebServer(TomcatServletWebServerFactory.java:481)
	at org.springframework.boot.web.embedded.tomcat.TomcatServletWebServerFactory.getWebServer(TomcatServletWebServerFactory.java:211)
	at org.springframework.boot.web.servlet.context.ServletWebServerApplicationContext.createWebServer(ServletWebServerApplicationContext.java:184)
	at org.springframework.boot.web.servlet.context.ServletWebServerApplicationContext.onRefresh(ServletWebServerApplicationContext.java:162)
	... 16 common frames omitted
Caused by: org.springframework.beans.factory.BeanCreationException: Error creating bean with name 'distroFilterRegistration' defined in class path resource [com/alibaba/nacos/naming/web/NamingConfig.class]: Bean instantiation via factory method failed; nested exception is org.springframework.beans.BeanInstantiationException: Failed to instantiate [org.springframework.boot.web.servlet.FilterRegistrationBean]: Factory method 'distroFilterRegistration' threw exception; nested exception is org.springframework.beans.factory.UnsatisfiedDependencyException: Error creating bean with name 'distroFilter': Unsatisfied dependency expressed through field 'distroMapper'; nested exception is org.springframework.beans.factory.UnsatisfiedDependencyException: Error creating bean with name 'distroMapper' defined in URL [jar:file:/D:/CODE/Memorin-rebuild/infrastructure/nacos/target/nacos-server.jar!/BOOT-INF/lib/nacos-naming-2.3.2.jar!/com/alibaba/nacos/naming/core/DistroMapper.class]: Unsatisfied dependency expressed through constructor parameter 0; nested exception is org.springframework.beans.factory.BeanCreationException: Error creating bean with name 'serverMemberManager' defined in URL [jar:file:/D:/CODE/Memorin-rebuild/infrastructure/nacos/target/nacos-server.jar!/BOOT-INF/lib/nacos-core-2.3.2.jar!/com/alibaba/nacos/core/cluster/ServerMemberManager.class]: Bean instantiation via constructor failed; nested exception is org.springframework.beans.BeanInstantiationException: Failed to instantiate [com.alibaba.nacos.core.cluster.ServerMemberManager]: Constructor threw exception; nested exception is ErrCode:500, ErrMsg:jmenv.tbsite.net
	at org.springframework.beans.factory.support.ConstructorResolver.instantiate(ConstructorResolver.java:653)
	at org.springframework.beans.factory.support.ConstructorResolver.instantiateUsingFactoryMethod(ConstructorResolver.java:481)
	at org.springframework.beans.factory.support.AbstractAutowireCapableBeanFactory.instantiateUsingFactoryMethod(AbstractAutowireCapableBeanFactory.java:1352)
	at org.springframework.beans.factory.support.AbstractAutowireCapableBeanFactory.createBeanInstance(AbstractAutowireCapableBeanFactory.java:1195)
	at org.springframework.beans.factory.support.AbstractAutowireCapableBeanFactory.doCreateBean(AbstractAutowireCapableBeanFactory.java:582)
	at org.springframework.beans.factory.support.AbstractAutowireCapableBeanFactory.createBean(AbstractAutowireCapableBeanFactory.java:542)
	at org.springframework.beans.factory.support.AbstractBeanFactory.lambda$doGetBean$0(AbstractBeanFactory.java:335)
	at org.springframework.beans.factory.support.DefaultSingletonBeanRegistry.getSingleton(DefaultSingletonBeanRegistry.java:234)
	at org.springframework.beans.factory.support.AbstractBeanFactory.doGetBean(AbstractBeanFactory.java:333)
	at org.springframework.beans.factory.support.AbstractBeanFactory.getBean(AbstractBeanFactory.java:213)
	at org.springframework.boot.web.servlet.ServletContextInitializerBeans.getOrderedBeansOfType(ServletContextInitializerBeans.java:213)
	at org.springframework.boot.web.servlet.ServletContextInitializerBeans.getOrderedBeansOfType(ServletContextInitializerBeans.java:204)
	at org.springframework.boot.web.servlet.ServletContextInitializerBeans.addServletContextInitializerBeans(ServletContextInitializerBeans.java:98)
	at org.springframework.boot.web.servlet.ServletContextInitializerBeans.<init>(ServletContextInitializerBeans.java:86)
	at org.springframework.boot.web.servlet.context.ServletWebServerApplicationContext.getServletContextInitializerBeans(ServletWebServerApplicationContext.java:262)
	at org.springframework.boot.web.servlet.context.ServletWebServerApplicationContext.selfInitialize(ServletWebServerApplicationContext.java:236)
	at org.springframework.boot.web.embedded.tomcat.TomcatStarter.onStartup(TomcatStarter.java:53)
	at org.apache.catalina.core.StandardContext.startInternal(StandardContext.java:4904)
	at org.apache.catalina.util.LifecycleBase.start(LifecycleBase.java:171)
	at org.apache.catalina.core.ContainerBase$StartChild.call(ContainerBase.java:1332)
	at org.apache.catalina.core.ContainerBase$StartChild.call(ContainerBase.java:1322)
	at java.util.concurrent.FutureTask.run(FutureTask.java:266)
	at org.apache.tomcat.util.threads.InlineExecutorService.execute(InlineExecutorService.java:75)
	at java.util.concurrent.AbstractExecutorService.submit(AbstractExecutorService.java:134)
	at org.apache.catalina.core.ContainerBase.startInternal(ContainerBase.java:866)
	at org.apache.catalina.core.StandardHost.startInternal(StandardHost.java:794)
	at org.apache.catalina.util.LifecycleBase.start(LifecycleBase.java:171)
	at org.apache.catalina.core.ContainerBase$StartChild.call(ContainerBase.java:1332)
	at org.apache.catalina.core.ContainerBase$StartChild.call(ContainerBase.java:1322)
	at java.util.concurrent.FutureTask.run(FutureTask.java:266)
	at org.apache.tomcat.util.threads.InlineExecutorService.execute(InlineExecutorService.java:75)
	at java.util.concurrent.AbstractExecutorService.submit(AbstractExecutorService.java:134)
	at org.apache.catalina.core.ContainerBase.startInternal(ContainerBase.java:866)
	at org.apache.catalina.core.StandardEngine.startInternal(StandardEngine.java:248)
	at org.apache.catalina.util.LifecycleBase.start(LifecycleBase.java:171)
	at org.apache.catalina.core.StandardService.startInternal(StandardService.java:433)
	at org.apache.catalina.util.LifecycleBase.start(LifecycleBase.java:171)
	at org.apache.catalina.core.StandardServer.startInternal(StandardServer.java:921)
	at org.apache.catalina.util.LifecycleBase.start(LifecycleBase.java:171)
	at org.apache.catalina.startup.Tomcat.start(Tomcat.java:489)
	at org.springframework.boot.web.embedded.tomcat.TomcatWebServer.initialize(TomcatWebServer.java:123)
	... 21 common frames omitted
Caused by: org.springframework.beans.BeanInstantiationException: Failed to instantiate [org.springframework.boot.web.servlet.FilterRegistrationBean]: Factory method 'distroFilterRegistration' threw exception; nested exception is org.springframework.beans.factory.UnsatisfiedDependencyException: Error creating bean with name 'distroFilter': Unsatisfied dependency expressed through field 'distroMapper'; nested exception is org.springframework.beans.factory.UnsatisfiedDependencyException: Error creating bean with name 'distroMapper' defined in URL [jar:file:/D:/CODE/Memorin-rebuild/infrastructure/nacos/target/nacos-server.jar!/BOOT-INF/lib/nacos-naming-2.3.2.jar!/com/alibaba/nacos/naming/core/DistroMapper.class]: Unsatisfied dependency expressed through constructor parameter 0; nested exception is org.springframework.beans.factory.BeanCreationException: Error creating bean with name 'serverMemberManager' defined in URL [jar:file:/D:/CODE/Memorin-rebuild/infrastructure/nacos/target/nacos-server.jar!/BOOT-INF/lib/nacos-core-2.3.2.jar!/com/alibaba/nacos/core/cluster/ServerMemberManager.class]: Bean instantiation via constructor failed; nested exception is org.springframework.beans.BeanInstantiationException: Failed to instantiate [com.alibaba.nacos.core.cluster.ServerMemberManager]: Constructor threw exception; nested exception is ErrCode:500, ErrMsg:jmenv.tbsite.net
	at org.springframework.beans.factory.support.SimpleInstantiationStrategy.instantiate(SimpleInstantiationStrategy.java:185)
	at org.springframework.beans.factory.support.ConstructorResolver.instantiate(ConstructorResolver.java:648)
	... 61 common frames omitted
Caused by: org.springframework.beans.factory.UnsatisfiedDependencyException: Error creating bean with name 'distroFilter': Unsatisfied dependency expressed through field 'distroMapper'; nested exception is org.springframework.beans.factory.UnsatisfiedDependencyException: Error creating bean with name 'distroMapper' defined in URL [jar:file:/D:/CODE/Memorin-rebuild/infrastructure/nacos/target/nacos-server.jar!/BOOT-INF/lib/nacos-naming-2.3.2.jar!/com/alibaba/nacos/naming/core/DistroMapper.class]: Unsatisfied dependency expressed through constructor parameter 0; nested exception is org.springframework.beans.factory.BeanCreationException: Error creating bean with name 'serverMemberManager' defined in URL [jar:file:/D:/CODE/Memorin-rebuild/infrastructure/nacos/target/nacos-server.jar!/BOOT-INF/lib/nacos-core-2.3.2.jar!/com/alibaba/nacos/core/cluster/ServerMemberManager.class]: Bean instantiation via constructor failed; nested exception is org.springframework.beans.BeanInstantiationException: Failed to instantiate [com.alibaba.nacos.core.cluster.ServerMemberManager]: Constructor threw exception; nested exception is ErrCode:500, ErrMsg:jmenv.tbsite.net
	at org.springframework.beans.factory.annotation.AutowiredAnnotationBeanPostProcessor$AutowiredFieldElement.resolveFieldValue(AutowiredAnnotationBeanPostProcessor.java:713)
	at org.springframework.beans.factory.annotation.AutowiredAnnotationBeanPostProcessor$AutowiredFieldElement.inject(AutowiredAnnotationBeanPostProcessor.java:693)
	at org.springframework.beans.factory.annotation.InjectionMetadata.inject(InjectionMetadata.java:119)
	at org.springframework.beans.factory.annotation.AutowiredAnnotationBeanPostProcessor.postProcessProperties(AutowiredAnnotationBeanPostProcessor.java:408)
	at org.springframework.beans.factory.support.AbstractAutowireCapableBeanFactory.populateBean(AbstractAutowireCapableBeanFactory.java:1431)
	at org.springframework.beans.factory.support.AbstractAutowireCapableBeanFactory.doCreateBean(AbstractAutowireCapableBeanFactory.java:619)
	at org.springframework.beans.factory.support.AbstractAutowireCapableBeanFactory.createBean(AbstractAutowireCapableBeanFactory.java:542)
	at org.springframework.beans.factory.support.AbstractBeanFactory.lambda$doGetBean$0(AbstractBeanFactory.java:335)
	at org.springframework.beans.factory.support.DefaultSingletonBeanRegistry.getSingleton(DefaultSingletonBeanRegistry.java:234)
	at org.springframework.beans.factory.support.AbstractBeanFactory.doGetBean(AbstractBeanFactory.java:333)
	at org.springframework.beans.factory.support.AbstractBeanFactory.getBean(AbstractBeanFactory.java:208)
	at org.springframework.context.annotation.ConfigurationClassEnhancer$BeanMethodInterceptor.resolveBeanReference(ConfigurationClassEnhancer.java:362)
	at org.springframework.context.annotation.ConfigurationClassEnhancer$BeanMethodInterceptor.intercept(ConfigurationClassEnhancer.java:334)
	at com.alibaba.nacos.naming.web.NamingConfig$$EnhancerBySpringCGLIB$$329ad219.distroFilter(<generated>)
	at com.alibaba.nacos.naming.web.NamingConfig.distroFilterRegistration(NamingConfig.java:48)
	at com.alibaba.nacos.naming.web.NamingConfig$$EnhancerBySpringCGLIB$$329ad219.CGLIB$distroFilterRegistration$1(<generated>)
	at com.alibaba.nacos.naming.web.NamingConfig$$EnhancerBySpringCGLIB$$329ad219$$FastClassBySpringCGLIB$$66848365.invoke(<generated>)
	at org.springframework.cglib.proxy.MethodProxy.invokeSuper(MethodProxy.java:244)
	at org.springframework.context.annotation.ConfigurationClassEnhancer$BeanMethodInterceptor.intercept(ConfigurationClassEnhancer.java:331)
	at com.alibaba.nacos.naming.web.NamingConfig$$EnhancerBySpringCGLIB$$329ad219.distroFilterRegistration(<generated>)
	at sun.reflect.NativeMethodAccessorImpl.invoke0(Native Method)
	at sun.reflect.NativeMethodAccessorImpl.invoke(NativeMethodAccessorImpl.java:62)
	at sun.reflect.DelegatingMethodAccessorImpl.invoke(DelegatingMethodAccessorImpl.java:43)
	at java.lang.reflect.Method.invoke(Method.java:498)
	at org.springframework.beans.factory.support.SimpleInstantiationStrategy.instantiate(SimpleInstantiationStrategy.java:154)
	... 62 common frames omitted
Caused by: org.springframework.beans.factory.UnsatisfiedDependencyException: Error creating bean with name 'distroMapper' defined in URL [jar:file:/D:/CODE/Memorin-rebuild/infrastructure/nacos/target/nacos-server.jar!/BOOT-INF/lib/nacos-naming-2.3.2.jar!/com/alibaba/nacos/naming/core/DistroMapper.class]: Unsatisfied dependency expressed through constructor parameter 0; nested exception is org.springframework.beans.factory.BeanCreationException: Error creating bean with name 'serverMemberManager' defined in URL [jar:file:/D:/CODE/Memorin-rebuild/infrastructure/nacos/target/nacos-server.jar!/BOOT-INF/lib/nacos-core-2.3.2.jar!/com/alibaba/nacos/core/cluster/ServerMemberManager.class]: Bean instantiation via constructor failed; nested exception is org.springframework.beans.BeanInstantiationException: Failed to instantiate [com.alibaba.nacos.core.cluster.ServerMemberManager]: Constructor threw exception; nested exception is ErrCode:500, ErrMsg:jmenv.tbsite.net
	at org.springframework.beans.factory.support.ConstructorResolver.createArgumentArray(ConstructorResolver.java:801)
	at org.springframework.beans.factory.support.ConstructorResolver.autowireConstructor(ConstructorResolver.java:224)
	at org.springframework.beans.factory.support.AbstractAutowireCapableBeanFactory.autowireConstructor(AbstractAutowireCapableBeanFactory.java:1372)
	at org.springframework.beans.factory.support.AbstractAutowireCapableBeanFactory.createBeanInstance(AbstractAutowireCapableBeanFactory.java:1222)
	at org.springframework.beans.factory.support.AbstractAutowireCapableBeanFactory.doCreateBean(AbstractAutowireCapableBeanFactory.java:582)
	at org.springframework.beans.factory.support.AbstractAutowireCapableBeanFactory.createBean(AbstractAutowireCapableBeanFactory.java:542)
	at org.springframework.beans.factory.support.AbstractBeanFactory.lambda$doGetBean$0(AbstractBeanFactory.java:335)
	at org.springframework.beans.factory.support.DefaultSingletonBeanRegistry.getSingleton(DefaultSingletonBeanRegistry.java:234)
	at org.springframework.beans.factory.support.AbstractBeanFactory.doGetBean(AbstractBeanFactory.java:333)
	at org.springframework.beans.factory.support.AbstractBeanFactory.getBean(AbstractBeanFactory.java:208)
	at org.springframework.beans.factory.config.DependencyDescriptor.resolveCandidate(DependencyDescriptor.java:276)
	at org.springframework.beans.factory.support.DefaultListableBeanFactory.doResolveDependency(DefaultListableBeanFactory.java:1391)
	at org.springframework.beans.factory.support.DefaultListableBeanFactory.resolveDependency(DefaultListableBeanFactory.java:1311)
	at org.springframework.beans.factory.annotation.AutowiredAnnotationBeanPostProcessor$AutowiredFieldElement.resolveFieldValue(AutowiredAnnotationBeanPostProcessor.java:710)
	... 86 common frames omitted
Caused by: org.springframework.beans.factory.BeanCreationException: Error creating bean with name 'serverMemberManager' defined in URL [jar:file:/D:/CODE/Memorin-rebuild/infrastructure/nacos/target/nacos-server.jar!/BOOT-INF/lib/nacos-core-2.3.2.jar!/com/alibaba/nacos/core/cluster/ServerMemberManager.class]: Bean instantiation via constructor failed; nested exception is org.springframework.beans.BeanInstantiationException: Failed to instantiate [com.alibaba.nacos.core.cluster.ServerMemberManager]: Constructor threw exception; nested exception is ErrCode:500, ErrMsg:jmenv.tbsite.net
	at org.springframework.beans.factory.support.ConstructorResolver.instantiate(ConstructorResolver.java:310)
	at org.springframework.beans.factory.support.ConstructorResolver.autowireConstructor(ConstructorResolver.java:291)
	at org.springframework.beans.factory.support.AbstractAutowireCapableBeanFactory.autowireConstructor(AbstractAutowireCapableBeanFactory.java:1372)
	at org.springframework.beans.factory.support.AbstractAutowireCapableBeanFactory.createBeanInstance(AbstractAutowireCapableBeanFactory.java:1222)
	at org.springframework.beans.factory.support.AbstractAutowireCapableBeanFactory.doCreateBean(AbstractAutowireCapableBeanFactory.java:582)
	at org.springframework.beans.factory.support.AbstractAutowireCapableBeanFactory.createBean(AbstractAutowireCapableBeanFactory.java:542)
	at org.springframework.beans.factory.support.AbstractBeanFactory.lambda$doGetBean$0(AbstractBeanFactory.java:335)
	at org.springframework.beans.factory.support.DefaultSingletonBeanRegistry.getSingleton(DefaultSingletonBeanRegistry.java:234)
	at org.springframework.beans.factory.support.AbstractBeanFactory.doGetBean(AbstractBeanFactory.java:333)
	at org.springframework.beans.factory.support.AbstractBeanFactory.getBean(AbstractBeanFactory.java:208)
	at org.springframework.beans.factory.config.DependencyDescriptor.resolveCandidate(DependencyDescriptor.java:276)
	at org.springframework.beans.factory.support.DefaultListableBeanFactory.doResolveDependency(DefaultListableBeanFactory.java:1391)
	at org.springframework.beans.factory.support.DefaultListableBeanFactory.resolveDependency(DefaultListableBeanFactory.java:1311)
	at org.springframework.beans.factory.support.ConstructorResolver.resolveAutowiredArgument(ConstructorResolver.java:911)
	at org.springframework.beans.factory.support.ConstructorResolver.createArgumentArray(ConstructorResolver.java:788)
	... 99 common frames omitted
Caused by: org.springframework.beans.BeanInstantiationException: Failed to instantiate [com.alibaba.nacos.core.cluster.ServerMemberManager]: Constructor threw exception; nested exception is ErrCode:500, ErrMsg:jmenv.tbsite.net
	at org.springframework.beans.BeanUtils.instantiateClass(BeanUtils.java:226)
	at org.springframework.beans.factory.support.SimpleInstantiationStrategy.instantiate(SimpleInstantiationStrategy.java:117)
	at org.springframework.beans.factory.support.ConstructorResolver.instantiate(ConstructorResolver.java:306)
	... 113 common frames omitted
Caused by: com.alibaba.nacos.api.exception.NacosException: java.net.UnknownHostException: jmenv.tbsite.net
	at com.alibaba.nacos.core.cluster.lookup.AddressServerMemberLookup.run(AddressServerMemberLookup.java:152)
	at com.alibaba.nacos.core.cluster.lookup.AddressServerMemberLookup.doStart(AddressServerMemberLookup.java:100)
	at com.alibaba.nacos.core.cluster.AbstractMemberLookup.start(AbstractMemberLookup.java:55)
	at com.alibaba.nacos.core.cluster.ServerMemberManager.initAndStartLookup(ServerMemberManager.java:237)
	at com.alibaba.nacos.core.cluster.ServerMemberManager.init(ServerMemberManager.java:178)
	at com.alibaba.nacos.core.cluster.ServerMemberManager.<init>(ServerMemberManager.java:158)
	at sun.reflect.NativeConstructorAccessorImpl.newInstance0(Native Method)
	at sun.reflect.NativeConstructorAccessorImpl.newInstance(NativeConstructorAccessorImpl.java:62)
	at sun.reflect.DelegatingConstructorAccessorImpl.newInstance(DelegatingConstructorAccessorImpl.java:45)
	at java.lang.reflect.Constructor.newInstance(Constructor.java:423)
	at org.springframework.beans.BeanUtils.instantiateClass(BeanUtils.java:213)
	... 115 common frames omitted
Caused by: java.net.UnknownHostException: jmenv.tbsite.net
	at java.net.AbstractPlainSocketImpl.connect(AbstractPlainSocketImpl.java:196)
	at java.net.PlainSocketImpl.connect(PlainSocketImpl.java:162)
	at java.net.SocksSocketImpl.connect(SocksSocketImpl.java:394)
	at java.net.Socket.connect(Socket.java:606)
	at sun.net.NetworkClient.doConnect(NetworkClient.java:175)
	at sun.net.www.http.HttpClient.openServer(HttpClient.java:499)
	at sun.net.www.http.HttpClient.openServer(HttpClient.java:594)
	at sun.net.www.http.HttpClient.<init>(HttpClient.java:278)
	at sun.net.www.http.HttpClient.New(HttpClient.java:375)
	at sun.net.www.http.HttpClient.New(HttpClient.java:393)
	at sun.net.www.protocol.http.HttpURLConnection.getNewHttpClient(HttpURLConnection.java:1255)
	at sun.net.www.protocol.http.HttpURLConnection.plainConnect0(HttpURLConnection.java:1182)
	at sun.net.www.protocol.http.HttpURLConnection.plainConnect(HttpURLConnection.java:1076)
	at sun.net.www.protocol.http.HttpURLConnection.connect(HttpURLConnection.java:1010)
	at com.alibaba.nacos.common.http.client.request.JdkHttpClientRequest.execute(JdkHttpClientRequest.java:114)
	at com.alibaba.nacos.common.http.client.NacosRestTemplate.execute(NacosRestTemplate.java:482)
	at com.alibaba.nacos.common.http.client.NacosRestTemplate.get(NacosRestTemplate.java:72)
	at com.alibaba.nacos.core.cluster.lookup.AddressServerMemberLookup.syncFromAddressUrl(AddressServerMemberLookup.java:175)
	at com.alibaba.nacos.core.cluster.lookup.AddressServerMemberLookup.run(AddressServerMemberLookup.java:143)
	... 125 common frames omitted
2025-08-25 11:32:44,516 WARN [HttpClientBeanHolder] Start destroying common HttpClient

2025-08-25 11:32:44,516 WARN [ThreadPoolManager] Start destroying ThreadPool

2025-08-25 11:34:19,212 INFO Starting Nacos v2.3.2 using Java 1.8.0_451 on WIN-C3D985L1HJN with PID 30252 (D:\CODE\Memorin-rebuild\infrastructure\nacos\target\nacos-server.jar started by Mechrevo in D:\CODE\Memorin-rebuild\infrastructure\nacos\bin)

2025-08-25 11:34:19,213 INFO The following 1 profile is active: "standalone"

2025-08-25 11:34:19,329 INFO Load Nacos package exclude filter success, package prefix com.alibaba.nacos.config.server, filter com.alibaba.nacos.config.server.filter.ConfigEnabledFilter

2025-08-25 11:34:19,329 INFO Load Nacos package exclude filter success, package prefix com.alibaba.nacos.naming, filter com.alibaba.nacos.naming.config.NamingEnabledFilter

2025-08-25 11:34:19,330 INFO Load Nacos package exclude filter success, package prefix com.alibaba.nacos.istio, filter com.alibaba.nacos.istio.config.IstioEnabledFilter

2025-08-25 11:34:19,443 INFO Skip @SpringBootApplication annotation for class com.alibaba.nacos.config.server.Config to avoid duplicate scan

2025-08-25 11:34:19,515 INFO Skip @SpringBootApplication annotation for class com.alibaba.nacos.naming.NamingApp to avoid duplicate scan

2025-08-25 11:34:19,523 INFO Skip @SpringBootApplication annotation for class com.alibaba.nacos.cmdb.CmdbApp to avoid duplicate scan

2025-08-25 11:34:19,531 WARN Istio module disabled because set nacos.extension.naming.istio.enabled as false

2025-08-25 11:34:19,531 WARN Istio module disabled because set nacos.extension.naming.istio.enabled as false

2025-08-25 11:34:19,531 WARN Istio module disabled because set nacos.extension.naming.istio.enabled as false

2025-08-25 11:34:19,531 WARN Istio module disabled because set nacos.extension.naming.istio.enabled as false

2025-08-25 11:34:19,532 WARN Istio module disabled because set nacos.extension.naming.istio.enabled as false

2025-08-25 11:34:19,532 WARN Istio module disabled because set nacos.extension.naming.istio.enabled as false

2025-08-25 11:34:19,532 WARN Istio module disabled because set nacos.extension.naming.istio.enabled as false

2025-08-25 11:34:19,532 WARN Istio module disabled because set nacos.extension.naming.istio.enabled as false

2025-08-25 11:34:19,532 WARN Istio module disabled because set nacos.extension.naming.istio.enabled as false

2025-08-25 11:34:19,532 WARN Istio module disabled because set nacos.extension.naming.istio.enabled as false

2025-08-25 11:34:19,532 WARN Istio module disabled because set nacos.extension.naming.istio.enabled as false

2025-08-25 11:34:19,533 WARN Istio module disabled because set nacos.extension.naming.istio.enabled as false

2025-08-25 11:34:19,533 WARN Istio module disabled because set nacos.extension.naming.istio.enabled as false

2025-08-25 11:34:19,533 WARN Istio module disabled because set nacos.extension.naming.istio.enabled as false

2025-08-25 11:34:19,533 WARN Istio module disabled because set nacos.extension.naming.istio.enabled as false

2025-08-25 11:34:19,533 WARN Istio module disabled because set nacos.extension.naming.istio.enabled as false

2025-08-25 11:34:19,533 WARN Istio module disabled because set nacos.extension.naming.istio.enabled as false

2025-08-25 11:34:19,533 WARN Istio module disabled because set nacos.extension.naming.istio.enabled as false

2025-08-25 11:34:19,533 WARN Istio module disabled because set nacos.extension.naming.istio.enabled as false

2025-08-25 11:34:19,533 WARN Istio module disabled because set nacos.extension.naming.istio.enabled as false

2025-08-25 11:34:19,533 WARN Istio module disabled because set nacos.extension.naming.istio.enabled as false

2025-08-25 11:34:19,534 WARN Istio module disabled because set nacos.extension.naming.istio.enabled as false

2025-08-25 11:34:19,534 WARN Istio module disabled because set nacos.extension.naming.istio.enabled as false

2025-08-25 11:34:19,534 WARN Istio module disabled because set nacos.extension.naming.istio.enabled as false

2025-08-25 11:34:19,534 WARN Istio module disabled because set nacos.extension.naming.istio.enabled as false

2025-08-25 11:34:19,534 INFO Skip @SpringBootApplication annotation for class com.alibaba.nacos.istio.IstioApp to avoid duplicate scan

2025-08-25 11:34:19,534 WARN Istio module disabled because set nacos.extension.naming.istio.enabled as false

2025-08-25 11:34:19,534 WARN Istio module disabled because set nacos.extension.naming.istio.enabled as false

2025-08-25 11:34:19,534 WARN Istio module disabled because set nacos.extension.naming.istio.enabled as false

2025-08-25 11:34:19,534 WARN Istio module disabled because set nacos.extension.naming.istio.enabled as false

2025-08-25 11:34:19,535 WARN Istio module disabled because set nacos.extension.naming.istio.enabled as false

2025-08-25 11:34:19,535 WARN Istio module disabled because set nacos.extension.naming.istio.enabled as false

2025-08-25 11:34:19,535 WARN Istio module disabled because set nacos.extension.naming.istio.enabled as false

2025-08-25 11:34:19,535 WARN Istio module disabled because set nacos.extension.naming.istio.enabled as false

2025-08-25 11:34:19,535 WARN Istio module disabled because set nacos.extension.naming.istio.enabled as false

2025-08-25 11:34:19,535 WARN Istio module disabled because set nacos.extension.naming.istio.enabled as false

2025-08-25 11:34:19,535 WARN Istio module disabled because set nacos.extension.naming.istio.enabled as false

2025-08-25 11:34:19,759 INFO Skip @SpringBootApplication annotation for class com.alibaba.nacos.prometheus.PrometheusApp to avoid duplicate scan

2025-08-25 11:34:21,293 INFO Tomcat initialized with port(s): 8848 (http)

2025-08-25 11:34:21,426 INFO Starting service [Tomcat]

2025-08-25 11:34:21,427 INFO Starting Servlet engine: [Apache Tomcat/9.0.83]

2025-08-25 11:34:21,550 INFO Initializing Spring embedded WebApplicationContext

2025-08-25 11:34:21,550 INFO Root WebApplicationContext: initialization completed in 2274 ms

2025-08-25 11:34:21,910 INFO Nacos-related cluster resource initialization

2025-08-25 11:34:21,914 INFO Load com.alibaba.nacos.core.ability.RemoteAbilityInitializer for ServerAbilityInitializer

2025-08-25 11:34:21,914 INFO Load com.alibaba.nacos.naming.ability.NamingAbilityInitializer for ServerAbilityInitializer

2025-08-25 11:34:21,916 INFO The cluster resource is initialized

2025-08-25 11:34:22,375 INFO HikariPool-1 - Starting...

2025-08-25 11:34:22,377 WARN Registered driver with driverClassName=org.apache.derby.jdbc.EmbeddedDriver was not found, trying direct instantiation.

2025-08-25 11:34:22,545 INFO HikariPool-1 - Driver does not support get/set network timeout for connections. (Feature not implemented: No details.)

2025-08-25 11:34:22,548 INFO HikariPool-1 - Start completed.

2025-08-25 11:34:22,825 INFO [MapperManager] Load Mapper(class com.alibaba.nacos.plugin.datasource.impl.mysql.ConfigInfoAggrMapperByMySql) datasource(mysql) tableName(config_info_aggr) successfully.

2025-08-25 11:34:22,825 INFO [MapperManager] Load Mapper(class com.alibaba.nacos.plugin.datasource.impl.mysql.ConfigInfoBetaMapperByMySql) datasource(mysql) tableName(config_info_beta) successfully.

2025-08-25 11:34:22,825 INFO [MapperManager] Load Mapper(class com.alibaba.nacos.plugin.datasource.impl.mysql.ConfigInfoMapperByMySql) datasource(mysql) tableName(config_info) successfully.

2025-08-25 11:34:22,825 INFO [MapperManager] Load Mapper(class com.alibaba.nacos.plugin.datasource.impl.mysql.ConfigInfoTagMapperByMySql) datasource(mysql) tableName(config_info_tag) successfully.

2025-08-25 11:34:22,825 INFO [MapperManager] Load Mapper(class com.alibaba.nacos.plugin.datasource.impl.mysql.ConfigTagsRelationMapperByMySql) datasource(mysql) tableName(config_tags_relation) successfully.

2025-08-25 11:34:22,825 INFO [MapperManager] Load Mapper(class com.alibaba.nacos.plugin.datasource.impl.mysql.HistoryConfigInfoMapperByMySql) datasource(mysql) tableName(his_config_info) successfully.

2025-08-25 11:34:22,825 INFO [MapperManager] Load Mapper(class com.alibaba.nacos.plugin.datasource.impl.mysql.TenantInfoMapperByMySql) datasource(mysql) tableName(tenant_info) successfully.

2025-08-25 11:34:22,825 INFO [MapperManager] Load Mapper(class com.alibaba.nacos.plugin.datasource.impl.mysql.TenantCapacityMapperByMySql) datasource(mysql) tableName(tenant_capacity) successfully.

2025-08-25 11:34:22,825 INFO [MapperManager] Load Mapper(class com.alibaba.nacos.plugin.datasource.impl.mysql.GroupCapacityMapperByMysql) datasource(mysql) tableName(group_capacity) successfully.

2025-08-25 11:34:22,825 INFO [MapperManager] Load Mapper(class com.alibaba.nacos.plugin.datasource.impl.derby.ConfigInfoAggrMapperByDerby) datasource(derby) tableName(config_info_aggr) successfully.

2025-08-25 11:34:22,825 INFO [MapperManager] Load Mapper(class com.alibaba.nacos.plugin.datasource.impl.derby.ConfigInfoBetaMapperByDerby) datasource(derby) tableName(config_info_beta) successfully.

2025-08-25 11:34:22,825 INFO [MapperManager] Load Mapper(class com.alibaba.nacos.plugin.datasource.impl.derby.ConfigInfoMapperByDerby) datasource(derby) tableName(config_info) successfully.

2025-08-25 11:34:22,825 INFO [MapperManager] Load Mapper(class com.alibaba.nacos.plugin.datasource.impl.derby.ConfigInfoTagMapperByDerby) datasource(derby) tableName(config_info_tag) successfully.

2025-08-25 11:34:22,825 INFO [MapperManager] Load Mapper(class com.alibaba.nacos.plugin.datasource.impl.derby.ConfigInfoTagsRelationMapperByDerby) datasource(derby) tableName(config_tags_relation) successfully.

2025-08-25 11:34:22,825 INFO [MapperManager] Load Mapper(class com.alibaba.nacos.plugin.datasource.impl.derby.HistoryConfigInfoMapperByDerby) datasource(derby) tableName(his_config_info) successfully.

2025-08-25 11:34:22,825 INFO [MapperManager] Load Mapper(class com.alibaba.nacos.plugin.datasource.impl.derby.TenantInfoMapperByDerby) datasource(derby) tableName(tenant_info) successfully.

2025-08-25 11:34:22,826 INFO [MapperManager] Load Mapper(class com.alibaba.nacos.plugin.datasource.impl.derby.TenantCapacityMapperByDerby) datasource(derby) tableName(tenant_capacity) successfully.

2025-08-25 11:34:22,826 INFO [MapperManager] Load Mapper(class com.alibaba.nacos.plugin.datasource.impl.derby.GroupCapacityMapperByDerby) datasource(derby) tableName(group_capacity) successfully.

2025-08-25 11:34:23,107 INFO Fail to find connection runtime ejector for name nacos,use default

2025-08-25 11:34:23,302 INFO Not configure type of control plugin, no limit control for current node.

2025-08-25 11:34:23,303 INFO Load connection metrics collector,size=2,[com.alibaba.nacos.config.server.service.LongPollingConnectionMetricsCollector@1640c151, com.alibaba.nacos.core.remote.LongConnectionMetricsCollector@2a32fb6]

2025-08-25 11:34:23,304 INFO No connection rule content found ,use default empty rule 

2025-08-25 11:34:23,306 INFO ConnectionMetrics, totalCount = 0, detail = {long_connection=0, long_polling=0}

2025-08-25 11:34:23,309 INFO No tps control rule of CONFIG_PUSH_COUNT found,content =null  

2025-08-25 11:34:23,309 WARN Tps point for CONFIG_PUSH_COUNT registered, But tps control manager is no limit implementation.

2025-08-25 11:34:23,309 INFO No tps control rule of CONFIG_PUSH_SUCCESS found,content =null  

2025-08-25 11:34:23,309 WARN Tps point for CONFIG_PUSH_SUCCESS registered, But tps control manager is no limit implementation.

2025-08-25 11:34:23,309 INFO No tps control rule of CONFIG_PUSH_FAIL found,content =null  

2025-08-25 11:34:23,309 WARN Tps point for CONFIG_PUSH_FAIL registered, But tps control manager is no limit implementation.

2025-08-25 11:34:23,763 INFO Ready to get current node abilities...

2025-08-25 11:34:23,766 INFO Ready to initialize current node abilities, support modes: [SERVER, CLUSTER_CLIENT, SDK_CLIENT]

2025-08-25 11:34:23,766 INFO Initialize current abilities finish...

2025-08-25 11:34:23,770 INFO Ready to get current node abilities...

2025-08-25 11:34:23,770 INFO Ready to initialize current node abilities, support modes: [SDK_CLIENT]

2025-08-25 11:34:23,770 INFO Initialize current abilities finish...

2025-08-25 11:34:23,771 INFO [AbilityControlManager] Successfully initialize AbilityControlManager

2025-08-25 11:34:24,109 INFO Connection check task start

2025-08-25 11:34:24,109 INFO Long connection metrics detail ,Total count =0, sdkCount=0,clusterCount=0

2025-08-25 11:34:24,109 INFO Out dated connection ,size=0

2025-08-25 11:34:24,109 INFO Connection check task end

2025-08-25 11:34:24,800 INFO Will secure any request with [org.springframework.security.web.session.DisableEncodeUrlFilter@3b5c665c, org.springframework.security.web.context.request.async.WebAsyncManagerIntegrationFilter@78e17a99, org.springframework.security.web.context.SecurityContextPersistenceFilter@5e1dde44, org.springframework.security.web.header.HeaderWriterFilter@2e73d5eb, org.springframework.security.web.csrf.CsrfFilter@6732726, org.springframework.security.web.authentication.logout.LogoutFilter@6614bd4b, org.springframework.security.web.savedrequest.RequestCacheAwareFilter@71e35c4, org.springframework.security.web.servletapi.SecurityContextHolderAwareRequestFilter@22a10ac6, org.springframework.security.web.authentication.AnonymousAuthenticationFilter@625a4ff, org.springframework.security.web.session.SessionManagementFilter@534e58b6, org.springframework.security.web.access.ExceptionTranslationFilter@6e6d4780]

2025-08-25 11:34:25,017 INFO Adding welcome page: class path resource [static/index.html]

2025-08-25 11:34:25,296 INFO Exposing 1 endpoint(s) beneath base path '/actuator'

2025-08-25 11:34:25,306 WARN You are asking Spring Security to ignore Ant [pattern='/**']. This is not recommended -- please use permitAll via HttpSecurity#authorizeHttpRequests instead.

2025-08-25 11:34:25,307 INFO Will not secure Ant [pattern='/**']

2025-08-25 11:34:25,307 WARN You are asking Spring Security to ignore Mvc [pattern='/prometheus']. This is not recommended -- please use permitAll via HttpSecurity#authorizeHttpRequests instead.

2025-08-25 11:34:25,307 INFO Will not secure Mvc [pattern='/prometheus']

2025-08-25 11:34:25,307 WARN You are asking Spring Security to ignore Mvc [pattern='/prometheus/namespaceId/{namespaceId}']. This is not recommended -- please use permitAll via HttpSecurity#authorizeHttpRequests instead.

2025-08-25 11:34:25,307 INFO Will not secure Mvc [pattern='/prometheus/namespaceId/{namespaceId}']

2025-08-25 11:34:25,307 WARN You are asking Spring Security to ignore Mvc [pattern='/prometheus/namespaceId/{namespaceId}/service/{service}']. This is not recommended -- please use permitAll via HttpSecurity#authorizeHttpRequests instead.

2025-08-25 11:34:25,307 INFO Will not secure Mvc [pattern='/prometheus/namespaceId/{namespaceId}/service/{service}']

2025-08-25 11:34:25,348 INFO Tomcat started on port(s): 8848 (http) with context path '/nacos'

2025-08-25 11:34:25,360 INFO No TaskScheduler/ScheduledExecutorService bean found for scheduled processing

2025-08-25 11:34:25,367 INFO No tps control rule of ConfigQuery found,content =null  

2025-08-25 11:34:25,367 WARN Tps point for ConfigQuery registered, But tps control manager is no limit implementation.

2025-08-25 11:34:25,367 INFO No tps control rule of ClusterConfigChangeNotify found,content =null  

2025-08-25 11:34:25,367 WARN Tps point for ClusterConfigChangeNotify registered, But tps control manager is no limit implementation.

2025-08-25 11:34:25,367 INFO No tps control rule of ConfigListen found,content =null  

2025-08-25 11:34:25,367 WARN Tps point for ConfigListen registered, But tps control manager is no limit implementation.

2025-08-25 11:34:25,367 INFO No tps control rule of ConfigRemove found,content =null  

2025-08-25 11:34:25,367 WARN Tps point for ConfigRemove registered, But tps control manager is no limit implementation.

2025-08-25 11:34:25,367 INFO No tps control rule of ConfigPublish found,content =null  

2025-08-25 11:34:25,367 WARN Tps point for ConfigPublish registered, But tps control manager is no limit implementation.

2025-08-25 11:34:25,367 INFO No tps control rule of HealthCheck found,content =null  

2025-08-25 11:34:25,367 WARN Tps point for HealthCheck registered, But tps control manager is no limit implementation.

2025-08-25 11:34:25,367 INFO No tps control rule of RemoteNamingServiceQuery found,content =null  

2025-08-25 11:34:25,367 WARN Tps point for RemoteNamingServiceQuery registered, But tps control manager is no limit implementation.

2025-08-25 11:34:25,368 INFO No tps control rule of RemoteNamingInstanceBatchRegister found,content =null  

2025-08-25 11:34:25,368 WARN Tps point for RemoteNamingInstanceBatchRegister registered, But tps control manager is no limit implementation.

2025-08-25 11:34:25,368 INFO No tps control rule of RemoteNamingInstanceRegisterDeregister found,content =null  

2025-08-25 11:34:25,368 WARN Tps point for RemoteNamingInstanceRegisterDeregister registered, But tps control manager is no limit implementation.

2025-08-25 11:34:25,368 INFO No tps control rule of RemoteNamingServiceListQuery found,content =null  

2025-08-25 11:34:25,368 WARN Tps point for RemoteNamingServiceListQuery registered, But tps control manager is no limit implementation.

2025-08-25 11:34:25,368 INFO No tps control rule of RemoteNamingServiceSubscribeUnSubscribe found,content =null  

2025-08-25 11:34:25,368 WARN Tps point for RemoteNamingServiceSubscribeUnSubscribe registered, But tps control manager is no limit implementation.

2025-08-25 11:34:25,368 WARN Tps point for RemoteNamingInstanceRegisterDeregister registered, But tps control manager is no limit implementation.

2025-08-25 11:34:25,369 INFO No tps control rule of NamingServiceRegister found,content =null  

2025-08-25 11:34:25,369 WARN Tps point for NamingServiceRegister registered, But tps control manager is no limit implementation.

2025-08-25 11:34:25,369 INFO No tps control rule of NamingInstanceQuery found,content =null  

2025-08-25 11:34:25,369 WARN Tps point for NamingInstanceQuery registered, But tps control manager is no limit implementation.

2025-08-25 11:34:25,369 INFO No tps control rule of NamingServiceListQuery found,content =null  

2025-08-25 11:34:25,369 WARN Tps point for NamingServiceListQuery registered, But tps control manager is no limit implementation.

2025-08-25 11:34:25,369 INFO No tps control rule of NamingInstanceMetadataUpdate found,content =null  

2025-08-25 11:34:25,369 WARN Tps point for NamingInstanceMetadataUpdate registered, But tps control manager is no limit implementation.

2025-08-25 11:34:25,369 INFO No tps control rule of NamingServiceQuery found,content =null  

2025-08-25 11:34:25,369 WARN Tps point for NamingServiceQuery registered, But tps control manager is no limit implementation.

2025-08-25 11:34:25,369 WARN Tps point for NamingInstanceMetadataUpdate registered, But tps control manager is no limit implementation.

2025-08-25 11:34:25,369 INFO No tps control rule of NamingServiceDeregister found,content =null  

2025-08-25 11:34:25,369 WARN Tps point for NamingServiceDeregister registered, But tps control manager is no limit implementation.

2025-08-25 11:34:25,369 WARN Tps point for NamingServiceListQuery registered, But tps control manager is no limit implementation.

2025-08-25 11:34:25,369 INFO No tps control rule of NamingServiceSubscribe found,content =null  

2025-08-25 11:34:25,369 WARN Tps point for NamingServiceSubscribe registered, But tps control manager is no limit implementation.

2025-08-25 11:34:25,369 WARN Tps point for NamingServiceSubscribe registered, But tps control manager is no limit implementation.

2025-08-25 11:34:25,369 WARN Tps point for ConfigPublish registered, But tps control manager is no limit implementation.

2025-08-25 11:34:25,369 WARN Tps point for NamingInstanceQuery registered, But tps control manager is no limit implementation.

2025-08-25 11:34:25,369 INFO No tps control rule of NamingInstanceRegister found,content =null  

2025-08-25 11:34:25,369 WARN Tps point for NamingInstanceRegister registered, But tps control manager is no limit implementation.

2025-08-25 11:34:25,369 WARN Tps point for NamingServiceQuery registered, But tps control manager is no limit implementation.

2025-08-25 11:34:25,369 WARN Tps point for NamingInstanceMetadataUpdate registered, But tps control manager is no limit implementation.

2025-08-25 11:34:25,369 WARN Tps point for NamingInstanceMetadataUpdate registered, But tps control manager is no limit implementation.

2025-08-25 11:34:25,369 INFO No tps control rule of NamingInstanceDeregister found,content =null  

2025-08-25 11:34:25,369 WARN Tps point for NamingInstanceDeregister registered, But tps control manager is no limit implementation.

2025-08-25 11:34:25,369 INFO No tps control rule of NamingServiceUpdate found,content =null  

2025-08-25 11:34:25,369 WARN Tps point for NamingServiceUpdate registered, But tps control manager is no limit implementation.

2025-08-25 11:34:25,369 INFO No tps control rule of NamingInstanceUpdate found,content =null  

2025-08-25 11:34:25,369 WARN Tps point for NamingInstanceUpdate registered, But tps control manager is no limit implementation.

2025-08-25 11:34:25,369 INFO No tps control rule of HttpHealthCheck found,content =null  

2025-08-25 11:34:25,369 WARN Tps point for HttpHealthCheck registered, But tps control manager is no limit implementation.

2025-08-25 11:34:25,369 WARN Tps point for ConfigQuery registered, But tps control manager is no limit implementation.

2025-08-25 11:34:25,369 WARN Tps point for NamingInstanceUpdate registered, But tps control manager is no limit implementation.

2025-08-25 11:34:25,369 WARN Tps point for NamingServiceRegister registered, But tps control manager is no limit implementation.

2025-08-25 11:34:25,369 WARN Tps point for NamingInstanceRegister registered, But tps control manager is no limit implementation.

2025-08-25 11:34:25,369 WARN Tps point for NamingServiceUpdate registered, But tps control manager is no limit implementation.

2025-08-25 11:34:25,369 WARN Tps point for HttpHealthCheck registered, But tps control manager is no limit implementation.

2025-08-25 11:34:25,369 WARN Tps point for NamingServiceDeregister registered, But tps control manager is no limit implementation.

2025-08-25 11:34:25,369 WARN Tps point for NamingInstanceDeregister registered, But tps control manager is no limit implementation.

2025-08-25 11:34:25,372 INFO Started Nacos in 6.928 seconds (JVM running for 7.324)

2025-08-25 11:34:25,372 INFO Nacos started successfully in stand alone mode. use embedded storage

2025-08-25 11:34:26,308 INFO ConnectionMetrics, totalCount = 0, detail = {long_connection=0, long_polling=0}

2025-08-25 11:34:27,118 INFO Connection check task start

2025-08-25 11:34:27,118 INFO Long connection metrics detail ,Total count =0, sdkCount=0,clusterCount=0

2025-08-25 11:34:27,118 INFO Out dated connection ,size=0

2025-08-25 11:34:27,118 INFO Connection check task end

2025-08-25 11:34:29,308 INFO ConnectionMetrics, totalCount = 0, detail = {long_connection=0, long_polling=0}

2025-08-25 11:34:30,118 INFO Connection check task start

2025-08-25 11:34:30,118 INFO Long connection metrics detail ,Total count =0, sdkCount=0,clusterCount=0

2025-08-25 11:34:30,118 INFO Out dated connection ,size=0

2025-08-25 11:34:30,118 INFO Connection check task end

2025-08-25 11:34:32,309 INFO ConnectionMetrics, totalCount = 0, detail = {long_connection=0, long_polling=0}

2025-08-25 11:34:33,119 INFO Connection check task start

2025-08-25 11:34:33,119 INFO Long connection metrics detail ,Total count =0, sdkCount=0,clusterCount=0

2025-08-25 11:34:33,119 INFO Out dated connection ,size=0

2025-08-25 11:34:33,119 INFO Connection check task end

2025-08-25 11:34:35,310 INFO ConnectionMetrics, totalCount = 0, detail = {long_connection=0, long_polling=0}

2025-08-25 11:34:36,120 INFO Connection check task start

2025-08-25 11:34:36,120 INFO Long connection metrics detail ,Total count =0, sdkCount=0,clusterCount=0

2025-08-25 11:34:36,120 INFO Out dated connection ,size=0

2025-08-25 11:34:36,120 INFO Connection check task end

2025-08-25 11:34:38,311 INFO ConnectionMetrics, totalCount = 0, detail = {long_connection=0, long_polling=0}

2025-08-25 11:34:39,122 INFO Connection check task start

2025-08-25 11:34:39,122 INFO Long connection metrics detail ,Total count =0, sdkCount=0,clusterCount=0

2025-08-25 11:34:39,122 INFO Out dated connection ,size=0

2025-08-25 11:34:39,122 INFO Connection check task end

2025-08-25 11:34:41,311 INFO ConnectionMetrics, totalCount = 0, detail = {long_connection=0, long_polling=0}

2025-08-25 11:34:42,124 INFO Connection check task start

2025-08-25 11:34:42,124 INFO Long connection metrics detail ,Total count =0, sdkCount=0,clusterCount=0

2025-08-25 11:34:42,124 INFO Out dated connection ,size=0

2025-08-25 11:34:42,124 INFO Connection check task end

2025-08-25 11:34:44,312 INFO ConnectionMetrics, totalCount = 0, detail = {long_connection=0, long_polling=0}

2025-08-25 11:34:45,126 INFO Connection check task start

2025-08-25 11:34:45,126 INFO Long connection metrics detail ,Total count =0, sdkCount=0,clusterCount=0

2025-08-25 11:34:45,126 INFO Out dated connection ,size=0

2025-08-25 11:34:45,126 INFO Connection check task end

2025-08-25 11:34:47,313 INFO ConnectionMetrics, totalCount = 0, detail = {long_connection=0, long_polling=0}

2025-08-25 11:34:48,126 INFO Connection check task start

2025-08-25 11:34:48,126 INFO Long connection metrics detail ,Total count =0, sdkCount=0,clusterCount=0

2025-08-25 11:34:48,126 INFO Out dated connection ,size=0

2025-08-25 11:34:48,126 INFO Connection check task end

2025-08-25 11:34:50,314 INFO ConnectionMetrics, totalCount = 0, detail = {long_connection=0, long_polling=0}

2025-08-25 11:34:51,127 INFO Connection check task start

2025-08-25 11:34:51,127 INFO Long connection metrics detail ,Total count =0, sdkCount=0,clusterCount=0

2025-08-25 11:34:51,127 INFO Out dated connection ,size=0

2025-08-25 11:34:51,127 INFO Connection check task end

2025-08-25 11:34:53,316 INFO ConnectionMetrics, totalCount = 0, detail = {long_connection=0, long_polling=0}

2025-08-25 11:34:54,128 INFO Connection check task start

2025-08-25 11:34:54,128 INFO Long connection metrics detail ,Total count =0, sdkCount=0,clusterCount=0

2025-08-25 11:34:54,128 INFO Out dated connection ,size=0

2025-08-25 11:34:54,128 INFO Connection check task end

2025-08-25 11:34:56,317 INFO ConnectionMetrics, totalCount = 0, detail = {long_connection=0, long_polling=0}

2025-08-25 11:34:57,129 INFO Connection check task start

2025-08-25 11:34:57,129 INFO Long connection metrics detail ,Total count =0, sdkCount=0,clusterCount=0

2025-08-25 11:34:57,129 INFO Out dated connection ,size=0

2025-08-25 11:34:57,129 INFO Connection check task end

2025-08-25 11:34:59,079 INFO Initializing Spring DispatcherServlet 'dispatcherServlet'

2025-08-25 11:34:59,079 INFO Initializing Servlet 'dispatcherServlet'

2025-08-25 11:34:59,080 INFO Completed initialization in 1 ms

2025-08-25 11:34:59,089 INFO Get ParamCheck config from env, ParamCheckConfig{paramCheckEnabled=trueactiveParamChecker=default}

2025-08-25 11:34:59,318 INFO ConnectionMetrics, totalCount = 0, detail = {long_connection=0, long_polling=0}

2025-08-25 11:35:00,131 INFO Connection check task start

2025-08-25 11:35:00,131 INFO Long connection metrics detail ,Total count =0, sdkCount=0,clusterCount=0

2025-08-25 11:35:00,131 INFO Out dated connection ,size=0

2025-08-25 11:35:00,131 INFO Connection check task end

2025-08-25 11:35:02,319 INFO ConnectionMetrics, totalCount = 0, detail = {long_connection=0, long_polling=0}

2025-08-25 11:35:03,132 INFO Connection check task start

2025-08-25 11:35:03,132 INFO Long connection metrics detail ,Total count =0, sdkCount=0,clusterCount=0

2025-08-25 11:35:03,132 INFO Out dated connection ,size=0

2025-08-25 11:35:03,132 INFO Connection check task end

2025-08-25 11:35:05,321 INFO ConnectionMetrics, totalCount = 0, detail = {long_connection=0, long_polling=0}

2025-08-25 11:35:06,133 INFO Connection check task start

2025-08-25 11:35:06,133 INFO Long connection metrics detail ,Total count =0, sdkCount=0,clusterCount=0

2025-08-25 11:35:06,133 INFO Out dated connection ,size=0

2025-08-25 11:35:06,133 INFO Connection check task end

2025-08-25 11:35:08,322 INFO ConnectionMetrics, totalCount = 0, detail = {long_connection=0, long_polling=0}

2025-08-25 11:35:09,134 INFO Connection check task start

2025-08-25 11:35:09,134 INFO Long connection metrics detail ,Total count =0, sdkCount=0,clusterCount=0

2025-08-25 11:35:09,134 INFO Out dated connection ,size=0

2025-08-25 11:35:09,134 INFO Connection check task end

2025-08-25 11:35:11,323 INFO ConnectionMetrics, totalCount = 0, detail = {long_connection=0, long_polling=0}

2025-08-25 11:35:12,135 INFO Connection check task start

2025-08-25 11:35:12,135 INFO Long connection metrics detail ,Total count =0, sdkCount=0,clusterCount=0

2025-08-25 11:35:12,135 INFO Out dated connection ,size=0

2025-08-25 11:35:12,135 INFO Connection check task end

2025-08-25 11:35:14,324 INFO ConnectionMetrics, totalCount = 0, detail = {long_connection=0, long_polling=0}

2025-08-25 11:35:15,136 INFO Connection check task start

2025-08-25 11:35:15,136 INFO Long connection metrics detail ,Total count =0, sdkCount=0,clusterCount=0

2025-08-25 11:35:15,136 INFO Out dated connection ,size=0

2025-08-25 11:35:15,136 INFO Connection check task end

2025-08-25 11:35:17,326 INFO ConnectionMetrics, totalCount = 0, detail = {long_connection=0, long_polling=0}

2025-08-25 11:35:18,137 INFO Connection check task start

2025-08-25 11:35:18,137 INFO Long connection metrics detail ,Total count =0, sdkCount=0,clusterCount=0

2025-08-25 11:35:18,137 INFO Out dated connection ,size=0

2025-08-25 11:35:18,137 INFO Connection check task end

2025-08-25 11:35:20,327 INFO ConnectionMetrics, totalCount = 0, detail = {long_connection=0, long_polling=0}

2025-08-25 11:35:21,137 INFO Connection check task start

2025-08-25 11:35:21,137 INFO Long connection metrics detail ,Total count =0, sdkCount=0,clusterCount=0

2025-08-25 11:35:21,137 INFO Out dated connection ,size=0

2025-08-25 11:35:21,137 INFO Connection check task end

2025-08-25 11:35:23,328 INFO ConnectionMetrics, totalCount = 0, detail = {long_connection=0, long_polling=0}

2025-08-25 11:35:24,138 INFO Connection check task start

2025-08-25 11:35:24,138 INFO Long connection metrics detail ,Total count =0, sdkCount=0,clusterCount=0

2025-08-25 11:35:24,138 INFO Out dated connection ,size=0

2025-08-25 11:35:24,138 INFO Connection check task end

2025-08-25 11:35:26,329 INFO ConnectionMetrics, totalCount = 0, detail = {long_connection=0, long_polling=0}

2025-08-25 11:35:27,139 INFO Connection check task start

2025-08-25 11:35:27,139 INFO Long connection metrics detail ,Total count =0, sdkCount=0,clusterCount=0

2025-08-25 11:35:27,139 INFO Out dated connection ,size=0

2025-08-25 11:35:27,139 INFO Connection check task end

2025-08-25 11:35:29,329 INFO ConnectionMetrics, totalCount = 0, detail = {long_connection=0, long_polling=0}

2025-08-25 11:35:30,140 INFO Connection check task start

2025-08-25 11:35:30,140 INFO Long connection metrics detail ,Total count =0, sdkCount=0,clusterCount=0

2025-08-25 11:35:30,140 INFO Out dated connection ,size=0

2025-08-25 11:35:30,140 INFO Connection check task end

2025-08-25 11:35:32,330 INFO ConnectionMetrics, totalCount = 0, detail = {long_connection=0, long_polling=0}

2025-08-25 11:35:33,141 INFO Connection check task start

2025-08-25 11:35:33,141 INFO Long connection metrics detail ,Total count =0, sdkCount=0,clusterCount=0

2025-08-25 11:35:33,141 INFO Out dated connection ,size=0

2025-08-25 11:35:33,141 INFO Connection check task end

2025-08-25 11:35:35,330 INFO ConnectionMetrics, totalCount = 0, detail = {long_connection=0, long_polling=0}

2025-08-25 11:35:36,143 INFO Connection check task start

2025-08-25 11:35:36,143 INFO Long connection metrics detail ,Total count =0, sdkCount=0,clusterCount=0

2025-08-25 11:35:36,143 INFO Out dated connection ,size=0

2025-08-25 11:35:36,143 INFO Connection check task end

2025-08-25 11:35:38,331 INFO ConnectionMetrics, totalCount = 0, detail = {long_connection=0, long_polling=0}

2025-08-25 11:35:39,144 INFO Connection check task start

2025-08-25 11:35:39,144 INFO Long connection metrics detail ,Total count =0, sdkCount=0,clusterCount=0

2025-08-25 11:35:39,144 INFO Out dated connection ,size=0

2025-08-25 11:35:39,144 INFO Connection check task end

2025-08-25 11:35:41,332 INFO ConnectionMetrics, totalCount = 0, detail = {long_connection=0, long_polling=0}

2025-08-25 11:35:42,144 INFO Connection check task start

2025-08-25 11:35:42,144 INFO Long connection metrics detail ,Total count =0, sdkCount=0,clusterCount=0

2025-08-25 11:35:42,144 INFO Out dated connection ,size=0

2025-08-25 11:35:42,144 INFO Connection check task end

2025-08-25 11:35:44,334 INFO ConnectionMetrics, totalCount = 0, detail = {long_connection=0, long_polling=0}

2025-08-25 11:35:45,145 INFO Connection check task start

2025-08-25 11:35:45,145 INFO Long connection metrics detail ,Total count =0, sdkCount=0,clusterCount=0

2025-08-25 11:35:45,145 INFO Out dated connection ,size=0

2025-08-25 11:35:45,145 INFO Connection check task end

2025-08-25 11:35:47,334 INFO ConnectionMetrics, totalCount = 0, detail = {long_connection=0, long_polling=0}

2025-08-25 11:35:48,146 INFO Connection check task start

2025-08-25 11:35:48,146 INFO Long connection metrics detail ,Total count =0, sdkCount=0,clusterCount=0

2025-08-25 11:35:48,146 INFO Out dated connection ,size=0

2025-08-25 11:35:48,146 INFO Connection check task end

2025-08-25 11:35:50,335 INFO ConnectionMetrics, totalCount = 0, detail = {long_connection=0, long_polling=0}

2025-08-25 11:35:51,147 INFO Connection check task start

2025-08-25 11:35:51,147 INFO Long connection metrics detail ,Total count =0, sdkCount=0,clusterCount=0

2025-08-25 11:35:51,147 INFO Out dated connection ,size=0

2025-08-25 11:35:51,147 INFO Connection check task end

2025-08-25 11:35:53,336 INFO ConnectionMetrics, totalCount = 0, detail = {long_connection=0, long_polling=0}

2025-08-25 11:35:54,148 INFO Connection check task start

2025-08-25 11:35:54,148 INFO Long connection metrics detail ,Total count =0, sdkCount=0,clusterCount=0

2025-08-25 11:35:54,148 INFO Out dated connection ,size=0

2025-08-25 11:35:54,148 INFO Connection check task end

2025-08-25 11:35:56,337 INFO ConnectionMetrics, totalCount = 0, detail = {long_connection=0, long_polling=0}

2025-08-25 11:35:57,149 INFO Connection check task start

2025-08-25 11:35:57,149 INFO Long connection metrics detail ,Total count =0, sdkCount=0,clusterCount=0

2025-08-25 11:35:57,149 INFO Out dated connection ,size=0

2025-08-25 11:35:57,149 INFO Connection check task end

2025-08-25 11:35:59,338 INFO ConnectionMetrics, totalCount = 0, detail = {long_connection=0, long_polling=0}

2025-08-25 11:36:00,150 INFO Connection check task start

2025-08-25 11:36:00,150 INFO Long connection metrics detail ,Total count =0, sdkCount=0,clusterCount=0

2025-08-25 11:36:00,150 INFO Out dated connection ,size=0

2025-08-25 11:36:00,150 INFO Connection check task end

2025-08-25 11:36:02,339 INFO ConnectionMetrics, totalCount = 0, detail = {long_connection=0, long_polling=0}

2025-08-25 11:36:03,151 INFO Connection check task start

2025-08-25 11:36:03,151 INFO Long connection metrics detail ,Total count =0, sdkCount=0,clusterCount=0

2025-08-25 11:36:03,151 INFO Out dated connection ,size=0

2025-08-25 11:36:03,151 INFO Connection check task end

2025-08-25 11:36:05,340 INFO ConnectionMetrics, totalCount = 0, detail = {long_connection=0, long_polling=0}

2025-08-25 11:36:06,152 INFO Connection check task start

2025-08-25 11:36:06,152 INFO Long connection metrics detail ,Total count =0, sdkCount=0,clusterCount=0

2025-08-25 11:36:06,152 INFO Out dated connection ,size=0

2025-08-25 11:36:06,152 INFO Connection check task end

2025-08-25 11:36:08,341 INFO ConnectionMetrics, totalCount = 0, detail = {long_connection=0, long_polling=0}

2025-08-25 11:36:09,154 INFO Connection check task start

2025-08-25 11:36:09,154 INFO Long connection metrics detail ,Total count =0, sdkCount=0,clusterCount=0

2025-08-25 11:36:09,154 INFO Out dated connection ,size=0

2025-08-25 11:36:09,154 INFO Connection check task end

2025-08-25 11:36:11,342 INFO ConnectionMetrics, totalCount = 0, detail = {long_connection=0, long_polling=0}

2025-08-25 11:36:12,155 INFO Connection check task start

2025-08-25 11:36:12,155 INFO Long connection metrics detail ,Total count =0, sdkCount=0,clusterCount=0

2025-08-25 11:36:12,155 INFO Out dated connection ,size=0

2025-08-25 11:36:12,155 INFO Connection check task end

2025-08-25 11:36:14,345 INFO ConnectionMetrics, totalCount = 0, detail = {long_connection=0, long_polling=0}

2025-08-25 11:36:15,156 INFO Connection check task start

2025-08-25 11:36:15,156 INFO Long connection metrics detail ,Total count =0, sdkCount=0,clusterCount=0

2025-08-25 11:36:15,156 INFO Out dated connection ,size=0

2025-08-25 11:36:15,156 INFO Connection check task end

2025-08-25 11:36:17,345 INFO ConnectionMetrics, totalCount = 0, detail = {long_connection=0, long_polling=0}

2025-08-25 11:36:18,157 INFO Connection check task start

2025-08-25 11:36:18,157 INFO Long connection metrics detail ,Total count =0, sdkCount=0,clusterCount=0

2025-08-25 11:36:18,157 INFO Out dated connection ,size=0

2025-08-25 11:36:18,157 INFO Connection check task end

2025-08-25 11:36:20,346 INFO ConnectionMetrics, totalCount = 0, detail = {long_connection=0, long_polling=0}

2025-08-25 11:36:21,159 INFO Connection check task start

2025-08-25 11:36:21,159 INFO Long connection metrics detail ,Total count =0, sdkCount=0,clusterCount=0

2025-08-25 11:36:21,159 INFO Out dated connection ,size=0

2025-08-25 11:36:21,159 INFO Connection check task end

2025-08-25 11:36:23,348 INFO ConnectionMetrics, totalCount = 0, detail = {long_connection=0, long_polling=0}

2025-08-25 11:36:24,159 INFO Connection check task start

2025-08-25 11:36:24,159 INFO Long connection metrics detail ,Total count =0, sdkCount=0,clusterCount=0

2025-08-25 11:36:24,159 INFO Out dated connection ,size=0

2025-08-25 11:36:24,159 INFO Connection check task end

2025-08-25 11:36:26,349 INFO ConnectionMetrics, totalCount = 0, detail = {long_connection=0, long_polling=0}

2025-08-25 11:36:27,160 INFO Connection check task start

2025-08-25 11:36:27,160 INFO Long connection metrics detail ,Total count =0, sdkCount=0,clusterCount=0

2025-08-25 11:36:27,160 INFO Out dated connection ,size=0

2025-08-25 11:36:27,160 INFO Connection check task end

2025-08-25 11:36:29,350 INFO ConnectionMetrics, totalCount = 0, detail = {long_connection=0, long_polling=0}

2025-08-25 11:36:30,160 INFO Connection check task start

2025-08-25 11:36:30,160 INFO Long connection metrics detail ,Total count =0, sdkCount=0,clusterCount=0

2025-08-25 11:36:30,160 INFO Out dated connection ,size=0

2025-08-25 11:36:30,160 INFO Connection check task end

2025-08-25 11:36:32,351 INFO ConnectionMetrics, totalCount = 0, detail = {long_connection=0, long_polling=0}

2025-08-25 11:36:33,161 INFO Connection check task start

2025-08-25 11:36:33,161 INFO Long connection metrics detail ,Total count =0, sdkCount=0,clusterCount=0

2025-08-25 11:36:33,161 INFO Out dated connection ,size=0

2025-08-25 11:36:33,161 INFO Connection check task end

2025-08-25 11:36:35,352 INFO ConnectionMetrics, totalCount = 0, detail = {long_connection=0, long_polling=0}

2025-08-25 11:36:36,162 INFO Connection check task start

2025-08-25 11:36:36,162 INFO Long connection metrics detail ,Total count =0, sdkCount=0,clusterCount=0

2025-08-25 11:36:36,162 INFO Out dated connection ,size=0

2025-08-25 11:36:36,162 INFO Connection check task end

2025-08-25 11:36:38,353 INFO ConnectionMetrics, totalCount = 0, detail = {long_connection=0, long_polling=0}

2025-08-25 11:36:39,163 INFO Connection check task start

2025-08-25 11:36:39,163 INFO Long connection metrics detail ,Total count =0, sdkCount=0,clusterCount=0

2025-08-25 11:36:39,163 INFO Out dated connection ,size=0

2025-08-25 11:36:39,163 INFO Connection check task end

2025-08-25 11:36:41,353 INFO ConnectionMetrics, totalCount = 0, detail = {long_connection=0, long_polling=0}

2025-08-25 11:36:42,163 INFO Connection check task start

2025-08-25 11:36:42,163 INFO Long connection metrics detail ,Total count =0, sdkCount=0,clusterCount=0

2025-08-25 11:36:42,163 INFO Out dated connection ,size=0

2025-08-25 11:36:42,163 INFO Connection check task end

2025-08-25 11:36:44,354 INFO ConnectionMetrics, totalCount = 0, detail = {long_connection=0, long_polling=0}

2025-08-25 11:36:45,164 INFO Connection check task start

2025-08-25 11:36:45,164 INFO Long connection metrics detail ,Total count =0, sdkCount=0,clusterCount=0

2025-08-25 11:36:45,164 INFO Out dated connection ,size=0

2025-08-25 11:36:45,164 INFO Connection check task end

2025-08-25 11:36:47,354 INFO ConnectionMetrics, totalCount = 0, detail = {long_connection=0, long_polling=0}

2025-08-25 11:36:48,165 INFO Connection check task start

2025-08-25 11:36:48,165 INFO Long connection metrics detail ,Total count =0, sdkCount=0,clusterCount=0

2025-08-25 11:36:48,165 INFO Out dated connection ,size=0

2025-08-25 11:36:48,165 INFO Connection check task end

2025-08-25 11:36:50,356 INFO ConnectionMetrics, totalCount = 0, detail = {long_connection=0, long_polling=0}

2025-08-25 11:36:51,167 INFO Connection check task start

2025-08-25 11:36:51,167 INFO Long connection metrics detail ,Total count =0, sdkCount=0,clusterCount=0

2025-08-25 11:36:51,167 INFO Out dated connection ,size=0

2025-08-25 11:36:51,167 INFO Connection check task end

2025-08-25 11:36:53,358 INFO ConnectionMetrics, totalCount = 0, detail = {long_connection=0, long_polling=0}

2025-08-25 11:36:54,169 INFO Connection check task start

2025-08-25 11:36:54,169 INFO Long connection metrics detail ,Total count =0, sdkCount=0,clusterCount=0

2025-08-25 11:36:54,169 INFO Out dated connection ,size=0

2025-08-25 11:36:54,169 INFO Connection check task end

2025-08-25 11:36:56,358 INFO ConnectionMetrics, totalCount = 0, detail = {long_connection=0, long_polling=0}

2025-08-25 11:36:57,170 INFO Connection check task start

2025-08-25 11:36:57,170 INFO Long connection metrics detail ,Total count =0, sdkCount=0,clusterCount=0

2025-08-25 11:36:57,170 INFO Out dated connection ,size=0

2025-08-25 11:36:57,170 INFO Connection check task end

2025-08-25 11:36:59,360 INFO ConnectionMetrics, totalCount = 0, detail = {long_connection=0, long_polling=0}

2025-08-25 11:37:00,172 INFO Connection check task start

2025-08-25 11:37:00,172 INFO Long connection metrics detail ,Total count =0, sdkCount=0,clusterCount=0

2025-08-25 11:37:00,172 INFO Out dated connection ,size=0

2025-08-25 11:37:00,172 INFO Connection check task end

2025-08-25 11:37:02,361 INFO ConnectionMetrics, totalCount = 0, detail = {long_connection=0, long_polling=0}

2025-08-25 11:37:03,172 INFO Connection check task start

2025-08-25 11:37:03,172 INFO Long connection metrics detail ,Total count =0, sdkCount=0,clusterCount=0

2025-08-25 11:37:03,172 INFO Out dated connection ,size=0

2025-08-25 11:37:03,172 INFO Connection check task end

2025-08-25 11:37:05,361 INFO ConnectionMetrics, totalCount = 0, detail = {long_connection=0, long_polling=0}

2025-08-25 11:37:06,173 INFO Connection check task start

2025-08-25 11:37:06,173 INFO Long connection metrics detail ,Total count =0, sdkCount=0,clusterCount=0

2025-08-25 11:37:06,173 INFO Out dated connection ,size=0

2025-08-25 11:37:06,173 INFO Connection check task end

2025-08-25 11:37:08,363 INFO ConnectionMetrics, totalCount = 0, detail = {long_connection=0, long_polling=0}

2025-08-25 11:37:09,175 INFO Connection check task start

2025-08-25 11:37:09,175 INFO Long connection metrics detail ,Total count =0, sdkCount=0,clusterCount=0

2025-08-25 11:37:09,175 INFO Out dated connection ,size=0

2025-08-25 11:37:09,175 INFO Connection check task end

2025-08-25 11:37:11,363 INFO ConnectionMetrics, totalCount = 0, detail = {long_connection=0, long_polling=0}

2025-08-25 11:37:12,177 INFO Connection check task start

2025-08-25 11:37:12,177 INFO Long connection metrics detail ,Total count =0, sdkCount=0,clusterCount=0

2025-08-25 11:37:12,177 INFO Out dated connection ,size=0

2025-08-25 11:37:12,177 INFO Connection check task end

2025-08-25 11:37:14,364 INFO ConnectionMetrics, totalCount = 0, detail = {long_connection=0, long_polling=0}

2025-08-25 11:37:15,178 INFO Connection check task start

2025-08-25 11:37:15,178 INFO Long connection metrics detail ,Total count =0, sdkCount=0,clusterCount=0

2025-08-25 11:37:15,178 INFO Out dated connection ,size=0

2025-08-25 11:37:15,178 INFO Connection check task end

2025-08-25 11:37:17,366 INFO ConnectionMetrics, totalCount = 0, detail = {long_connection=0, long_polling=0}

2025-08-25 11:37:18,179 INFO Connection check task start

2025-08-25 11:37:18,179 INFO Long connection metrics detail ,Total count =0, sdkCount=0,clusterCount=0

2025-08-25 11:37:18,179 INFO Out dated connection ,size=0

2025-08-25 11:37:18,179 INFO Connection check task end

2025-08-25 11:37:20,368 INFO ConnectionMetrics, totalCount = 0, detail = {long_connection=0, long_polling=0}

2025-08-25 11:37:21,181 INFO Connection check task start

2025-08-25 11:37:21,181 INFO Long connection metrics detail ,Total count =0, sdkCount=0,clusterCount=0

2025-08-25 11:37:21,181 INFO Out dated connection ,size=0

2025-08-25 11:37:21,181 INFO Connection check task end

2025-08-25 11:37:23,369 INFO ConnectionMetrics, totalCount = 0, detail = {long_connection=0, long_polling=0}

2025-08-25 11:37:24,181 INFO Connection check task start

2025-08-25 11:37:24,181 INFO Long connection metrics detail ,Total count =0, sdkCount=0,clusterCount=0

2025-08-25 11:37:24,181 INFO Out dated connection ,size=0

2025-08-25 11:37:24,181 INFO Connection check task end

2025-08-25 11:37:26,370 INFO ConnectionMetrics, totalCount = 0, detail = {long_connection=0, long_polling=0}

2025-08-25 11:37:27,182 INFO Connection check task start

2025-08-25 11:37:27,182 INFO Long connection metrics detail ,Total count =0, sdkCount=0,clusterCount=0

2025-08-25 11:37:27,182 INFO Out dated connection ,size=0

2025-08-25 11:37:27,182 INFO Connection check task end

2025-08-25 11:37:29,373 INFO ConnectionMetrics, totalCount = 0, detail = {long_connection=0, long_polling=0}

2025-08-25 11:37:30,182 INFO Connection check task start

2025-08-25 11:37:30,182 INFO Long connection metrics detail ,Total count =0, sdkCount=0,clusterCount=0

2025-08-25 11:37:30,182 INFO Out dated connection ,size=0

2025-08-25 11:37:30,182 INFO Connection check task end

2025-08-25 11:37:32,374 INFO ConnectionMetrics, totalCount = 0, detail = {long_connection=0, long_polling=0}

2025-08-25 11:37:33,183 INFO Connection check task start

2025-08-25 11:37:33,183 INFO Long connection metrics detail ,Total count =0, sdkCount=0,clusterCount=0

2025-08-25 11:37:33,183 INFO Out dated connection ,size=0

2025-08-25 11:37:33,183 INFO Connection check task end

2025-08-25 11:37:35,375 INFO ConnectionMetrics, totalCount = 0, detail = {long_connection=0, long_polling=0}

2025-08-25 11:37:36,183 INFO Connection check task start

2025-08-25 11:37:36,183 INFO Long connection metrics detail ,Total count =0, sdkCount=0,clusterCount=0

2025-08-25 11:37:36,183 INFO Out dated connection ,size=0

2025-08-25 11:37:36,183 INFO Connection check task end

2025-08-25 11:37:38,376 INFO ConnectionMetrics, totalCount = 0, detail = {long_connection=0, long_polling=0}

2025-08-25 11:37:39,184 INFO Connection check task start

2025-08-25 11:37:39,184 INFO Long connection metrics detail ,Total count =0, sdkCount=0,clusterCount=0

2025-08-25 11:37:39,184 INFO Out dated connection ,size=0

2025-08-25 11:37:39,184 INFO Connection check task end

2025-08-25 11:37:41,378 INFO ConnectionMetrics, totalCount = 0, detail = {long_connection=0, long_polling=0}

2025-08-25 11:37:42,184 INFO Connection check task start

2025-08-25 11:37:42,184 INFO Long connection metrics detail ,Total count =0, sdkCount=0,clusterCount=0

2025-08-25 11:37:42,184 INFO Out dated connection ,size=0

2025-08-25 11:37:42,184 INFO Connection check task end

2025-08-25 11:37:44,379 INFO ConnectionMetrics, totalCount = 0, detail = {long_connection=0, long_polling=0}

2025-08-25 11:37:45,185 INFO Connection check task start

2025-08-25 11:37:45,185 INFO Long connection metrics detail ,Total count =0, sdkCount=0,clusterCount=0

2025-08-25 11:37:45,185 INFO Out dated connection ,size=0

2025-08-25 11:37:45,185 INFO Connection check task end

2025-08-25 11:37:47,380 INFO ConnectionMetrics, totalCount = 0, detail = {long_connection=0, long_polling=0}

2025-08-25 11:37:48,186 INFO Connection check task start

2025-08-25 11:37:48,186 INFO Long connection metrics detail ,Total count =0, sdkCount=0,clusterCount=0

2025-08-25 11:37:48,186 INFO Out dated connection ,size=0

2025-08-25 11:37:48,186 INFO Connection check task end

2025-08-25 11:37:50,381 INFO ConnectionMetrics, totalCount = 0, detail = {long_connection=0, long_polling=0}

2025-08-25 11:37:51,187 INFO Connection check task start

2025-08-25 11:37:51,187 INFO Long connection metrics detail ,Total count =0, sdkCount=0,clusterCount=0

2025-08-25 11:37:51,187 INFO Out dated connection ,size=0

2025-08-25 11:37:51,187 INFO Connection check task end

2025-08-25 11:37:53,382 INFO ConnectionMetrics, totalCount = 0, detail = {long_connection=0, long_polling=0}

2025-08-25 11:37:54,187 INFO Connection check task start

2025-08-25 11:37:54,187 INFO Long connection metrics detail ,Total count =0, sdkCount=0,clusterCount=0

2025-08-25 11:37:54,187 INFO Out dated connection ,size=0

2025-08-25 11:37:54,187 INFO Connection check task end

2025-08-25 11:37:56,382 INFO ConnectionMetrics, totalCount = 0, detail = {long_connection=0, long_polling=0}

2025-08-25 11:37:57,189 INFO Connection check task start

2025-08-25 11:37:57,189 INFO Long connection metrics detail ,Total count =0, sdkCount=0,clusterCount=0

2025-08-25 11:37:57,189 INFO Out dated connection ,size=0

2025-08-25 11:37:57,189 INFO Connection check task end

2025-08-25 11:37:59,383 INFO ConnectionMetrics, totalCount = 0, detail = {long_connection=0, long_polling=0}

2025-08-25 11:38:00,189 INFO Connection check task start

2025-08-25 11:38:00,189 INFO Long connection metrics detail ,Total count =0, sdkCount=0,clusterCount=0

2025-08-25 11:38:00,189 INFO Out dated connection ,size=0

2025-08-25 11:38:00,189 INFO Connection check task end

2025-08-25 11:38:02,383 INFO ConnectionMetrics, totalCount = 0, detail = {long_connection=0, long_polling=0}

2025-08-25 11:38:03,191 INFO Connection check task start

2025-08-25 11:38:03,191 INFO Long connection metrics detail ,Total count =0, sdkCount=0,clusterCount=0

2025-08-25 11:38:03,191 INFO Out dated connection ,size=0

2025-08-25 11:38:03,191 INFO Connection check task end

2025-08-25 11:38:05,384 INFO ConnectionMetrics, totalCount = 0, detail = {long_connection=0, long_polling=0}

2025-08-25 11:38:06,192 INFO Connection check task start

2025-08-25 11:38:06,192 INFO Long connection metrics detail ,Total count =0, sdkCount=0,clusterCount=0

2025-08-25 11:38:06,192 INFO Out dated connection ,size=0

2025-08-25 11:38:06,192 INFO Connection check task end

2025-08-25 11:38:08,385 INFO ConnectionMetrics, totalCount = 0, detail = {long_connection=0, long_polling=0}

2025-08-25 11:38:09,194 INFO Connection check task start

2025-08-25 11:38:09,194 INFO Long connection metrics detail ,Total count =0, sdkCount=0,clusterCount=0

2025-08-25 11:38:09,194 INFO Out dated connection ,size=0

2025-08-25 11:38:09,194 INFO Connection check task end

2025-08-25 11:38:11,387 INFO ConnectionMetrics, totalCount = 0, detail = {long_connection=0, long_polling=0}

2025-08-25 11:38:12,195 INFO Connection check task start

2025-08-25 11:38:12,195 INFO Long connection metrics detail ,Total count =0, sdkCount=0,clusterCount=0

2025-08-25 11:38:12,195 INFO Out dated connection ,size=0

2025-08-25 11:38:12,195 INFO Connection check task end

2025-08-25 11:38:14,388 INFO ConnectionMetrics, totalCount = 0, detail = {long_connection=0, long_polling=0}

2025-08-25 11:38:15,197 INFO Connection check task start

2025-08-25 11:38:15,197 INFO Long connection metrics detail ,Total count =0, sdkCount=0,clusterCount=0

2025-08-25 11:38:15,197 INFO Out dated connection ,size=0

2025-08-25 11:38:15,197 INFO Connection check task end

2025-08-25 11:38:17,388 INFO ConnectionMetrics, totalCount = 0, detail = {long_connection=0, long_polling=0}

2025-08-25 11:38:18,197 INFO Connection check task start

2025-08-25 11:38:18,197 INFO Long connection metrics detail ,Total count =0, sdkCount=0,clusterCount=0

2025-08-25 11:38:18,197 INFO Out dated connection ,size=0

2025-08-25 11:38:18,197 INFO Connection check task end

2025-08-25 11:38:20,388 INFO ConnectionMetrics, totalCount = 0, detail = {long_connection=0, long_polling=0}

2025-08-25 11:38:21,198 INFO Connection check task start

2025-08-25 11:38:21,198 INFO Long connection metrics detail ,Total count =0, sdkCount=0,clusterCount=0

2025-08-25 11:38:21,198 INFO Out dated connection ,size=0

2025-08-25 11:38:21,198 INFO Connection check task end

2025-08-25 11:38:23,389 INFO ConnectionMetrics, totalCount = 0, detail = {long_connection=0, long_polling=0}

2025-08-25 11:38:24,199 INFO Connection check task start

2025-08-25 11:38:24,199 INFO Long connection metrics detail ,Total count =0, sdkCount=0,clusterCount=0

2025-08-25 11:38:24,199 INFO Out dated connection ,size=0

2025-08-25 11:38:24,199 INFO Connection check task end

2025-08-25 11:38:26,391 INFO ConnectionMetrics, totalCount = 0, detail = {long_connection=0, long_polling=0}

2025-08-25 11:38:27,200 INFO Connection check task start

2025-08-25 11:38:27,200 INFO Long connection metrics detail ,Total count =0, sdkCount=0,clusterCount=0

2025-08-25 11:38:27,200 INFO Out dated connection ,size=0

2025-08-25 11:38:27,200 INFO Connection check task end

2025-08-25 11:38:29,391 INFO ConnectionMetrics, totalCount = 0, detail = {long_connection=0, long_polling=0}

2025-08-25 11:38:30,201 INFO Connection check task start

2025-08-25 11:38:30,201 INFO Long connection metrics detail ,Total count =0, sdkCount=0,clusterCount=0

2025-08-25 11:38:30,201 INFO Out dated connection ,size=0

2025-08-25 11:38:30,201 INFO Connection check task end

2025-08-25 11:38:32,392 INFO ConnectionMetrics, totalCount = 0, detail = {long_connection=0, long_polling=0}

2025-08-25 11:38:33,203 INFO Connection check task start

2025-08-25 11:38:33,203 INFO Long connection metrics detail ,Total count =0, sdkCount=0,clusterCount=0

2025-08-25 11:38:33,203 INFO Out dated connection ,size=0

2025-08-25 11:38:33,203 INFO Connection check task end

2025-08-25 11:38:35,393 INFO ConnectionMetrics, totalCount = 0, detail = {long_connection=0, long_polling=0}

2025-08-25 11:38:36,205 INFO Connection check task start

2025-08-25 11:38:36,205 INFO Long connection metrics detail ,Total count =0, sdkCount=0,clusterCount=0

2025-08-25 11:38:36,205 INFO Out dated connection ,size=0

2025-08-25 11:38:36,205 INFO Connection check task end

2025-08-25 11:38:38,393 INFO ConnectionMetrics, totalCount = 0, detail = {long_connection=0, long_polling=0}

2025-08-25 11:38:39,205 INFO Connection check task start

2025-08-25 11:38:39,205 INFO Long connection metrics detail ,Total count =0, sdkCount=0,clusterCount=0

2025-08-25 11:38:39,205 INFO Out dated connection ,size=0

2025-08-25 11:38:39,205 INFO Connection check task end

2025-08-25 11:38:41,395 INFO ConnectionMetrics, totalCount = 0, detail = {long_connection=0, long_polling=0}

2025-08-25 11:38:42,206 INFO Connection check task start

2025-08-25 11:38:42,206 INFO Long connection metrics detail ,Total count =0, sdkCount=0,clusterCount=0

2025-08-25 11:38:42,206 INFO Out dated connection ,size=0

2025-08-25 11:38:42,206 INFO Connection check task end

2025-08-25 11:38:44,395 INFO ConnectionMetrics, totalCount = 0, detail = {long_connection=0, long_polling=0}

2025-08-25 11:38:45,207 INFO Connection check task start

2025-08-25 11:38:45,207 INFO Long connection metrics detail ,Total count =0, sdkCount=0,clusterCount=0

2025-08-25 11:38:45,207 INFO Out dated connection ,size=0

2025-08-25 11:38:45,207 INFO Connection check task end

2025-08-25 11:38:47,397 INFO ConnectionMetrics, totalCount = 0, detail = {long_connection=0, long_polling=0}

2025-08-25 11:38:48,208 INFO Connection check task start

2025-08-25 11:38:48,208 INFO Long connection metrics detail ,Total count =0, sdkCount=0,clusterCount=0

2025-08-25 11:38:48,208 INFO Out dated connection ,size=0

2025-08-25 11:38:48,208 INFO Connection check task end

2025-08-25 11:38:50,398 INFO ConnectionMetrics, totalCount = 0, detail = {long_connection=0, long_polling=0}

2025-08-25 11:38:51,209 INFO Connection check task start

2025-08-25 11:38:51,209 INFO Long connection metrics detail ,Total count =0, sdkCount=0,clusterCount=0

2025-08-25 11:38:51,209 INFO Out dated connection ,size=0

2025-08-25 11:38:51,209 INFO Connection check task end

2025-08-25 11:38:53,400 INFO ConnectionMetrics, totalCount = 0, detail = {long_connection=0, long_polling=0}

2025-08-25 11:38:54,209 INFO Connection check task start

2025-08-25 11:38:54,209 INFO Long connection metrics detail ,Total count =0, sdkCount=0,clusterCount=0

2025-08-25 11:38:54,209 INFO Out dated connection ,size=0

2025-08-25 11:38:54,209 INFO Connection check task end

2025-08-25 11:38:56,401 INFO ConnectionMetrics, totalCount = 0, detail = {long_connection=0, long_polling=0}

2025-08-25 11:38:57,211 INFO Connection check task start

2025-08-25 11:38:57,211 INFO Long connection metrics detail ,Total count =0, sdkCount=0,clusterCount=0

2025-08-25 11:38:57,211 INFO Out dated connection ,size=0

2025-08-25 11:38:57,211 INFO Connection check task end

2025-08-25 11:38:59,402 INFO ConnectionMetrics, totalCount = 0, detail = {long_connection=0, long_polling=0}

2025-08-25 11:39:00,211 INFO Connection check task start

2025-08-25 11:39:00,211 INFO Long connection metrics detail ,Total count =0, sdkCount=0,clusterCount=0

2025-08-25 11:39:00,211 INFO Out dated connection ,size=0

2025-08-25 11:39:00,211 INFO Connection check task end

2025-08-25 11:39:02,403 INFO ConnectionMetrics, totalCount = 0, detail = {long_connection=0, long_polling=0}

2025-08-25 11:39:03,212 INFO Connection check task start

2025-08-25 11:39:03,212 INFO Long connection metrics detail ,Total count =0, sdkCount=0,clusterCount=0

2025-08-25 11:39:03,212 INFO Out dated connection ,size=0

2025-08-25 11:39:03,212 INFO Connection check task end

2025-08-25 11:39:05,403 INFO ConnectionMetrics, totalCount = 0, detail = {long_connection=0, long_polling=0}

2025-08-25 11:39:06,213 INFO Connection check task start

2025-08-25 11:39:06,213 INFO Long connection metrics detail ,Total count =0, sdkCount=0,clusterCount=0

2025-08-25 11:39:06,213 INFO Out dated connection ,size=0

2025-08-25 11:39:06,213 INFO Connection check task end

2025-08-25 11:39:08,404 INFO ConnectionMetrics, totalCount = 0, detail = {long_connection=0, long_polling=0}

2025-08-25 11:39:09,214 INFO Connection check task start

2025-08-25 11:39:09,214 INFO Long connection metrics detail ,Total count =0, sdkCount=0,clusterCount=0

2025-08-25 11:39:09,214 INFO Out dated connection ,size=0

2025-08-25 11:39:09,214 INFO Connection check task end

2025-08-25 11:39:11,406 INFO ConnectionMetrics, totalCount = 0, detail = {long_connection=0, long_polling=0}

2025-08-25 11:39:12,215 INFO Connection check task start

2025-08-25 11:39:12,215 INFO Long connection metrics detail ,Total count =0, sdkCount=0,clusterCount=0

2025-08-25 11:39:12,215 INFO Out dated connection ,size=0

2025-08-25 11:39:12,215 INFO Connection check task end

2025-08-25 11:39:14,407 INFO ConnectionMetrics, totalCount = 0, detail = {long_connection=0, long_polling=0}

2025-08-25 11:39:15,216 INFO Connection check task start

2025-08-25 11:39:15,216 INFO Long connection metrics detail ,Total count =0, sdkCount=0,clusterCount=0

2025-08-25 11:39:15,216 INFO Out dated connection ,size=0

2025-08-25 11:39:15,216 INFO Connection check task end

2025-08-25 11:39:17,408 INFO ConnectionMetrics, totalCount = 0, detail = {long_connection=0, long_polling=0}

2025-08-25 11:39:18,217 INFO Connection check task start

2025-08-25 11:39:18,217 INFO Long connection metrics detail ,Total count =0, sdkCount=0,clusterCount=0

2025-08-25 11:39:18,217 INFO Out dated connection ,size=0

2025-08-25 11:39:18,217 INFO Connection check task end

2025-08-25 11:39:20,408 INFO ConnectionMetrics, totalCount = 0, detail = {long_connection=0, long_polling=0}

2025-08-25 11:39:21,217 INFO Connection check task start

2025-08-25 11:39:21,217 INFO Long connection metrics detail ,Total count =0, sdkCount=0,clusterCount=0

2025-08-25 11:39:21,217 INFO Out dated connection ,size=0

2025-08-25 11:39:21,217 INFO Connection check task end

2025-08-25 11:39:23,410 INFO ConnectionMetrics, totalCount = 0, detail = {long_connection=0, long_polling=0}

2025-08-25 11:39:24,218 INFO Connection check task start

2025-08-25 11:39:24,218 INFO Long connection metrics detail ,Total count =0, sdkCount=0,clusterCount=0

2025-08-25 11:39:24,218 INFO Out dated connection ,size=0

2025-08-25 11:39:24,218 INFO Connection check task end

2025-08-25 11:39:26,412 INFO ConnectionMetrics, totalCount = 0, detail = {long_connection=0, long_polling=0}

2025-08-25 11:39:27,219 INFO Connection check task start

2025-08-25 11:39:27,219 INFO Long connection metrics detail ,Total count =0, sdkCount=0,clusterCount=0

2025-08-25 11:39:27,219 INFO Out dated connection ,size=0

2025-08-25 11:39:27,219 INFO Connection check task end

2025-08-25 11:39:29,413 INFO ConnectionMetrics, totalCount = 0, detail = {long_connection=0, long_polling=0}

2025-08-25 11:39:30,220 INFO Connection check task start

2025-08-25 11:39:30,220 INFO Long connection metrics detail ,Total count =0, sdkCount=0,clusterCount=0

2025-08-25 11:39:30,220 INFO Out dated connection ,size=0

2025-08-25 11:39:30,220 INFO Connection check task end

2025-08-25 11:39:32,413 INFO ConnectionMetrics, totalCount = 0, detail = {long_connection=0, long_polling=0}

2025-08-25 11:39:33,221 INFO Connection check task start

2025-08-25 11:39:33,221 INFO Long connection metrics detail ,Total count =0, sdkCount=0,clusterCount=0

2025-08-25 11:39:33,221 INFO Out dated connection ,size=0

2025-08-25 11:39:33,221 INFO Connection check task end

2025-08-25 11:39:35,414 INFO ConnectionMetrics, totalCount = 0, detail = {long_connection=0, long_polling=0}

2025-08-25 11:39:36,221 INFO Connection check task start

2025-08-25 11:39:36,221 INFO Long connection metrics detail ,Total count =0, sdkCount=0,clusterCount=0

2025-08-25 11:39:36,221 INFO Out dated connection ,size=0

2025-08-25 11:39:36,221 INFO Connection check task end

2025-08-25 11:39:38,415 INFO ConnectionMetrics, totalCount = 0, detail = {long_connection=0, long_polling=0}

2025-08-25 11:39:39,223 INFO Connection check task start

2025-08-25 11:39:39,223 INFO Long connection metrics detail ,Total count =0, sdkCount=0,clusterCount=0

2025-08-25 11:39:39,223 INFO Out dated connection ,size=0

2025-08-25 11:39:39,223 INFO Connection check task end

2025-08-25 11:39:41,416 INFO ConnectionMetrics, totalCount = 0, detail = {long_connection=0, long_polling=0}

2025-08-25 11:39:42,225 INFO Connection check task start

2025-08-25 11:39:42,225 INFO Long connection metrics detail ,Total count =0, sdkCount=0,clusterCount=0

2025-08-25 11:39:42,225 INFO Out dated connection ,size=0

2025-08-25 11:39:42,225 INFO Connection check task end

2025-08-25 11:39:44,417 INFO ConnectionMetrics, totalCount = 0, detail = {long_connection=0, long_polling=0}

2025-08-25 11:39:45,225 INFO Connection check task start

2025-08-25 11:39:45,225 INFO Long connection metrics detail ,Total count =0, sdkCount=0,clusterCount=0

2025-08-25 11:39:45,225 INFO Out dated connection ,size=0

2025-08-25 11:39:45,225 INFO Connection check task end

2025-08-25 11:39:47,419 INFO ConnectionMetrics, totalCount = 0, detail = {long_connection=0, long_polling=0}

2025-08-25 11:39:48,226 INFO Connection check task start

2025-08-25 11:39:48,226 INFO Long connection metrics detail ,Total count =0, sdkCount=0,clusterCount=0

2025-08-25 11:39:48,226 INFO Out dated connection ,size=0

2025-08-25 11:39:48,226 INFO Connection check task end

2025-08-25 11:39:50,420 INFO ConnectionMetrics, totalCount = 0, detail = {long_connection=0, long_polling=0}

2025-08-25 11:39:51,227 INFO Connection check task start

2025-08-25 11:39:51,227 INFO Long connection metrics detail ,Total count =0, sdkCount=0,clusterCount=0

2025-08-25 11:39:51,227 INFO Out dated connection ,size=0

2025-08-25 11:39:51,227 INFO Connection check task end

2025-08-25 11:39:53,422 INFO ConnectionMetrics, totalCount = 0, detail = {long_connection=0, long_polling=0}

2025-08-25 11:39:54,229 INFO Connection check task start

2025-08-25 11:39:54,229 INFO Long connection metrics detail ,Total count =0, sdkCount=0,clusterCount=0

2025-08-25 11:39:54,229 INFO Out dated connection ,size=0

2025-08-25 11:39:54,229 INFO Connection check task end

2025-08-25 11:39:56,423 INFO ConnectionMetrics, totalCount = 0, detail = {long_connection=0, long_polling=0}

2025-08-25 11:39:57,230 INFO Connection check task start

2025-08-25 11:39:57,230 INFO Long connection metrics detail ,Total count =0, sdkCount=0,clusterCount=0

2025-08-25 11:39:57,230 INFO Out dated connection ,size=0

2025-08-25 11:39:57,230 INFO Connection check task end

2025-08-25 11:39:59,424 INFO ConnectionMetrics, totalCount = 0, detail = {long_connection=0, long_polling=0}

2025-08-25 11:40:00,231 INFO Connection check task start

2025-08-25 11:40:00,231 INFO Long connection metrics detail ,Total count =0, sdkCount=0,clusterCount=0

2025-08-25 11:40:00,231 INFO Out dated connection ,size=0

2025-08-25 11:40:00,231 INFO Connection check task end

2025-08-25 11:40:02,425 INFO ConnectionMetrics, totalCount = 0, detail = {long_connection=0, long_polling=0}

2025-08-25 11:40:03,231 INFO Connection check task start

2025-08-25 11:40:03,231 INFO Long connection metrics detail ,Total count =0, sdkCount=0,clusterCount=0

2025-08-25 11:40:03,231 INFO Out dated connection ,size=0

2025-08-25 11:40:03,231 INFO Connection check task end

2025-08-25 11:40:05,427 INFO ConnectionMetrics, totalCount = 0, detail = {long_connection=0, long_polling=0}

2025-08-25 11:40:06,233 INFO Connection check task start

2025-08-25 11:40:06,233 INFO Long connection metrics detail ,Total count =0, sdkCount=0,clusterCount=0

2025-08-25 11:40:06,233 INFO Out dated connection ,size=0

2025-08-25 11:40:06,233 INFO Connection check task end

2025-08-25 11:40:08,428 INFO ConnectionMetrics, totalCount = 0, detail = {long_connection=0, long_polling=0}

2025-08-25 11:40:09,234 INFO Connection check task start

2025-08-25 11:40:09,234 INFO Long connection metrics detail ,Total count =0, sdkCount=0,clusterCount=0

2025-08-25 11:40:09,234 INFO Out dated connection ,size=0

2025-08-25 11:40:09,234 INFO Connection check task end

2025-08-25 11:40:11,430 INFO ConnectionMetrics, totalCount = 0, detail = {long_connection=0, long_polling=0}

2025-08-25 11:40:12,235 INFO Connection check task start

2025-08-25 11:40:12,235 INFO Long connection metrics detail ,Total count =0, sdkCount=0,clusterCount=0

2025-08-25 11:40:12,235 INFO Out dated connection ,size=0

2025-08-25 11:40:12,235 INFO Connection check task end

2025-08-25 11:40:14,431 INFO ConnectionMetrics, totalCount = 0, detail = {long_connection=0, long_polling=0}

2025-08-25 11:40:15,236 INFO Connection check task start

2025-08-25 11:40:15,236 INFO Long connection metrics detail ,Total count =0, sdkCount=0,clusterCount=0

2025-08-25 11:40:15,236 INFO Out dated connection ,size=0

2025-08-25 11:40:15,236 INFO Connection check task end

2025-08-25 11:40:17,432 INFO ConnectionMetrics, totalCount = 0, detail = {long_connection=0, long_polling=0}

2025-08-25 11:40:18,237 INFO Connection check task start

2025-08-25 11:40:18,237 INFO Long connection metrics detail ,Total count =0, sdkCount=0,clusterCount=0

2025-08-25 11:40:18,237 INFO Out dated connection ,size=0

2025-08-25 11:40:18,237 INFO Connection check task end

2025-08-25 11:40:20,433 INFO ConnectionMetrics, totalCount = 0, detail = {long_connection=0, long_polling=0}

2025-08-25 11:40:21,237 INFO Connection check task start

2025-08-25 11:40:21,237 INFO Long connection metrics detail ,Total count =0, sdkCount=0,clusterCount=0

2025-08-25 11:40:21,237 INFO Out dated connection ,size=0

2025-08-25 11:40:21,237 INFO Connection check task end

2025-08-25 11:40:23,434 INFO ConnectionMetrics, totalCount = 0, detail = {long_connection=0, long_polling=0}

2025-08-25 11:40:24,238 INFO Connection check task start

2025-08-25 11:40:24,238 INFO Long connection metrics detail ,Total count =0, sdkCount=0,clusterCount=0

2025-08-25 11:40:24,238 INFO Out dated connection ,size=0

2025-08-25 11:40:24,238 INFO Connection check task end

2025-08-25 11:40:26,435 INFO ConnectionMetrics, totalCount = 0, detail = {long_connection=0, long_polling=0}

2025-08-25 11:40:27,240 INFO Connection check task start

2025-08-25 11:40:27,240 INFO Long connection metrics detail ,Total count =0, sdkCount=0,clusterCount=0

2025-08-25 11:40:27,240 INFO Out dated connection ,size=0

2025-08-25 11:40:27,240 INFO Connection check task end

2025-08-25 11:40:29,437 INFO ConnectionMetrics, totalCount = 0, detail = {long_connection=0, long_polling=0}

2025-08-25 11:40:30,241 INFO Connection check task start

2025-08-25 11:40:30,241 INFO Long connection metrics detail ,Total count =0, sdkCount=0,clusterCount=0

2025-08-25 11:40:30,241 INFO Out dated connection ,size=0

2025-08-25 11:40:30,241 INFO Connection check task end

2025-08-25 11:40:32,438 INFO ConnectionMetrics, totalCount = 0, detail = {long_connection=0, long_polling=0}

2025-08-25 11:40:33,242 INFO Connection check task start

2025-08-25 11:40:33,242 INFO Long connection metrics detail ,Total count =0, sdkCount=0,clusterCount=0

2025-08-25 11:40:33,242 INFO Out dated connection ,size=0

2025-08-25 11:40:33,242 INFO Connection check task end

2025-08-25 11:40:35,439 INFO ConnectionMetrics, totalCount = 0, detail = {long_connection=0, long_polling=0}

2025-08-25 11:40:36,242 INFO Connection check task start

2025-08-25 11:40:36,242 INFO Long connection metrics detail ,Total count =0, sdkCount=0,clusterCount=0

2025-08-25 11:40:36,242 INFO Out dated connection ,size=0

2025-08-25 11:40:36,242 INFO Connection check task end

2025-08-25 11:40:38,439 INFO ConnectionMetrics, totalCount = 0, detail = {long_connection=0, long_polling=0}

2025-08-25 11:40:39,243 INFO Connection check task start

2025-08-25 11:40:39,243 INFO Long connection metrics detail ,Total count =0, sdkCount=0,clusterCount=0

2025-08-25 11:40:39,243 INFO Out dated connection ,size=0

2025-08-25 11:40:39,243 INFO Connection check task end

2025-08-25 11:40:41,440 INFO ConnectionMetrics, totalCount = 0, detail = {long_connection=0, long_polling=0}

2025-08-25 11:40:42,244 INFO Connection check task start

2025-08-25 11:40:42,244 INFO Long connection metrics detail ,Total count =0, sdkCount=0,clusterCount=0

2025-08-25 11:40:42,244 INFO Out dated connection ,size=0

2025-08-25 11:40:42,244 INFO Connection check task end

2025-08-25 11:40:44,442 INFO ConnectionMetrics, totalCount = 0, detail = {long_connection=0, long_polling=0}

2025-08-25 11:40:45,245 INFO Connection check task start

2025-08-25 11:40:45,245 INFO Long connection metrics detail ,Total count =0, sdkCount=0,clusterCount=0

2025-08-25 11:40:45,245 INFO Out dated connection ,size=0

2025-08-25 11:40:45,245 INFO Connection check task end

2025-08-25 11:40:47,442 INFO ConnectionMetrics, totalCount = 0, detail = {long_connection=0, long_polling=0}

2025-08-25 11:40:48,246 INFO Connection check task start

2025-08-25 11:40:48,246 INFO Long connection metrics detail ,Total count =0, sdkCount=0,clusterCount=0

2025-08-25 11:40:48,246 INFO Out dated connection ,size=0

2025-08-25 11:40:48,246 INFO Connection check task end

2025-08-25 11:40:50,443 INFO ConnectionMetrics, totalCount = 0, detail = {long_connection=0, long_polling=0}

2025-08-25 11:40:51,247 INFO Connection check task start

2025-08-25 11:40:51,247 INFO Long connection metrics detail ,Total count =0, sdkCount=0,clusterCount=0

2025-08-25 11:40:51,247 INFO Out dated connection ,size=0

2025-08-25 11:40:51,247 INFO Connection check task end

2025-08-25 11:40:53,445 INFO ConnectionMetrics, totalCount = 0, detail = {long_connection=0, long_polling=0}

2025-08-25 11:40:54,247 INFO Connection check task start

2025-08-25 11:40:54,247 INFO Long connection metrics detail ,Total count =0, sdkCount=0,clusterCount=0

2025-08-25 11:40:54,247 INFO Out dated connection ,size=0

2025-08-25 11:40:54,247 INFO Connection check task end

2025-08-25 11:40:56,446 INFO ConnectionMetrics, totalCount = 0, detail = {long_connection=0, long_polling=0}

2025-08-25 11:40:57,247 INFO Connection check task start

2025-08-25 11:40:57,247 INFO Long connection metrics detail ,Total count =0, sdkCount=0,clusterCount=0

2025-08-25 11:40:57,247 INFO Out dated connection ,size=0

2025-08-25 11:40:57,247 INFO Connection check task end

2025-08-25 11:40:59,447 INFO ConnectionMetrics, totalCount = 0, detail = {long_connection=0, long_polling=0}

2025-08-25 11:41:00,248 INFO Connection check task start

2025-08-25 11:41:00,248 INFO Long connection metrics detail ,Total count =0, sdkCount=0,clusterCount=0

2025-08-25 11:41:00,248 INFO Out dated connection ,size=0

2025-08-25 11:41:00,248 INFO Connection check task end

2025-08-25 11:41:02,448 INFO ConnectionMetrics, totalCount = 0, detail = {long_connection=0, long_polling=0}

2025-08-25 11:41:03,248 INFO Connection check task start

2025-08-25 11:41:03,248 INFO Long connection metrics detail ,Total count =0, sdkCount=0,clusterCount=0

2025-08-25 11:41:03,248 INFO Out dated connection ,size=0

2025-08-25 11:41:03,248 INFO Connection check task end

2025-08-25 11:41:05,449 INFO ConnectionMetrics, totalCount = 0, detail = {long_connection=0, long_polling=0}

2025-08-25 11:41:06,249 INFO Connection check task start

2025-08-25 11:41:06,249 INFO Long connection metrics detail ,Total count =0, sdkCount=0,clusterCount=0

2025-08-25 11:41:06,249 INFO Out dated connection ,size=0

2025-08-25 11:41:06,249 INFO Connection check task end

2025-08-25 11:41:08,450 INFO ConnectionMetrics, totalCount = 0, detail = {long_connection=0, long_polling=0}

2025-08-25 11:41:09,250 INFO Connection check task start

2025-08-25 11:41:09,250 INFO Long connection metrics detail ,Total count =0, sdkCount=0,clusterCount=0

2025-08-25 11:41:09,250 INFO Out dated connection ,size=0

2025-08-25 11:41:09,250 INFO Connection check task end

2025-08-25 11:41:11,452 INFO ConnectionMetrics, totalCount = 0, detail = {long_connection=0, long_polling=0}

2025-08-25 11:41:12,250 INFO Connection check task start

2025-08-25 11:41:12,250 INFO Long connection metrics detail ,Total count =0, sdkCount=0,clusterCount=0

2025-08-25 11:41:12,250 INFO Out dated connection ,size=0

2025-08-25 11:41:12,250 INFO Connection check task end

2025-08-25 11:41:14,454 INFO ConnectionMetrics, totalCount = 0, detail = {long_connection=0, long_polling=0}

2025-08-25 11:41:15,251 INFO Connection check task start

2025-08-25 11:41:15,251 INFO Long connection metrics detail ,Total count =0, sdkCount=0,clusterCount=0

2025-08-25 11:41:15,251 INFO Out dated connection ,size=0

2025-08-25 11:41:15,251 INFO Connection check task end

2025-08-25 11:41:17,455 INFO ConnectionMetrics, totalCount = 0, detail = {long_connection=0, long_polling=0}

2025-08-25 11:41:18,252 INFO Connection check task start

2025-08-25 11:41:18,252 INFO Long connection metrics detail ,Total count =0, sdkCount=0,clusterCount=0

2025-08-25 11:41:18,252 INFO Out dated connection ,size=0

2025-08-25 11:41:18,252 INFO Connection check task end

2025-08-25 11:41:20,456 INFO ConnectionMetrics, totalCount = 0, detail = {long_connection=0, long_polling=0}

2025-08-25 11:41:21,253 INFO Connection check task start

2025-08-25 11:41:21,253 INFO Long connection metrics detail ,Total count =0, sdkCount=0,clusterCount=0

2025-08-25 11:41:21,253 INFO Out dated connection ,size=0

2025-08-25 11:41:21,253 INFO Connection check task end

2025-08-25 11:41:23,456 INFO ConnectionMetrics, totalCount = 0, detail = {long_connection=0, long_polling=0}

2025-08-25 11:41:24,254 INFO Connection check task start

2025-08-25 11:41:24,254 INFO Long connection metrics detail ,Total count =0, sdkCount=0,clusterCount=0

2025-08-25 11:41:24,254 INFO Out dated connection ,size=0

2025-08-25 11:41:24,254 INFO Connection check task end

2025-08-25 11:41:26,457 INFO ConnectionMetrics, totalCount = 0, detail = {long_connection=0, long_polling=0}

2025-08-25 11:41:27,255 INFO Connection check task start

2025-08-25 11:41:27,255 INFO Long connection metrics detail ,Total count =0, sdkCount=0,clusterCount=0

2025-08-25 11:41:27,255 INFO Out dated connection ,size=0

2025-08-25 11:41:27,255 INFO Connection check task end

2025-08-25 11:41:29,458 INFO ConnectionMetrics, totalCount = 0, detail = {long_connection=0, long_polling=0}

2025-08-25 11:41:30,257 INFO Connection check task start

2025-08-25 11:41:30,257 INFO Long connection metrics detail ,Total count =0, sdkCount=0,clusterCount=0

2025-08-25 11:41:30,257 INFO Out dated connection ,size=0

2025-08-25 11:41:30,257 INFO Connection check task end

2025-08-25 11:41:32,459 INFO ConnectionMetrics, totalCount = 0, detail = {long_connection=0, long_polling=0}

2025-08-25 11:41:33,259 INFO Connection check task start

2025-08-25 11:41:33,259 INFO Long connection metrics detail ,Total count =0, sdkCount=0,clusterCount=0

2025-08-25 11:41:33,259 INFO Out dated connection ,size=0

2025-08-25 11:41:33,259 INFO Connection check task end

2025-08-25 11:41:35,459 INFO ConnectionMetrics, totalCount = 0, detail = {long_connection=0, long_polling=0}

2025-08-25 11:41:36,259 INFO Connection check task start

2025-08-25 11:41:36,259 INFO Long connection metrics detail ,Total count =0, sdkCount=0,clusterCount=0

2025-08-25 11:41:36,259 INFO Out dated connection ,size=0

2025-08-25 11:41:36,259 INFO Connection check task end

2025-08-25 11:41:38,461 INFO ConnectionMetrics, totalCount = 0, detail = {long_connection=0, long_polling=0}

2025-08-25 11:41:39,260 INFO Connection check task start

2025-08-25 11:41:39,260 INFO Long connection metrics detail ,Total count =0, sdkCount=0,clusterCount=0

2025-08-25 11:41:39,260 INFO Out dated connection ,size=0

2025-08-25 11:41:39,260 INFO Connection check task end

2025-08-25 11:41:41,462 INFO ConnectionMetrics, totalCount = 0, detail = {long_connection=0, long_polling=0}

2025-08-25 11:41:42,261 INFO Connection check task start

2025-08-25 11:41:42,261 INFO Long connection metrics detail ,Total count =0, sdkCount=0,clusterCount=0

2025-08-25 11:41:42,261 INFO Out dated connection ,size=0

2025-08-25 11:41:42,261 INFO Connection check task end

2025-08-25 11:41:44,463 INFO ConnectionMetrics, totalCount = 0, detail = {long_connection=0, long_polling=0}

2025-08-25 11:41:45,262 INFO Connection check task start

2025-08-25 11:41:45,262 INFO Long connection metrics detail ,Total count =0, sdkCount=0,clusterCount=0

2025-08-25 11:41:45,262 INFO Out dated connection ,size=0

2025-08-25 11:41:45,262 INFO Connection check task end

2025-08-25 11:41:47,465 INFO ConnectionMetrics, totalCount = 0, detail = {long_connection=0, long_polling=0}

2025-08-25 11:41:48,263 INFO Connection check task start

2025-08-25 11:41:48,263 INFO Long connection metrics detail ,Total count =0, sdkCount=0,clusterCount=0

2025-08-25 11:41:48,263 INFO Out dated connection ,size=0

2025-08-25 11:41:48,263 INFO Connection check task end

2025-08-25 11:41:50,466 INFO ConnectionMetrics, totalCount = 0, detail = {long_connection=0, long_polling=0}

2025-08-25 11:41:51,265 INFO Connection check task start

2025-08-25 11:41:51,265 INFO Long connection metrics detail ,Total count =0, sdkCount=0,clusterCount=0

2025-08-25 11:41:51,265 INFO Out dated connection ,size=0

2025-08-25 11:41:51,265 INFO Connection check task end

2025-08-25 11:41:53,466 INFO ConnectionMetrics, totalCount = 0, detail = {long_connection=0, long_polling=0}

2025-08-25 11:41:54,265 INFO Connection check task start

2025-08-25 11:41:54,265 INFO Long connection metrics detail ,Total count =0, sdkCount=0,clusterCount=0

2025-08-25 11:41:54,265 INFO Out dated connection ,size=0

2025-08-25 11:41:54,265 INFO Connection check task end

2025-08-25 11:41:56,467 INFO ConnectionMetrics, totalCount = 0, detail = {long_connection=0, long_polling=0}

2025-08-25 11:41:57,267 INFO Connection check task start

2025-08-25 11:41:57,267 INFO Long connection metrics detail ,Total count =0, sdkCount=0,clusterCount=0

2025-08-25 11:41:57,267 INFO Out dated connection ,size=0

2025-08-25 11:41:57,267 INFO Connection check task end

2025-08-25 11:41:59,467 INFO ConnectionMetrics, totalCount = 0, detail = {long_connection=0, long_polling=0}

2025-08-25 11:42:00,269 INFO Connection check task start

2025-08-25 11:42:00,269 INFO Long connection metrics detail ,Total count =0, sdkCount=0,clusterCount=0

2025-08-25 11:42:00,269 INFO Out dated connection ,size=0

2025-08-25 11:42:00,269 INFO Connection check task end

2025-08-25 11:42:02,468 INFO ConnectionMetrics, totalCount = 0, detail = {long_connection=0, long_polling=0}

2025-08-25 11:42:03,271 INFO Connection check task start

2025-08-25 11:42:03,271 INFO Long connection metrics detail ,Total count =0, sdkCount=0,clusterCount=0

2025-08-25 11:42:03,271 INFO Out dated connection ,size=0

2025-08-25 11:42:03,271 INFO Connection check task end

2025-08-25 11:42:05,470 INFO ConnectionMetrics, totalCount = 0, detail = {long_connection=0, long_polling=0}

2025-08-25 11:42:06,272 INFO Connection check task start

2025-08-25 11:42:06,272 INFO Long connection metrics detail ,Total count =0, sdkCount=0,clusterCount=0

2025-08-25 11:42:06,272 INFO Out dated connection ,size=0

2025-08-25 11:42:06,272 INFO Connection check task end

2025-08-25 11:42:08,472 INFO ConnectionMetrics, totalCount = 0, detail = {long_connection=0, long_polling=0}

2025-08-25 11:42:09,273 INFO Connection check task start

2025-08-25 11:42:09,273 INFO Long connection metrics detail ,Total count =0, sdkCount=0,clusterCount=0

2025-08-25 11:42:09,273 INFO Out dated connection ,size=0

2025-08-25 11:42:09,273 INFO Connection check task end

2025-08-25 11:42:11,472 INFO ConnectionMetrics, totalCount = 0, detail = {long_connection=0, long_polling=0}

2025-08-25 11:42:12,274 INFO Connection check task start

2025-08-25 11:42:12,274 INFO Long connection metrics detail ,Total count =0, sdkCount=0,clusterCount=0

2025-08-25 11:42:12,274 INFO Out dated connection ,size=0

2025-08-25 11:42:12,274 INFO Connection check task end

2025-08-25 11:42:14,473 INFO ConnectionMetrics, totalCount = 0, detail = {long_connection=0, long_polling=0}

2025-08-25 11:42:15,275 INFO Connection check task start

2025-08-25 11:42:15,275 INFO Long connection metrics detail ,Total count =0, sdkCount=0,clusterCount=0

2025-08-25 11:42:15,275 INFO Out dated connection ,size=0

2025-08-25 11:42:15,275 INFO Connection check task end

2025-08-25 11:42:17,473 INFO ConnectionMetrics, totalCount = 0, detail = {long_connection=0, long_polling=0}

2025-08-25 11:42:18,276 INFO Connection check task start

2025-08-25 11:42:18,276 INFO Long connection metrics detail ,Total count =0, sdkCount=0,clusterCount=0

2025-08-25 11:42:18,276 INFO Out dated connection ,size=0

2025-08-25 11:42:18,276 INFO Connection check task end

2025-08-25 11:42:20,474 INFO ConnectionMetrics, totalCount = 0, detail = {long_connection=0, long_polling=0}

2025-08-25 11:42:21,277 INFO Connection check task start

2025-08-25 11:42:21,277 INFO Long connection metrics detail ,Total count =0, sdkCount=0,clusterCount=0

2025-08-25 11:42:21,277 INFO Out dated connection ,size=0

2025-08-25 11:42:21,277 INFO Connection check task end

2025-08-25 11:42:23,474 INFO ConnectionMetrics, totalCount = 0, detail = {long_connection=0, long_polling=0}

2025-08-25 11:42:24,278 INFO Connection check task start

2025-08-25 11:42:24,278 INFO Long connection metrics detail ,Total count =0, sdkCount=0,clusterCount=0

2025-08-25 11:42:24,278 INFO Out dated connection ,size=0

2025-08-25 11:42:24,278 INFO Connection check task end

2025-08-25 11:42:26,477 INFO ConnectionMetrics, totalCount = 0, detail = {long_connection=0, long_polling=0}

2025-08-25 11:42:27,279 INFO Connection check task start

2025-08-25 11:42:27,279 INFO Long connection metrics detail ,Total count =0, sdkCount=0,clusterCount=0

2025-08-25 11:42:27,279 INFO Out dated connection ,size=0

2025-08-25 11:42:27,279 INFO Connection check task end

2025-08-25 11:42:29,478 INFO ConnectionMetrics, totalCount = 0, detail = {long_connection=0, long_polling=0}

2025-08-25 11:42:30,281 INFO Connection check task start

2025-08-25 11:42:30,281 INFO Long connection metrics detail ,Total count =0, sdkCount=0,clusterCount=0

2025-08-25 11:42:30,281 INFO Out dated connection ,size=0

2025-08-25 11:42:30,281 INFO Connection check task end

2025-08-25 11:42:32,478 INFO ConnectionMetrics, totalCount = 0, detail = {long_connection=0, long_polling=0}

2025-08-25 11:42:33,281 INFO Connection check task start

2025-08-25 11:42:33,281 INFO Long connection metrics detail ,Total count =0, sdkCount=0,clusterCount=0

2025-08-25 11:42:33,281 INFO Out dated connection ,size=0

2025-08-25 11:42:33,281 INFO Connection check task end

2025-08-25 11:42:35,480 INFO ConnectionMetrics, totalCount = 0, detail = {long_connection=0, long_polling=0}

2025-08-25 11:42:36,281 INFO Connection check task start

2025-08-25 11:42:36,281 INFO Long connection metrics detail ,Total count =0, sdkCount=0,clusterCount=0

2025-08-25 11:42:36,281 INFO Out dated connection ,size=0

2025-08-25 11:42:36,281 INFO Connection check task end

2025-08-25 11:42:38,483 INFO ConnectionMetrics, totalCount = 0, detail = {long_connection=0, long_polling=0}

2025-08-25 11:42:39,282 INFO Connection check task start

2025-08-25 11:42:39,282 INFO Long connection metrics detail ,Total count =0, sdkCount=0,clusterCount=0

2025-08-25 11:42:39,282 INFO Out dated connection ,size=0

2025-08-25 11:42:39,282 INFO Connection check task end

2025-08-25 11:42:41,484 INFO ConnectionMetrics, totalCount = 0, detail = {long_connection=0, long_polling=0}

2025-08-25 11:42:42,283 INFO Connection check task start

2025-08-25 11:42:42,283 INFO Long connection metrics detail ,Total count =0, sdkCount=0,clusterCount=0

2025-08-25 11:42:42,283 INFO Out dated connection ,size=0

2025-08-25 11:42:42,283 INFO Connection check task end

2025-08-25 11:42:44,485 INFO ConnectionMetrics, totalCount = 0, detail = {long_connection=0, long_polling=0}

2025-08-25 11:42:45,284 INFO Connection check task start

2025-08-25 11:42:45,284 INFO Long connection metrics detail ,Total count =0, sdkCount=0,clusterCount=0

2025-08-25 11:42:45,284 INFO Out dated connection ,size=0

2025-08-25 11:42:45,284 INFO Connection check task end

2025-08-25 11:42:47,487 INFO ConnectionMetrics, totalCount = 0, detail = {long_connection=0, long_polling=0}

2025-08-25 11:42:48,285 INFO Connection check task start

2025-08-25 11:42:48,285 INFO Long connection metrics detail ,Total count =0, sdkCount=0,clusterCount=0

2025-08-25 11:42:48,285 INFO Out dated connection ,size=0

2025-08-25 11:42:48,285 INFO Connection check task end

2025-08-25 11:42:50,487 INFO ConnectionMetrics, totalCount = 0, detail = {long_connection=0, long_polling=0}

2025-08-25 11:42:51,286 INFO Connection check task start

2025-08-25 11:42:51,286 INFO Long connection metrics detail ,Total count =0, sdkCount=0,clusterCount=0

2025-08-25 11:42:51,286 INFO Out dated connection ,size=0

2025-08-25 11:42:51,286 INFO Connection check task end

2025-08-25 11:42:53,488 INFO ConnectionMetrics, totalCount = 0, detail = {long_connection=0, long_polling=0}

2025-08-25 11:42:54,287 INFO Connection check task start

2025-08-25 11:42:54,287 INFO Long connection metrics detail ,Total count =0, sdkCount=0,clusterCount=0

2025-08-25 11:42:54,287 INFO Out dated connection ,size=0

2025-08-25 11:42:54,287 INFO Connection check task end

2025-08-25 11:42:56,488 INFO ConnectionMetrics, totalCount = 0, detail = {long_connection=0, long_polling=0}

2025-08-25 11:42:57,288 INFO Connection check task start

2025-08-25 11:42:57,288 INFO Long connection metrics detail ,Total count =0, sdkCount=0,clusterCount=0

2025-08-25 11:42:57,288 INFO Out dated connection ,size=0

2025-08-25 11:42:57,288 INFO Connection check task end

2025-08-25 11:42:59,489 INFO ConnectionMetrics, totalCount = 0, detail = {long_connection=0, long_polling=0}

2025-08-25 11:43:00,289 INFO Connection check task start

2025-08-25 11:43:00,289 INFO Long connection metrics detail ,Total count =0, sdkCount=0,clusterCount=0

2025-08-25 11:43:00,289 INFO Out dated connection ,size=0

2025-08-25 11:43:00,289 INFO Connection check task end

2025-08-25 11:43:02,490 INFO ConnectionMetrics, totalCount = 0, detail = {long_connection=0, long_polling=0}

2025-08-25 11:43:03,290 INFO Connection check task start

2025-08-25 11:43:03,290 INFO Long connection metrics detail ,Total count =0, sdkCount=0,clusterCount=0

2025-08-25 11:43:03,290 INFO Out dated connection ,size=0

2025-08-25 11:43:03,290 INFO Connection check task end

2025-08-25 11:43:05,491 INFO ConnectionMetrics, totalCount = 0, detail = {long_connection=0, long_polling=0}

2025-08-25 11:43:06,292 INFO Connection check task start

2025-08-25 11:43:06,292 INFO Long connection metrics detail ,Total count =0, sdkCount=0,clusterCount=0

2025-08-25 11:43:06,292 INFO Out dated connection ,size=0

2025-08-25 11:43:06,292 INFO Connection check task end

2025-08-25 11:43:08,492 INFO ConnectionMetrics, totalCount = 0, detail = {long_connection=0, long_polling=0}

2025-08-25 11:43:09,293 INFO Connection check task start

2025-08-25 11:43:09,293 INFO Long connection metrics detail ,Total count =0, sdkCount=0,clusterCount=0

2025-08-25 11:43:09,293 INFO Out dated connection ,size=0

2025-08-25 11:43:09,293 INFO Connection check task end

2025-08-25 11:43:11,494 INFO ConnectionMetrics, totalCount = 0, detail = {long_connection=0, long_polling=0}

2025-08-25 11:43:12,293 INFO Connection check task start

2025-08-25 11:43:12,293 INFO Long connection metrics detail ,Total count =0, sdkCount=0,clusterCount=0

2025-08-25 11:43:12,293 INFO Out dated connection ,size=0

2025-08-25 11:43:12,293 INFO Connection check task end

2025-08-25 11:43:14,497 INFO ConnectionMetrics, totalCount = 0, detail = {long_connection=0, long_polling=0}

2025-08-25 11:43:15,294 INFO Connection check task start

2025-08-25 11:43:15,294 INFO Long connection metrics detail ,Total count =0, sdkCount=0,clusterCount=0

2025-08-25 11:43:15,294 INFO Out dated connection ,size=0

2025-08-25 11:43:15,294 INFO Connection check task end

2025-08-25 11:43:17,497 INFO ConnectionMetrics, totalCount = 0, detail = {long_connection=0, long_polling=0}

2025-08-25 11:43:18,294 INFO Connection check task start

2025-08-25 11:43:18,294 INFO Long connection metrics detail ,Total count =0, sdkCount=0,clusterCount=0

2025-08-25 11:43:18,294 INFO Out dated connection ,size=0

2025-08-25 11:43:18,294 INFO Connection check task end

2025-08-25 11:43:20,498 INFO ConnectionMetrics, totalCount = 0, detail = {long_connection=0, long_polling=0}

2025-08-25 11:43:21,296 INFO Connection check task start

2025-08-25 11:43:21,296 INFO Long connection metrics detail ,Total count =0, sdkCount=0,clusterCount=0

2025-08-25 11:43:21,296 INFO Out dated connection ,size=0

2025-08-25 11:43:21,296 INFO Connection check task end

2025-08-25 11:43:23,500 INFO ConnectionMetrics, totalCount = 0, detail = {long_connection=0, long_polling=0}

2025-08-25 11:43:24,299 INFO Connection check task start

2025-08-25 11:43:24,299 INFO Long connection metrics detail ,Total count =0, sdkCount=0,clusterCount=0

2025-08-25 11:43:24,299 INFO Out dated connection ,size=0

2025-08-25 11:43:24,299 INFO Connection check task end

2025-08-25 11:43:26,501 INFO ConnectionMetrics, totalCount = 0, detail = {long_connection=0, long_polling=0}

2025-08-25 11:43:27,300 INFO Connection check task start

2025-08-25 11:43:27,300 INFO Long connection metrics detail ,Total count =0, sdkCount=0,clusterCount=0

2025-08-25 11:43:27,300 INFO Out dated connection ,size=0

2025-08-25 11:43:27,300 INFO Connection check task end

2025-08-25 11:43:29,504 INFO ConnectionMetrics, totalCount = 0, detail = {long_connection=0, long_polling=0}

2025-08-25 11:43:30,301 INFO Connection check task start

2025-08-25 11:43:30,301 INFO Long connection metrics detail ,Total count =0, sdkCount=0,clusterCount=0

2025-08-25 11:43:30,301 INFO Out dated connection ,size=0

2025-08-25 11:43:30,301 INFO Connection check task end

2025-08-25 11:43:32,505 INFO ConnectionMetrics, totalCount = 0, detail = {long_connection=0, long_polling=0}

2025-08-25 11:43:33,301 INFO Connection check task start

2025-08-25 11:43:33,301 INFO Long connection metrics detail ,Total count =0, sdkCount=0,clusterCount=0

2025-08-25 11:43:33,301 INFO Out dated connection ,size=0

2025-08-25 11:43:33,301 INFO Connection check task end

2025-08-25 11:43:35,506 INFO ConnectionMetrics, totalCount = 0, detail = {long_connection=0, long_polling=0}

2025-08-25 11:43:36,302 INFO Connection check task start

2025-08-25 11:43:36,302 INFO Long connection metrics detail ,Total count =0, sdkCount=0,clusterCount=0

2025-08-25 11:43:36,302 INFO Out dated connection ,size=0

2025-08-25 11:43:36,302 INFO Connection check task end

2025-08-25 11:43:38,507 INFO ConnectionMetrics, totalCount = 0, detail = {long_connection=0, long_polling=0}

2025-08-25 11:43:39,302 INFO Connection check task start

2025-08-25 11:43:39,302 INFO Long connection metrics detail ,Total count =0, sdkCount=0,clusterCount=0

2025-08-25 11:43:39,302 INFO Out dated connection ,size=0

2025-08-25 11:43:39,302 INFO Connection check task end

2025-08-25 11:43:41,509 INFO ConnectionMetrics, totalCount = 0, detail = {long_connection=0, long_polling=0}

2025-08-25 11:43:42,304 INFO Connection check task start

2025-08-25 11:43:42,304 INFO Long connection metrics detail ,Total count =0, sdkCount=0,clusterCount=0

2025-08-25 11:43:42,304 INFO Out dated connection ,size=0

2025-08-25 11:43:42,304 INFO Connection check task end

2025-08-25 11:43:44,511 INFO ConnectionMetrics, totalCount = 0, detail = {long_connection=0, long_polling=0}

2025-08-25 11:43:45,305 INFO Connection check task start

2025-08-25 11:43:45,305 INFO Long connection metrics detail ,Total count =0, sdkCount=0,clusterCount=0

2025-08-25 11:43:45,305 INFO Out dated connection ,size=0

2025-08-25 11:43:45,305 INFO Connection check task end

2025-08-25 11:43:47,513 INFO ConnectionMetrics, totalCount = 0, detail = {long_connection=0, long_polling=0}

2025-08-25 11:43:48,305 INFO Connection check task start

2025-08-25 11:43:48,305 INFO Long connection metrics detail ,Total count =0, sdkCount=0,clusterCount=0

2025-08-25 11:43:48,305 INFO Out dated connection ,size=0

2025-08-25 11:43:48,305 INFO Connection check task end

2025-08-25 11:43:50,513 INFO ConnectionMetrics, totalCount = 0, detail = {long_connection=0, long_polling=0}

2025-08-25 11:43:51,306 INFO Connection check task start

2025-08-25 11:43:51,306 INFO Long connection metrics detail ,Total count =0, sdkCount=0,clusterCount=0

2025-08-25 11:43:51,306 INFO Out dated connection ,size=0

2025-08-25 11:43:51,306 INFO Connection check task end

2025-08-25 11:43:53,514 INFO ConnectionMetrics, totalCount = 0, detail = {long_connection=0, long_polling=0}

2025-08-25 11:43:54,306 INFO Connection check task start

2025-08-25 11:43:54,306 INFO Long connection metrics detail ,Total count =0, sdkCount=0,clusterCount=0

2025-08-25 11:43:54,306 INFO Out dated connection ,size=0

2025-08-25 11:43:54,306 INFO Connection check task end

2025-08-25 11:43:56,515 INFO ConnectionMetrics, totalCount = 0, detail = {long_connection=0, long_polling=0}

2025-08-25 11:43:57,308 INFO Connection check task start

2025-08-25 11:43:57,308 INFO Long connection metrics detail ,Total count =0, sdkCount=0,clusterCount=0

2025-08-25 11:43:57,308 INFO Out dated connection ,size=0

2025-08-25 11:43:57,308 INFO Connection check task end

2025-08-25 11:43:59,516 INFO ConnectionMetrics, totalCount = 0, detail = {long_connection=0, long_polling=0}

2025-08-25 11:44:00,309 INFO Connection check task start

2025-08-25 11:44:00,309 INFO Long connection metrics detail ,Total count =0, sdkCount=0,clusterCount=0

2025-08-25 11:44:00,309 INFO Out dated connection ,size=0

2025-08-25 11:44:00,309 INFO Connection check task end

2025-08-25 11:44:02,517 INFO ConnectionMetrics, totalCount = 0, detail = {long_connection=0, long_polling=0}

2025-08-25 11:44:03,310 INFO Connection check task start

2025-08-25 11:44:03,310 INFO Long connection metrics detail ,Total count =0, sdkCount=0,clusterCount=0

2025-08-25 11:44:03,310 INFO Out dated connection ,size=0

2025-08-25 11:44:03,310 INFO Connection check task end

2025-08-25 11:44:05,518 INFO ConnectionMetrics, totalCount = 0, detail = {long_connection=0, long_polling=0}

2025-08-25 11:44:06,310 INFO Connection check task start

2025-08-25 11:44:06,310 INFO Long connection metrics detail ,Total count =0, sdkCount=0,clusterCount=0

2025-08-25 11:44:06,310 INFO Out dated connection ,size=0

2025-08-25 11:44:06,310 INFO Connection check task end

2025-08-25 11:44:08,519 INFO ConnectionMetrics, totalCount = 0, detail = {long_connection=0, long_polling=0}

2025-08-25 11:44:09,311 INFO Connection check task start

2025-08-25 11:44:09,311 INFO Long connection metrics detail ,Total count =0, sdkCount=0,clusterCount=0

2025-08-25 11:44:09,311 INFO Out dated connection ,size=0

2025-08-25 11:44:09,311 INFO Connection check task end

2025-08-25 11:44:11,520 INFO ConnectionMetrics, totalCount = 0, detail = {long_connection=0, long_polling=0}

2025-08-25 11:44:12,312 INFO Connection check task start

2025-08-25 11:44:12,312 INFO Long connection metrics detail ,Total count =0, sdkCount=0,clusterCount=0

2025-08-25 11:44:12,312 INFO Out dated connection ,size=0

2025-08-25 11:44:12,312 INFO Connection check task end

2025-08-25 11:44:14,521 INFO ConnectionMetrics, totalCount = 0, detail = {long_connection=0, long_polling=0}

2025-08-25 11:44:15,313 INFO Connection check task start

2025-08-25 11:44:15,313 INFO Long connection metrics detail ,Total count =0, sdkCount=0,clusterCount=0

2025-08-25 11:44:15,313 INFO Out dated connection ,size=0

2025-08-25 11:44:15,313 INFO Connection check task end

2025-08-25 11:44:17,522 INFO ConnectionMetrics, totalCount = 0, detail = {long_connection=0, long_polling=0}

2025-08-25 11:44:18,315 INFO Connection check task start

2025-08-25 11:44:18,315 INFO Long connection metrics detail ,Total count =0, sdkCount=0,clusterCount=0

2025-08-25 11:44:18,315 INFO Out dated connection ,size=0

2025-08-25 11:44:18,315 INFO Connection check task end

2025-08-25 11:44:20,523 INFO ConnectionMetrics, totalCount = 0, detail = {long_connection=0, long_polling=0}

2025-08-25 11:44:21,315 INFO Connection check task start

2025-08-25 11:44:21,315 INFO Long connection metrics detail ,Total count =0, sdkCount=0,clusterCount=0

2025-08-25 11:44:21,315 INFO Out dated connection ,size=0

2025-08-25 11:44:21,315 INFO Connection check task end

2025-08-25 11:44:22,913 INFO [capacityManagement] start correct usage

2025-08-25 11:44:22,927 INFO [capacityManagement] end correct usage, cost: 0.0135454s

2025-08-25 11:44:23,102 WARN clearConfigHistory start

2025-08-25 11:44:23,102 WARN clearConfigHistory, getBeforeStamp:2025-07-26 11:44:23.0, pageSize:1000

2025-08-25 11:44:23,524 INFO ConnectionMetrics, totalCount = 0, detail = {long_connection=0, long_polling=0}

2025-08-25 11:44:24,315 INFO Connection check task start

2025-08-25 11:44:24,315 INFO Long connection metrics detail ,Total count =0, sdkCount=0,clusterCount=0

2025-08-25 11:44:24,315 INFO Out dated connection ,size=0

2025-08-25 11:44:24,315 INFO Connection check task end

2025-08-25 11:44:26,525 INFO ConnectionMetrics, totalCount = 0, detail = {long_connection=0, long_polling=0}

2025-08-25 11:44:27,317 INFO Connection check task start

2025-08-25 11:44:27,317 INFO Long connection metrics detail ,Total count =0, sdkCount=0,clusterCount=0

2025-08-25 11:44:27,317 INFO Out dated connection ,size=0

2025-08-25 11:44:27,317 INFO Connection check task end

2025-08-25 11:44:29,525 INFO ConnectionMetrics, totalCount = 0, detail = {long_connection=0, long_polling=0}

2025-08-25 11:44:30,318 INFO Connection check task start

2025-08-25 11:44:30,318 INFO Long connection metrics detail ,Total count =0, sdkCount=0,clusterCount=0

2025-08-25 11:44:30,318 INFO Out dated connection ,size=0

2025-08-25 11:44:30,318 INFO Connection check task end

2025-08-25 11:44:32,527 INFO ConnectionMetrics, totalCount = 0, detail = {long_connection=0, long_polling=0}

2025-08-25 11:44:33,319 INFO Connection check task start

2025-08-25 11:44:33,319 INFO Long connection metrics detail ,Total count =0, sdkCount=0,clusterCount=0

2025-08-25 11:44:33,319 INFO Out dated connection ,size=0

2025-08-25 11:44:33,319 INFO Connection check task end

2025-08-25 11:44:35,528 INFO ConnectionMetrics, totalCount = 0, detail = {long_connection=0, long_polling=0}

2025-08-25 11:44:36,321 INFO Connection check task start

2025-08-25 11:44:36,321 INFO Long connection metrics detail ,Total count =0, sdkCount=0,clusterCount=0

2025-08-25 11:44:36,321 INFO Out dated connection ,size=0

2025-08-25 11:44:36,321 INFO Connection check task end

2025-08-25 11:44:38,529 INFO ConnectionMetrics, totalCount = 0, detail = {long_connection=0, long_polling=0}

2025-08-25 11:44:39,321 INFO Connection check task start

2025-08-25 11:44:39,321 INFO Long connection metrics detail ,Total count =0, sdkCount=0,clusterCount=0

2025-08-25 11:44:39,321 INFO Out dated connection ,size=0

2025-08-25 11:44:39,321 INFO Connection check task end

2025-08-25 11:44:41,530 INFO ConnectionMetrics, totalCount = 0, detail = {long_connection=0, long_polling=0}

2025-08-25 11:44:42,323 INFO Connection check task start

2025-08-25 11:44:42,323 INFO Long connection metrics detail ,Total count =0, sdkCount=0,clusterCount=0

2025-08-25 11:44:42,323 INFO Out dated connection ,size=0

2025-08-25 11:44:42,323 INFO Connection check task end

2025-08-25 11:44:44,532 INFO ConnectionMetrics, totalCount = 0, detail = {long_connection=0, long_polling=0}

2025-08-25 11:44:45,324 INFO Connection check task start

2025-08-25 11:44:45,324 INFO Long connection metrics detail ,Total count =0, sdkCount=0,clusterCount=0

2025-08-25 11:44:45,324 INFO Out dated connection ,size=0

2025-08-25 11:44:45,324 INFO Connection check task end

2025-08-25 11:44:47,533 INFO ConnectionMetrics, totalCount = 0, detail = {long_connection=0, long_polling=0}

2025-08-25 11:44:48,325 INFO Connection check task start

2025-08-25 11:44:48,325 INFO Long connection metrics detail ,Total count =0, sdkCount=0,clusterCount=0

2025-08-25 11:44:48,325 INFO Out dated connection ,size=0

2025-08-25 11:44:48,325 INFO Connection check task end

2025-08-25 11:44:50,533 INFO ConnectionMetrics, totalCount = 0, detail = {long_connection=0, long_polling=0}

2025-08-25 11:44:51,326 INFO Connection check task start

2025-08-25 11:44:51,326 INFO Long connection metrics detail ,Total count =0, sdkCount=0,clusterCount=0

2025-08-25 11:44:51,326 INFO Out dated connection ,size=0

2025-08-25 11:44:51,326 INFO Connection check task end

2025-08-25 11:44:53,534 INFO ConnectionMetrics, totalCount = 0, detail = {long_connection=0, long_polling=0}

2025-08-25 11:44:54,328 INFO Connection check task start

2025-08-25 11:44:54,328 INFO Long connection metrics detail ,Total count =0, sdkCount=0,clusterCount=0

2025-08-25 11:44:54,328 INFO Out dated connection ,size=0

2025-08-25 11:44:54,328 INFO Connection check task end

2025-08-25 11:44:56,535 INFO ConnectionMetrics, totalCount = 0, detail = {long_connection=0, long_polling=0}

2025-08-25 11:44:57,329 INFO Connection check task start

2025-08-25 11:44:57,329 INFO Long connection metrics detail ,Total count =0, sdkCount=0,clusterCount=0

2025-08-25 11:44:57,329 INFO Out dated connection ,size=0

2025-08-25 11:44:57,329 INFO Connection check task end

2025-08-25 11:44:59,536 INFO ConnectionMetrics, totalCount = 0, detail = {long_connection=0, long_polling=0}

2025-08-25 11:45:00,329 INFO Connection check task start

2025-08-25 11:45:00,329 INFO Long connection metrics detail ,Total count =0, sdkCount=0,clusterCount=0

2025-08-25 11:45:00,329 INFO Out dated connection ,size=0

2025-08-25 11:45:00,329 INFO Connection check task end

2025-08-25 11:45:02,538 INFO ConnectionMetrics, totalCount = 0, detail = {long_connection=0, long_polling=0}

2025-08-25 11:45:03,331 INFO Connection check task start

2025-08-25 11:45:03,331 INFO Long connection metrics detail ,Total count =0, sdkCount=0,clusterCount=0

2025-08-25 11:45:03,331 INFO Out dated connection ,size=0

2025-08-25 11:45:03,331 INFO Connection check task end

2025-08-25 11:45:05,540 INFO ConnectionMetrics, totalCount = 0, detail = {long_connection=0, long_polling=0}

2025-08-25 11:45:06,332 INFO Connection check task start

2025-08-25 11:45:06,332 INFO Long connection metrics detail ,Total count =0, sdkCount=0,clusterCount=0

2025-08-25 11:45:06,332 INFO Out dated connection ,size=0

2025-08-25 11:45:06,332 INFO Connection check task end

2025-08-25 11:45:08,541 INFO ConnectionMetrics, totalCount = 0, detail = {long_connection=0, long_polling=0}

2025-08-25 11:45:09,332 INFO Connection check task start

2025-08-25 11:45:09,332 INFO Long connection metrics detail ,Total count =0, sdkCount=0,clusterCount=0

2025-08-25 11:45:09,332 INFO Out dated connection ,size=0

2025-08-25 11:45:09,332 INFO Connection check task end

2025-08-25 11:45:11,541 INFO ConnectionMetrics, totalCount = 0, detail = {long_connection=0, long_polling=0}

2025-08-25 11:45:12,334 INFO Connection check task start

2025-08-25 11:45:12,334 INFO Long connection metrics detail ,Total count =0, sdkCount=0,clusterCount=0

2025-08-25 11:45:12,334 INFO Out dated connection ,size=0

2025-08-25 11:45:12,334 INFO Connection check task end

2025-08-25 11:45:14,542 INFO ConnectionMetrics, totalCount = 0, detail = {long_connection=0, long_polling=0}

2025-08-25 11:45:15,335 INFO Connection check task start

2025-08-25 11:45:15,335 INFO Long connection metrics detail ,Total count =0, sdkCount=0,clusterCount=0

2025-08-25 11:45:15,335 INFO Out dated connection ,size=0

2025-08-25 11:45:15,335 INFO Connection check task end

2025-08-25 11:45:17,543 INFO ConnectionMetrics, totalCount = 0, detail = {long_connection=0, long_polling=0}

2025-08-25 11:45:18,337 INFO Connection check task start

2025-08-25 11:45:18,337 INFO Long connection metrics detail ,Total count =0, sdkCount=0,clusterCount=0

2025-08-25 11:45:18,337 INFO Out dated connection ,size=0

2025-08-25 11:45:18,337 INFO Connection check task end

2025-08-25 11:45:20,544 INFO ConnectionMetrics, totalCount = 0, detail = {long_connection=0, long_polling=0}

2025-08-25 11:45:21,338 INFO Connection check task start

2025-08-25 11:45:21,338 INFO Long connection metrics detail ,Total count =0, sdkCount=0,clusterCount=0

2025-08-25 11:45:21,338 INFO Out dated connection ,size=0

2025-08-25 11:45:21,338 INFO Connection check task end

2025-08-25 11:45:23,544 INFO ConnectionMetrics, totalCount = 0, detail = {long_connection=0, long_polling=0}

2025-08-25 11:45:24,339 INFO Connection check task start

2025-08-25 11:45:24,339 INFO Long connection metrics detail ,Total count =0, sdkCount=0,clusterCount=0

2025-08-25 11:45:24,339 INFO Out dated connection ,size=0

2025-08-25 11:45:24,339 INFO Connection check task end

2025-08-25 11:45:26,545 INFO ConnectionMetrics, totalCount = 0, detail = {long_connection=0, long_polling=0}

2025-08-25 11:45:27,339 INFO Connection check task start

2025-08-25 11:45:27,339 INFO Long connection metrics detail ,Total count =0, sdkCount=0,clusterCount=0

2025-08-25 11:45:27,339 INFO Out dated connection ,size=0

2025-08-25 11:45:27,339 INFO Connection check task end

2025-08-25 11:45:29,546 INFO ConnectionMetrics, totalCount = 0, detail = {long_connection=0, long_polling=0}

2025-08-25 11:45:30,341 INFO Connection check task start

2025-08-25 11:45:30,341 INFO Long connection metrics detail ,Total count =0, sdkCount=0,clusterCount=0

2025-08-25 11:45:30,341 INFO Out dated connection ,size=0

2025-08-25 11:45:30,341 INFO Connection check task end

2025-08-25 11:45:32,547 INFO ConnectionMetrics, totalCount = 0, detail = {long_connection=0, long_polling=0}

2025-08-25 11:45:33,342 INFO Connection check task start

2025-08-25 11:45:33,342 INFO Long connection metrics detail ,Total count =0, sdkCount=0,clusterCount=0

2025-08-25 11:45:33,342 INFO Out dated connection ,size=0

2025-08-25 11:45:33,342 INFO Connection check task end

2025-08-25 11:45:35,547 INFO ConnectionMetrics, totalCount = 0, detail = {long_connection=0, long_polling=0}

2025-08-25 11:45:36,343 INFO Connection check task start

2025-08-25 11:45:36,343 INFO Long connection metrics detail ,Total count =0, sdkCount=0,clusterCount=0

2025-08-25 11:45:36,343 INFO Out dated connection ,size=0

2025-08-25 11:45:36,343 INFO Connection check task end

2025-08-25 11:45:38,549 INFO ConnectionMetrics, totalCount = 0, detail = {long_connection=0, long_polling=0}

2025-08-25 11:45:39,345 INFO Connection check task start

2025-08-25 11:45:39,345 INFO Long connection metrics detail ,Total count =0, sdkCount=0,clusterCount=0

2025-08-25 11:45:39,345 INFO Out dated connection ,size=0

2025-08-25 11:45:39,345 INFO Connection check task end

2025-08-25 11:45:41,550 INFO ConnectionMetrics, totalCount = 0, detail = {long_connection=0, long_polling=0}

2025-08-25 11:45:42,346 INFO Connection check task start

2025-08-25 11:45:42,346 INFO Long connection metrics detail ,Total count =0, sdkCount=0,clusterCount=0

2025-08-25 11:45:42,346 INFO Out dated connection ,size=0

2025-08-25 11:45:42,346 INFO Connection check task end

2025-08-25 11:45:44,550 INFO ConnectionMetrics, totalCount = 0, detail = {long_connection=0, long_polling=0}

2025-08-25 11:45:45,347 INFO Connection check task start

2025-08-25 11:45:45,347 INFO Long connection metrics detail ,Total count =0, sdkCount=0,clusterCount=0

2025-08-25 11:45:45,347 INFO Out dated connection ,size=0

2025-08-25 11:45:45,347 INFO Connection check task end

2025-08-25 11:45:47,552 INFO ConnectionMetrics, totalCount = 0, detail = {long_connection=0, long_polling=0}

2025-08-25 11:45:48,349 INFO Connection check task start

2025-08-25 11:45:48,349 INFO Long connection metrics detail ,Total count =0, sdkCount=0,clusterCount=0

2025-08-25 11:45:48,349 INFO Out dated connection ,size=0

2025-08-25 11:45:48,349 INFO Connection check task end

2025-08-25 11:45:50,552 INFO ConnectionMetrics, totalCount = 0, detail = {long_connection=0, long_polling=0}

2025-08-25 11:45:51,350 INFO Connection check task start

2025-08-25 11:45:51,350 INFO Long connection metrics detail ,Total count =0, sdkCount=0,clusterCount=0

2025-08-25 11:45:51,350 INFO Out dated connection ,size=0

2025-08-25 11:45:51,350 INFO Connection check task end

2025-08-25 11:45:53,552 INFO ConnectionMetrics, totalCount = 0, detail = {long_connection=0, long_polling=0}

2025-08-25 11:45:54,351 INFO Connection check task start

2025-08-25 11:45:54,351 INFO Long connection metrics detail ,Total count =0, sdkCount=0,clusterCount=0

2025-08-25 11:45:54,351 INFO Out dated connection ,size=0

2025-08-25 11:45:54,351 INFO Connection check task end

2025-08-25 11:45:56,553 INFO ConnectionMetrics, totalCount = 0, detail = {long_connection=0, long_polling=0}

2025-08-25 11:45:57,353 INFO Connection check task start

2025-08-25 11:45:57,353 INFO Long connection metrics detail ,Total count =0, sdkCount=0,clusterCount=0

2025-08-25 11:45:57,353 INFO Out dated connection ,size=0

2025-08-25 11:45:57,353 INFO Connection check task end

2025-08-25 11:45:59,555 INFO ConnectionMetrics, totalCount = 0, detail = {long_connection=0, long_polling=0}

2025-08-25 11:46:00,354 INFO Connection check task start

2025-08-25 11:46:00,354 INFO Long connection metrics detail ,Total count =0, sdkCount=0,clusterCount=0

2025-08-25 11:46:00,354 INFO Out dated connection ,size=0

2025-08-25 11:46:00,354 INFO Connection check task end

2025-08-25 11:46:02,555 INFO ConnectionMetrics, totalCount = 0, detail = {long_connection=0, long_polling=0}

2025-08-25 11:46:03,354 INFO Connection check task start

2025-08-25 11:46:03,354 INFO Long connection metrics detail ,Total count =0, sdkCount=0,clusterCount=0

2025-08-25 11:46:03,354 INFO Out dated connection ,size=0

2025-08-25 11:46:03,354 INFO Connection check task end

2025-08-25 11:46:05,556 INFO ConnectionMetrics, totalCount = 0, detail = {long_connection=0, long_polling=0}

2025-08-25 11:46:06,355 INFO Connection check task start

2025-08-25 11:46:06,355 INFO Long connection metrics detail ,Total count =0, sdkCount=0,clusterCount=0

2025-08-25 11:46:06,355 INFO Out dated connection ,size=0

2025-08-25 11:46:06,355 INFO Connection check task end

2025-08-25 11:46:08,557 INFO ConnectionMetrics, totalCount = 0, detail = {long_connection=0, long_polling=0}

2025-08-25 11:46:09,357 INFO Connection check task start

2025-08-25 11:46:09,357 INFO Long connection metrics detail ,Total count =0, sdkCount=0,clusterCount=0

2025-08-25 11:46:09,357 INFO Out dated connection ,size=0

2025-08-25 11:46:09,357 INFO Connection check task end

2025-08-25 11:46:11,558 INFO ConnectionMetrics, totalCount = 0, detail = {long_connection=0, long_polling=0}

2025-08-25 11:46:12,358 INFO Connection check task start

2025-08-25 11:46:12,358 INFO Long connection metrics detail ,Total count =0, sdkCount=0,clusterCount=0

2025-08-25 11:46:12,358 INFO Out dated connection ,size=0

2025-08-25 11:46:12,358 INFO Connection check task end

2025-08-25 11:46:14,559 INFO ConnectionMetrics, totalCount = 0, detail = {long_connection=0, long_polling=0}

2025-08-25 11:46:15,359 INFO Connection check task start

2025-08-25 11:46:15,359 INFO Long connection metrics detail ,Total count =0, sdkCount=0,clusterCount=0

2025-08-25 11:46:15,359 INFO Out dated connection ,size=0

2025-08-25 11:46:15,359 INFO Connection check task end

2025-08-25 11:46:17,560 INFO ConnectionMetrics, totalCount = 0, detail = {long_connection=0, long_polling=0}

2025-08-25 11:46:18,360 INFO Connection check task start

2025-08-25 11:46:18,360 INFO Long connection metrics detail ,Total count =0, sdkCount=0,clusterCount=0

2025-08-25 11:46:18,360 INFO Out dated connection ,size=0

2025-08-25 11:46:18,360 INFO Connection check task end

2025-08-25 11:46:20,561 INFO ConnectionMetrics, totalCount = 0, detail = {long_connection=0, long_polling=0}

2025-08-25 11:46:21,361 INFO Connection check task start

2025-08-25 11:46:21,361 INFO Long connection metrics detail ,Total count =0, sdkCount=0,clusterCount=0

2025-08-25 11:46:21,361 INFO Out dated connection ,size=0

2025-08-25 11:46:21,361 INFO Connection check task end

2025-08-25 11:46:23,563 INFO ConnectionMetrics, totalCount = 0, detail = {long_connection=0, long_polling=0}

2025-08-25 11:46:24,362 INFO Connection check task start

2025-08-25 11:46:24,362 INFO Long connection metrics detail ,Total count =0, sdkCount=0,clusterCount=0

2025-08-25 11:46:24,362 INFO Out dated connection ,size=0

2025-08-25 11:46:24,362 INFO Connection check task end

2025-08-25 11:46:26,563 INFO ConnectionMetrics, totalCount = 0, detail = {long_connection=0, long_polling=0}

2025-08-25 11:46:27,363 INFO Connection check task start

2025-08-25 11:46:27,363 INFO Long connection metrics detail ,Total count =0, sdkCount=0,clusterCount=0

2025-08-25 11:46:27,363 INFO Out dated connection ,size=0

2025-08-25 11:46:27,363 INFO Connection check task end

2025-08-25 11:46:29,564 INFO ConnectionMetrics, totalCount = 0, detail = {long_connection=0, long_polling=0}

2025-08-25 11:46:30,365 INFO Connection check task start

2025-08-25 11:46:30,365 INFO Long connection metrics detail ,Total count =0, sdkCount=0,clusterCount=0

2025-08-25 11:46:30,365 INFO Out dated connection ,size=0

2025-08-25 11:46:30,365 INFO Connection check task end

2025-08-25 11:46:32,564 INFO ConnectionMetrics, totalCount = 0, detail = {long_connection=0, long_polling=0}

2025-08-25 11:46:33,366 INFO Connection check task start

2025-08-25 11:46:33,366 INFO Long connection metrics detail ,Total count =0, sdkCount=0,clusterCount=0

2025-08-25 11:46:33,366 INFO Out dated connection ,size=0

2025-08-25 11:46:33,366 INFO Connection check task end

2025-08-25 11:46:35,564 INFO ConnectionMetrics, totalCount = 0, detail = {long_connection=0, long_polling=0}

2025-08-25 11:46:36,367 INFO Connection check task start

2025-08-25 11:46:36,367 INFO Long connection metrics detail ,Total count =0, sdkCount=0,clusterCount=0

2025-08-25 11:46:36,367 INFO Out dated connection ,size=0

2025-08-25 11:46:36,367 INFO Connection check task end

2025-08-25 11:46:38,565 INFO ConnectionMetrics, totalCount = 0, detail = {long_connection=0, long_polling=0}

2025-08-25 11:46:39,368 INFO Connection check task start

2025-08-25 11:46:39,368 INFO Long connection metrics detail ,Total count =0, sdkCount=0,clusterCount=0

2025-08-25 11:46:39,368 INFO Out dated connection ,size=0

2025-08-25 11:46:39,368 INFO Connection check task end

2025-08-25 11:46:41,567 INFO ConnectionMetrics, totalCount = 0, detail = {long_connection=0, long_polling=0}

2025-08-25 11:46:42,368 INFO Connection check task start

2025-08-25 11:46:42,368 INFO Long connection metrics detail ,Total count =0, sdkCount=0,clusterCount=0

2025-08-25 11:46:42,368 INFO Out dated connection ,size=0

2025-08-25 11:46:42,368 INFO Connection check task end

2025-08-25 11:46:44,567 INFO ConnectionMetrics, totalCount = 0, detail = {long_connection=0, long_polling=0}

2025-08-25 11:46:45,369 INFO Connection check task start

2025-08-25 11:46:45,369 INFO Long connection metrics detail ,Total count =0, sdkCount=0,clusterCount=0

2025-08-25 11:46:45,369 INFO Out dated connection ,size=0

2025-08-25 11:46:45,369 INFO Connection check task end

2025-08-25 11:46:47,568 INFO ConnectionMetrics, totalCount = 0, detail = {long_connection=0, long_polling=0}

2025-08-25 11:46:48,369 INFO Connection check task start

2025-08-25 11:46:48,369 INFO Long connection metrics detail ,Total count =0, sdkCount=0,clusterCount=0

2025-08-25 11:46:48,369 INFO Out dated connection ,size=0

2025-08-25 11:46:48,369 INFO Connection check task end

2025-08-25 11:46:50,569 INFO ConnectionMetrics, totalCount = 0, detail = {long_connection=0, long_polling=0}

2025-08-25 11:46:51,371 INFO Connection check task start

2025-08-25 11:46:51,371 INFO Long connection metrics detail ,Total count =0, sdkCount=0,clusterCount=0

2025-08-25 11:46:51,371 INFO Out dated connection ,size=0

2025-08-25 11:46:51,371 INFO Connection check task end

2025-08-25 11:46:53,569 INFO ConnectionMetrics, totalCount = 0, detail = {long_connection=0, long_polling=0}

2025-08-25 11:46:54,371 INFO Connection check task start

2025-08-25 11:46:54,371 INFO Long connection metrics detail ,Total count =0, sdkCount=0,clusterCount=0

2025-08-25 11:46:54,371 INFO Out dated connection ,size=0

2025-08-25 11:46:54,371 INFO Connection check task end

2025-08-25 11:46:56,571 INFO ConnectionMetrics, totalCount = 0, detail = {long_connection=0, long_polling=0}

2025-08-25 11:46:57,373 INFO Connection check task start

2025-08-25 11:46:57,373 INFO Long connection metrics detail ,Total count =0, sdkCount=0,clusterCount=0

2025-08-25 11:46:57,373 INFO Out dated connection ,size=0

2025-08-25 11:46:57,373 INFO Connection check task end

2025-08-25 11:46:59,572 INFO ConnectionMetrics, totalCount = 0, detail = {long_connection=0, long_polling=0}

2025-08-25 11:47:00,374 INFO Connection check task start

2025-08-25 11:47:00,374 INFO Long connection metrics detail ,Total count =0, sdkCount=0,clusterCount=0

2025-08-25 11:47:00,374 INFO Out dated connection ,size=0

2025-08-25 11:47:00,374 INFO Connection check task end

2025-08-25 11:47:02,572 INFO ConnectionMetrics, totalCount = 0, detail = {long_connection=0, long_polling=0}

2025-08-25 11:47:03,375 INFO Connection check task start

2025-08-25 11:47:03,375 INFO Long connection metrics detail ,Total count =0, sdkCount=0,clusterCount=0

2025-08-25 11:47:03,375 INFO Out dated connection ,size=0

2025-08-25 11:47:03,375 INFO Connection check task end

2025-08-25 11:47:05,573 INFO ConnectionMetrics, totalCount = 0, detail = {long_connection=0, long_polling=0}

2025-08-25 11:47:06,376 INFO Connection check task start

2025-08-25 11:47:06,376 INFO Long connection metrics detail ,Total count =0, sdkCount=0,clusterCount=0

2025-08-25 11:47:06,376 INFO Out dated connection ,size=0

2025-08-25 11:47:06,376 INFO Connection check task end

2025-08-25 11:47:08,574 INFO ConnectionMetrics, totalCount = 0, detail = {long_connection=0, long_polling=0}

2025-08-25 11:47:09,377 INFO Connection check task start

2025-08-25 11:47:09,377 INFO Long connection metrics detail ,Total count =0, sdkCount=0,clusterCount=0

2025-08-25 11:47:09,377 INFO Out dated connection ,size=0

2025-08-25 11:47:09,377 INFO Connection check task end

2025-08-25 11:47:11,574 INFO ConnectionMetrics, totalCount = 0, detail = {long_connection=0, long_polling=0}

2025-08-25 11:47:12,377 INFO Connection check task start

2025-08-25 11:47:12,377 INFO Long connection metrics detail ,Total count =0, sdkCount=0,clusterCount=0

2025-08-25 11:47:12,377 INFO Out dated connection ,size=0

2025-08-25 11:47:12,377 INFO Connection check task end

2025-08-25 11:47:14,575 INFO ConnectionMetrics, totalCount = 0, detail = {long_connection=0, long_polling=0}

2025-08-25 11:47:15,379 INFO Connection check task start

2025-08-25 11:47:15,379 INFO Long connection metrics detail ,Total count =0, sdkCount=0,clusterCount=0

2025-08-25 11:47:15,379 INFO Out dated connection ,size=0

2025-08-25 11:47:15,379 INFO Connection check task end

2025-08-25 11:47:17,577 INFO ConnectionMetrics, totalCount = 0, detail = {long_connection=0, long_polling=0}

2025-08-25 11:47:18,380 INFO Connection check task start

2025-08-25 11:47:18,380 INFO Long connection metrics detail ,Total count =0, sdkCount=0,clusterCount=0

2025-08-25 11:47:18,380 INFO Out dated connection ,size=0

2025-08-25 11:47:18,380 INFO Connection check task end

2025-08-25 11:47:20,577 INFO ConnectionMetrics, totalCount = 0, detail = {long_connection=0, long_polling=0}

2025-08-25 11:47:21,382 INFO Connection check task start

2025-08-25 11:47:21,382 INFO Long connection metrics detail ,Total count =0, sdkCount=0,clusterCount=0

2025-08-25 11:47:21,382 INFO Out dated connection ,size=0

2025-08-25 11:47:21,382 INFO Connection check task end

2025-08-25 11:47:23,578 INFO ConnectionMetrics, totalCount = 0, detail = {long_connection=0, long_polling=0}

2025-08-25 11:47:24,383 INFO Connection check task start

2025-08-25 11:47:24,383 INFO Long connection metrics detail ,Total count =0, sdkCount=0,clusterCount=0

2025-08-25 11:47:24,383 INFO Out dated connection ,size=0

2025-08-25 11:47:24,383 INFO Connection check task end

2025-08-25 11:47:26,578 INFO ConnectionMetrics, totalCount = 0, detail = {long_connection=0, long_polling=0}

2025-08-25 11:47:27,383 INFO Connection check task start

2025-08-25 11:47:27,383 INFO Long connection metrics detail ,Total count =0, sdkCount=0,clusterCount=0

2025-08-25 11:47:27,383 INFO Out dated connection ,size=0

2025-08-25 11:47:27,383 INFO Connection check task end

2025-08-25 11:47:29,580 INFO ConnectionMetrics, totalCount = 0, detail = {long_connection=0, long_polling=0}

2025-08-25 11:47:30,384 INFO Connection check task start

2025-08-25 11:47:30,384 INFO Long connection metrics detail ,Total count =0, sdkCount=0,clusterCount=0

2025-08-25 11:47:30,384 INFO Out dated connection ,size=0

2025-08-25 11:47:30,384 INFO Connection check task end

2025-08-25 11:47:32,581 INFO ConnectionMetrics, totalCount = 0, detail = {long_connection=0, long_polling=0}

2025-08-25 11:47:33,385 INFO Connection check task start

2025-08-25 11:47:33,385 INFO Long connection metrics detail ,Total count =0, sdkCount=0,clusterCount=0

2025-08-25 11:47:33,385 INFO Out dated connection ,size=0

2025-08-25 11:47:33,385 INFO Connection check task end

2025-08-25 11:47:35,583 INFO ConnectionMetrics, totalCount = 0, detail = {long_connection=0, long_polling=0}

2025-08-25 11:47:36,386 INFO Connection check task start

2025-08-25 11:47:36,386 INFO Long connection metrics detail ,Total count =0, sdkCount=0,clusterCount=0

2025-08-25 11:47:36,386 INFO Out dated connection ,size=0

2025-08-25 11:47:36,386 INFO Connection check task end

2025-08-25 11:47:38,585 INFO ConnectionMetrics, totalCount = 0, detail = {long_connection=0, long_polling=0}

2025-08-25 11:47:39,387 INFO Connection check task start

2025-08-25 11:47:39,387 INFO Long connection metrics detail ,Total count =0, sdkCount=0,clusterCount=0

2025-08-25 11:47:39,387 INFO Out dated connection ,size=0

2025-08-25 11:47:39,387 INFO Connection check task end

2025-08-25 11:47:41,587 INFO ConnectionMetrics, totalCount = 0, detail = {long_connection=0, long_polling=0}

2025-08-25 11:47:42,387 INFO Connection check task start

2025-08-25 11:47:42,387 INFO Long connection metrics detail ,Total count =0, sdkCount=0,clusterCount=0

2025-08-25 11:47:42,387 INFO Out dated connection ,size=0

2025-08-25 11:47:42,387 INFO Connection check task end

2025-08-25 11:47:44,588 INFO ConnectionMetrics, totalCount = 0, detail = {long_connection=0, long_polling=0}

2025-08-25 11:47:45,388 INFO Connection check task start

2025-08-25 11:47:45,388 INFO Long connection metrics detail ,Total count =0, sdkCount=0,clusterCount=0

2025-08-25 11:47:45,388 INFO Out dated connection ,size=0

2025-08-25 11:47:45,388 INFO Connection check task end

2025-08-25 11:47:47,589 INFO ConnectionMetrics, totalCount = 0, detail = {long_connection=0, long_polling=0}

2025-08-25 11:47:48,389 INFO Connection check task start

2025-08-25 11:47:48,389 INFO Long connection metrics detail ,Total count =0, sdkCount=0,clusterCount=0

2025-08-25 11:47:48,389 INFO Out dated connection ,size=0

2025-08-25 11:47:48,389 INFO Connection check task end

2025-08-25 11:47:50,589 INFO ConnectionMetrics, totalCount = 0, detail = {long_connection=0, long_polling=0}

2025-08-25 11:47:51,391 INFO Connection check task start

2025-08-25 11:47:51,391 INFO Long connection metrics detail ,Total count =0, sdkCount=0,clusterCount=0

2025-08-25 11:47:51,391 INFO Out dated connection ,size=0

2025-08-25 11:47:51,391 INFO Connection check task end

2025-08-25 11:47:53,591 INFO ConnectionMetrics, totalCount = 0, detail = {long_connection=0, long_polling=0}

2025-08-25 11:47:54,391 INFO Connection check task start

2025-08-25 11:47:54,391 INFO Long connection metrics detail ,Total count =0, sdkCount=0,clusterCount=0

2025-08-25 11:47:54,391 INFO Out dated connection ,size=0

2025-08-25 11:47:54,391 INFO Connection check task end

2025-08-25 11:47:56,592 INFO ConnectionMetrics, totalCount = 0, detail = {long_connection=0, long_polling=0}

2025-08-25 11:47:57,392 INFO Connection check task start

2025-08-25 11:47:57,392 INFO Long connection metrics detail ,Total count =0, sdkCount=0,clusterCount=0

2025-08-25 11:47:57,392 INFO Out dated connection ,size=0

2025-08-25 11:47:57,392 INFO Connection check task end

2025-08-25 11:47:59,593 INFO ConnectionMetrics, totalCount = 0, detail = {long_connection=0, long_polling=0}

2025-08-25 11:48:00,394 INFO Connection check task start

2025-08-25 11:48:00,394 INFO Long connection metrics detail ,Total count =0, sdkCount=0,clusterCount=0

2025-08-25 11:48:00,394 INFO Out dated connection ,size=0

2025-08-25 11:48:00,394 INFO Connection check task end

2025-08-25 11:48:02,593 INFO ConnectionMetrics, totalCount = 0, detail = {long_connection=0, long_polling=0}

2025-08-25 11:48:03,395 INFO Connection check task start

2025-08-25 11:48:03,395 INFO Long connection metrics detail ,Total count =0, sdkCount=0,clusterCount=0

2025-08-25 11:48:03,395 INFO Out dated connection ,size=0

2025-08-25 11:48:03,395 INFO Connection check task end

2025-08-25 11:48:05,594 INFO ConnectionMetrics, totalCount = 0, detail = {long_connection=0, long_polling=0}

2025-08-25 11:48:06,397 INFO Connection check task start

2025-08-25 11:48:06,397 INFO Long connection metrics detail ,Total count =0, sdkCount=0,clusterCount=0

2025-08-25 11:48:06,397 INFO Out dated connection ,size=0

2025-08-25 11:48:06,397 INFO Connection check task end

2025-08-25 11:48:08,595 INFO ConnectionMetrics, totalCount = 0, detail = {long_connection=0, long_polling=0}

2025-08-25 11:48:09,397 INFO Connection check task start

2025-08-25 11:48:09,397 INFO Long connection metrics detail ,Total count =0, sdkCount=0,clusterCount=0

2025-08-25 11:48:09,397 INFO Out dated connection ,size=0

2025-08-25 11:48:09,397 INFO Connection check task end

2025-08-25 11:48:11,596 INFO ConnectionMetrics, totalCount = 0, detail = {long_connection=0, long_polling=0}

2025-08-25 11:48:12,398 INFO Connection check task start

2025-08-25 11:48:12,398 INFO Long connection metrics detail ,Total count =0, sdkCount=0,clusterCount=0

2025-08-25 11:48:12,398 INFO Out dated connection ,size=0

2025-08-25 11:48:12,398 INFO Connection check task end

2025-08-25 11:48:14,596 INFO ConnectionMetrics, totalCount = 0, detail = {long_connection=0, long_polling=0}

2025-08-25 11:48:15,399 INFO Connection check task start

2025-08-25 11:48:15,399 INFO Long connection metrics detail ,Total count =0, sdkCount=0,clusterCount=0

2025-08-25 11:48:15,399 INFO Out dated connection ,size=0

2025-08-25 11:48:15,399 INFO Connection check task end

2025-08-25 11:48:17,597 INFO ConnectionMetrics, totalCount = 0, detail = {long_connection=0, long_polling=0}

2025-08-25 11:48:18,402 INFO Connection check task start

2025-08-25 11:48:18,402 INFO Long connection metrics detail ,Total count =0, sdkCount=0,clusterCount=0

2025-08-25 11:48:18,402 INFO Out dated connection ,size=0

2025-08-25 11:48:18,402 INFO Connection check task end

2025-08-25 11:48:20,598 INFO ConnectionMetrics, totalCount = 0, detail = {long_connection=0, long_polling=0}

2025-08-25 11:48:21,403 INFO Connection check task start

2025-08-25 11:48:21,403 INFO Long connection metrics detail ,Total count =0, sdkCount=0,clusterCount=0

2025-08-25 11:48:21,403 INFO Out dated connection ,size=0

2025-08-25 11:48:21,403 INFO Connection check task end

2025-08-25 11:48:23,599 INFO ConnectionMetrics, totalCount = 0, detail = {long_connection=0, long_polling=0}

2025-08-25 11:48:24,404 INFO Connection check task start

2025-08-25 11:48:24,404 INFO Long connection metrics detail ,Total count =0, sdkCount=0,clusterCount=0

2025-08-25 11:48:24,404 INFO Out dated connection ,size=0

2025-08-25 11:48:24,404 INFO Connection check task end

2025-08-25 11:48:26,600 INFO ConnectionMetrics, totalCount = 0, detail = {long_connection=0, long_polling=0}

2025-08-25 11:48:27,405 INFO Connection check task start

2025-08-25 11:48:27,405 INFO Long connection metrics detail ,Total count =0, sdkCount=0,clusterCount=0

2025-08-25 11:48:27,405 INFO Out dated connection ,size=0

2025-08-25 11:48:27,405 INFO Connection check task end

2025-08-25 11:48:29,601 INFO ConnectionMetrics, totalCount = 0, detail = {long_connection=0, long_polling=0}

2025-08-25 11:48:30,407 INFO Connection check task start

2025-08-25 11:48:30,407 INFO Long connection metrics detail ,Total count =0, sdkCount=0,clusterCount=0

2025-08-25 11:48:30,407 INFO Out dated connection ,size=0

2025-08-25 11:48:30,407 INFO Connection check task end

2025-08-25 11:48:32,603 INFO ConnectionMetrics, totalCount = 0, detail = {long_connection=0, long_polling=0}

2025-08-25 11:48:33,408 INFO Connection check task start

2025-08-25 11:48:33,408 INFO Long connection metrics detail ,Total count =0, sdkCount=0,clusterCount=0

2025-08-25 11:48:33,408 INFO Out dated connection ,size=0

2025-08-25 11:48:33,408 INFO Connection check task end

2025-08-25 11:48:35,603 INFO ConnectionMetrics, totalCount = 0, detail = {long_connection=0, long_polling=0}

2025-08-25 11:48:36,409 INFO Connection check task start

2025-08-25 11:48:36,409 INFO Long connection metrics detail ,Total count =0, sdkCount=0,clusterCount=0

2025-08-25 11:48:36,409 INFO Out dated connection ,size=0

2025-08-25 11:48:36,409 INFO Connection check task end

2025-08-25 11:48:38,605 INFO ConnectionMetrics, totalCount = 0, detail = {long_connection=0, long_polling=0}

2025-08-25 11:48:39,411 INFO Connection check task start

2025-08-25 11:48:39,411 INFO Long connection metrics detail ,Total count =0, sdkCount=0,clusterCount=0

2025-08-25 11:48:39,411 INFO Out dated connection ,size=0

2025-08-25 11:48:39,411 INFO Connection check task end

2025-08-25 11:48:41,606 INFO ConnectionMetrics, totalCount = 0, detail = {long_connection=0, long_polling=0}

2025-08-25 11:48:42,412 INFO Connection check task start

2025-08-25 11:48:42,412 INFO Long connection metrics detail ,Total count =0, sdkCount=0,clusterCount=0

2025-08-25 11:48:42,412 INFO Out dated connection ,size=0

2025-08-25 11:48:42,412 INFO Connection check task end

2025-08-25 11:48:44,607 INFO ConnectionMetrics, totalCount = 0, detail = {long_connection=0, long_polling=0}

2025-08-25 11:48:45,413 INFO Connection check task start

2025-08-25 11:48:45,413 INFO Long connection metrics detail ,Total count =0, sdkCount=0,clusterCount=0

2025-08-25 11:48:45,413 INFO Out dated connection ,size=0

2025-08-25 11:48:45,413 INFO Connection check task end

2025-08-25 11:48:47,607 INFO ConnectionMetrics, totalCount = 0, detail = {long_connection=0, long_polling=0}

2025-08-25 11:48:48,414 INFO Connection check task start

2025-08-25 11:48:48,414 INFO Long connection metrics detail ,Total count =0, sdkCount=0,clusterCount=0

2025-08-25 11:48:48,414 INFO Out dated connection ,size=0

2025-08-25 11:48:48,414 INFO Connection check task end

2025-08-25 11:48:50,609 INFO ConnectionMetrics, totalCount = 0, detail = {long_connection=0, long_polling=0}

2025-08-25 11:48:51,416 INFO Connection check task start

2025-08-25 11:48:51,416 INFO Long connection metrics detail ,Total count =0, sdkCount=0,clusterCount=0

2025-08-25 11:48:51,416 INFO Out dated connection ,size=0

2025-08-25 11:48:51,416 INFO Connection check task end

2025-08-25 11:48:53,611 INFO ConnectionMetrics, totalCount = 0, detail = {long_connection=0, long_polling=0}

2025-08-25 11:48:54,417 INFO Connection check task start

2025-08-25 11:48:54,417 INFO Long connection metrics detail ,Total count =0, sdkCount=0,clusterCount=0

2025-08-25 11:48:54,417 INFO Out dated connection ,size=0

2025-08-25 11:48:54,417 INFO Connection check task end

2025-08-25 11:48:56,612 INFO ConnectionMetrics, totalCount = 0, detail = {long_connection=0, long_polling=0}

2025-08-25 11:48:57,419 INFO Connection check task start

2025-08-25 11:48:57,419 INFO Long connection metrics detail ,Total count =0, sdkCount=0,clusterCount=0

2025-08-25 11:48:57,419 INFO Out dated connection ,size=0

2025-08-25 11:48:57,419 INFO Connection check task end

2025-08-25 11:48:59,612 INFO ConnectionMetrics, totalCount = 0, detail = {long_connection=0, long_polling=0}

2025-08-25 11:49:00,419 INFO Connection check task start

2025-08-25 11:49:00,419 INFO Long connection metrics detail ,Total count =0, sdkCount=0,clusterCount=0

2025-08-25 11:49:00,419 INFO Out dated connection ,size=0

2025-08-25 11:49:00,419 INFO Connection check task end

2025-08-25 11:49:02,613 INFO ConnectionMetrics, totalCount = 0, detail = {long_connection=0, long_polling=0}

2025-08-25 11:49:03,420 INFO Connection check task start

2025-08-25 11:49:03,420 INFO Long connection metrics detail ,Total count =0, sdkCount=0,clusterCount=0

2025-08-25 11:49:03,420 INFO Out dated connection ,size=0

2025-08-25 11:49:03,420 INFO Connection check task end

2025-08-25 11:49:05,614 INFO ConnectionMetrics, totalCount = 0, detail = {long_connection=0, long_polling=0}

2025-08-25 11:49:06,421 INFO Connection check task start

2025-08-25 11:49:06,421 INFO Long connection metrics detail ,Total count =0, sdkCount=0,clusterCount=0

2025-08-25 11:49:06,421 INFO Out dated connection ,size=0

2025-08-25 11:49:06,421 INFO Connection check task end

2025-08-25 11:49:08,615 INFO ConnectionMetrics, totalCount = 0, detail = {long_connection=0, long_polling=0}

2025-08-25 11:49:09,422 INFO Connection check task start

2025-08-25 11:49:09,422 INFO Long connection metrics detail ,Total count =0, sdkCount=0,clusterCount=0

2025-08-25 11:49:09,422 INFO Out dated connection ,size=0

2025-08-25 11:49:09,422 INFO Connection check task end

2025-08-25 11:49:11,616 INFO ConnectionMetrics, totalCount = 0, detail = {long_connection=0, long_polling=0}

2025-08-25 11:49:12,422 INFO Connection check task start

2025-08-25 11:49:12,422 INFO Long connection metrics detail ,Total count =0, sdkCount=0,clusterCount=0

2025-08-25 11:49:12,422 INFO Out dated connection ,size=0

2025-08-25 11:49:12,422 INFO Connection check task end

2025-08-25 11:49:14,617 INFO ConnectionMetrics, totalCount = 0, detail = {long_connection=0, long_polling=0}

2025-08-25 11:49:15,423 INFO Connection check task start

2025-08-25 11:49:15,423 INFO Long connection metrics detail ,Total count =0, sdkCount=0,clusterCount=0

2025-08-25 11:49:15,423 INFO Out dated connection ,size=0

2025-08-25 11:49:15,423 INFO Connection check task end

2025-08-25 11:49:17,618 INFO ConnectionMetrics, totalCount = 0, detail = {long_connection=0, long_polling=0}

2025-08-25 11:49:18,424 INFO Connection check task start

2025-08-25 11:49:18,424 INFO Long connection metrics detail ,Total count =0, sdkCount=0,clusterCount=0

2025-08-25 11:49:18,424 INFO Out dated connection ,size=0

2025-08-25 11:49:18,424 INFO Connection check task end

2025-08-25 11:49:20,619 INFO ConnectionMetrics, totalCount = 0, detail = {long_connection=0, long_polling=0}

2025-08-25 11:49:21,424 INFO Connection check task start

2025-08-25 11:49:21,424 INFO Long connection metrics detail ,Total count =0, sdkCount=0,clusterCount=0

2025-08-25 11:49:21,424 INFO Out dated connection ,size=0

2025-08-25 11:49:21,424 INFO Connection check task end

2025-08-25 11:49:23,621 INFO ConnectionMetrics, totalCount = 0, detail = {long_connection=0, long_polling=0}

2025-08-25 11:49:24,425 INFO Connection check task start

2025-08-25 11:49:24,425 INFO Long connection metrics detail ,Total count =0, sdkCount=0,clusterCount=0

2025-08-25 11:49:24,425 INFO Out dated connection ,size=0

2025-08-25 11:49:24,425 INFO Connection check task end

2025-08-25 11:49:26,622 INFO ConnectionMetrics, totalCount = 0, detail = {long_connection=0, long_polling=0}

2025-08-25 11:49:27,427 INFO Connection check task start

2025-08-25 11:49:27,427 INFO Long connection metrics detail ,Total count =0, sdkCount=0,clusterCount=0

2025-08-25 11:49:27,427 INFO Out dated connection ,size=0

2025-08-25 11:49:27,427 INFO Connection check task end

2025-08-25 11:49:29,622 INFO ConnectionMetrics, totalCount = 0, detail = {long_connection=0, long_polling=0}

2025-08-25 11:49:30,428 INFO Connection check task start

2025-08-25 11:49:30,428 INFO Long connection metrics detail ,Total count =0, sdkCount=0,clusterCount=0

2025-08-25 11:49:30,428 INFO Out dated connection ,size=0

2025-08-25 11:49:30,428 INFO Connection check task end

2025-08-25 11:49:32,623 INFO ConnectionMetrics, totalCount = 0, detail = {long_connection=0, long_polling=0}

2025-08-25 11:49:33,428 INFO Connection check task start

2025-08-25 11:49:33,428 INFO Long connection metrics detail ,Total count =0, sdkCount=0,clusterCount=0

2025-08-25 11:49:33,428 INFO Out dated connection ,size=0

2025-08-25 11:49:33,428 INFO Connection check task end

2025-08-25 11:49:35,623 INFO ConnectionMetrics, totalCount = 0, detail = {long_connection=0, long_polling=0}

2025-08-25 11:49:36,428 INFO Connection check task start

2025-08-25 11:49:36,428 INFO Long connection metrics detail ,Total count =0, sdkCount=0,clusterCount=0

2025-08-25 11:49:36,428 INFO Out dated connection ,size=0

2025-08-25 11:49:36,428 INFO Connection check task end

2025-08-25 11:49:38,625 INFO ConnectionMetrics, totalCount = 0, detail = {long_connection=0, long_polling=0}

2025-08-25 11:49:39,430 INFO Connection check task start

2025-08-25 11:49:39,430 INFO Long connection metrics detail ,Total count =0, sdkCount=0,clusterCount=0

2025-08-25 11:49:39,430 INFO Out dated connection ,size=0

2025-08-25 11:49:39,430 INFO Connection check task end

2025-08-25 11:49:41,625 INFO ConnectionMetrics, totalCount = 0, detail = {long_connection=0, long_polling=0}

2025-08-25 11:49:42,432 INFO Connection check task start

2025-08-25 11:49:42,432 INFO Long connection metrics detail ,Total count =0, sdkCount=0,clusterCount=0

2025-08-25 11:49:42,432 INFO Out dated connection ,size=0

2025-08-25 11:49:42,432 INFO Connection check task end

2025-08-25 11:49:44,627 INFO ConnectionMetrics, totalCount = 0, detail = {long_connection=0, long_polling=0}

2025-08-25 11:49:45,433 INFO Connection check task start

2025-08-25 11:49:45,433 INFO Long connection metrics detail ,Total count =0, sdkCount=0,clusterCount=0

2025-08-25 11:49:45,433 INFO Out dated connection ,size=0

2025-08-25 11:49:45,433 INFO Connection check task end

2025-08-25 11:49:47,628 INFO ConnectionMetrics, totalCount = 0, detail = {long_connection=0, long_polling=0}

2025-08-25 11:49:48,435 INFO Connection check task start

2025-08-25 11:49:48,435 INFO Long connection metrics detail ,Total count =0, sdkCount=0,clusterCount=0

2025-08-25 11:49:48,435 INFO Out dated connection ,size=0

2025-08-25 11:49:48,435 INFO Connection check task end

2025-08-25 11:49:50,629 INFO ConnectionMetrics, totalCount = 0, detail = {long_connection=0, long_polling=0}

2025-08-25 11:49:51,435 INFO Connection check task start

2025-08-25 11:49:51,435 INFO Long connection metrics detail ,Total count =0, sdkCount=0,clusterCount=0

2025-08-25 11:49:51,435 INFO Out dated connection ,size=0

2025-08-25 11:49:51,435 INFO Connection check task end

2025-08-25 11:49:53,630 INFO ConnectionMetrics, totalCount = 0, detail = {long_connection=0, long_polling=0}

2025-08-25 11:49:54,436 INFO Connection check task start

2025-08-25 11:49:54,436 INFO Long connection metrics detail ,Total count =0, sdkCount=0,clusterCount=0

2025-08-25 11:49:54,436 INFO Out dated connection ,size=0

2025-08-25 11:49:54,436 INFO Connection check task end

2025-08-25 11:49:56,632 INFO ConnectionMetrics, totalCount = 0, detail = {long_connection=0, long_polling=0}

2025-08-25 11:49:57,436 INFO Connection check task start

2025-08-25 11:49:57,436 INFO Long connection metrics detail ,Total count =0, sdkCount=0,clusterCount=0

2025-08-25 11:49:57,436 INFO Out dated connection ,size=0

2025-08-25 11:49:57,436 INFO Connection check task end

2025-08-25 11:49:59,633 INFO ConnectionMetrics, totalCount = 0, detail = {long_connection=0, long_polling=0}

2025-08-25 11:50:00,437 INFO Connection check task start

2025-08-25 11:50:00,437 INFO Long connection metrics detail ,Total count =0, sdkCount=0,clusterCount=0

2025-08-25 11:50:00,437 INFO Out dated connection ,size=0

2025-08-25 11:50:00,437 INFO Connection check task end

2025-08-25 11:50:02,634 INFO ConnectionMetrics, totalCount = 0, detail = {long_connection=0, long_polling=0}

2025-08-25 11:50:03,438 INFO Connection check task start

2025-08-25 11:50:03,438 INFO Long connection metrics detail ,Total count =0, sdkCount=0,clusterCount=0

2025-08-25 11:50:03,438 INFO Out dated connection ,size=0

2025-08-25 11:50:03,438 INFO Connection check task end

2025-08-25 11:50:05,635 INFO ConnectionMetrics, totalCount = 0, detail = {long_connection=0, long_polling=0}

2025-08-25 11:50:06,438 INFO Connection check task start

2025-08-25 11:50:06,438 INFO Long connection metrics detail ,Total count =0, sdkCount=0,clusterCount=0

2025-08-25 11:50:06,438 INFO Out dated connection ,size=0

2025-08-25 11:50:06,438 INFO Connection check task end

2025-08-25 11:50:08,636 INFO ConnectionMetrics, totalCount = 0, detail = {long_connection=0, long_polling=0}

2025-08-25 11:50:09,439 INFO Connection check task start

2025-08-25 11:50:09,439 INFO Long connection metrics detail ,Total count =0, sdkCount=0,clusterCount=0

2025-08-25 11:50:09,439 INFO Out dated connection ,size=0

2025-08-25 11:50:09,439 INFO Connection check task end

2025-08-25 11:50:11,636 INFO ConnectionMetrics, totalCount = 0, detail = {long_connection=0, long_polling=0}

2025-08-25 11:50:12,440 INFO Connection check task start

2025-08-25 11:50:12,440 INFO Long connection metrics detail ,Total count =0, sdkCount=0,clusterCount=0

2025-08-25 11:50:12,440 INFO Out dated connection ,size=0

2025-08-25 11:50:12,440 INFO Connection check task end

2025-08-25 11:50:14,636 INFO ConnectionMetrics, totalCount = 0, detail = {long_connection=0, long_polling=0}

2025-08-25 11:50:15,440 INFO Connection check task start

2025-08-25 11:50:15,440 INFO Long connection metrics detail ,Total count =0, sdkCount=0,clusterCount=0

2025-08-25 11:50:15,440 INFO Out dated connection ,size=0

2025-08-25 11:50:15,440 INFO Connection check task end

2025-08-25 11:50:17,638 INFO ConnectionMetrics, totalCount = 0, detail = {long_connection=0, long_polling=0}

2025-08-25 11:50:18,441 INFO Connection check task start

2025-08-25 11:50:18,441 INFO Long connection metrics detail ,Total count =0, sdkCount=0,clusterCount=0

2025-08-25 11:50:18,441 INFO Out dated connection ,size=0

2025-08-25 11:50:18,441 INFO Connection check task end

2025-08-25 11:50:20,639 INFO ConnectionMetrics, totalCount = 0, detail = {long_connection=0, long_polling=0}

2025-08-25 11:50:21,443 INFO Connection check task start

2025-08-25 11:50:21,443 INFO Long connection metrics detail ,Total count =0, sdkCount=0,clusterCount=0

2025-08-25 11:50:21,443 INFO Out dated connection ,size=0

2025-08-25 11:50:21,443 INFO Connection check task end

2025-08-25 11:50:23,640 INFO ConnectionMetrics, totalCount = 0, detail = {long_connection=0, long_polling=0}

2025-08-25 11:50:24,443 INFO Connection check task start

2025-08-25 11:50:24,443 INFO Long connection metrics detail ,Total count =0, sdkCount=0,clusterCount=0

2025-08-25 11:50:24,443 INFO Out dated connection ,size=0

2025-08-25 11:50:24,443 INFO Connection check task end

2025-08-25 11:50:26,640 INFO ConnectionMetrics, totalCount = 0, detail = {long_connection=0, long_polling=0}

2025-08-25 11:50:27,444 INFO Connection check task start

2025-08-25 11:50:27,444 INFO Long connection metrics detail ,Total count =0, sdkCount=0,clusterCount=0

2025-08-25 11:50:27,444 INFO Out dated connection ,size=0

2025-08-25 11:50:27,444 INFO Connection check task end

2025-08-25 11:50:29,642 INFO ConnectionMetrics, totalCount = 0, detail = {long_connection=0, long_polling=0}

2025-08-25 11:50:30,444 INFO Connection check task start

2025-08-25 11:50:30,444 INFO Long connection metrics detail ,Total count =0, sdkCount=0,clusterCount=0

2025-08-25 11:50:30,444 INFO Out dated connection ,size=0

2025-08-25 11:50:30,444 INFO Connection check task end

2025-08-25 11:50:32,643 INFO ConnectionMetrics, totalCount = 0, detail = {long_connection=0, long_polling=0}

2025-08-25 11:50:33,445 INFO Connection check task start

2025-08-25 11:50:33,445 INFO Long connection metrics detail ,Total count =0, sdkCount=0,clusterCount=0

2025-08-25 11:50:33,445 INFO Out dated connection ,size=0

2025-08-25 11:50:33,445 INFO Connection check task end

2025-08-25 11:50:35,644 INFO ConnectionMetrics, totalCount = 0, detail = {long_connection=0, long_polling=0}

2025-08-25 11:50:36,446 INFO Connection check task start

2025-08-25 11:50:36,446 INFO Long connection metrics detail ,Total count =0, sdkCount=0,clusterCount=0

2025-08-25 11:50:36,446 INFO Out dated connection ,size=0

2025-08-25 11:50:36,446 INFO Connection check task end

2025-08-25 11:50:38,644 INFO ConnectionMetrics, totalCount = 0, detail = {long_connection=0, long_polling=0}

2025-08-25 11:50:39,446 INFO Connection check task start

2025-08-25 11:50:39,446 INFO Long connection metrics detail ,Total count =0, sdkCount=0,clusterCount=0

2025-08-25 11:50:39,446 INFO Out dated connection ,size=0

2025-08-25 11:50:39,446 INFO Connection check task end

2025-08-25 11:50:41,646 INFO ConnectionMetrics, totalCount = 0, detail = {long_connection=0, long_polling=0}

2025-08-25 11:50:42,447 INFO Connection check task start

2025-08-25 11:50:42,447 INFO Long connection metrics detail ,Total count =0, sdkCount=0,clusterCount=0

2025-08-25 11:50:42,447 INFO Out dated connection ,size=0

2025-08-25 11:50:42,447 INFO Connection check task end

2025-08-25 11:50:44,646 INFO ConnectionMetrics, totalCount = 0, detail = {long_connection=0, long_polling=0}

2025-08-25 11:50:45,449 INFO Connection check task start

2025-08-25 11:50:45,449 INFO Long connection metrics detail ,Total count =0, sdkCount=0,clusterCount=0

2025-08-25 11:50:45,449 INFO Out dated connection ,size=0

2025-08-25 11:50:45,449 INFO Connection check task end

2025-08-25 11:50:47,646 INFO ConnectionMetrics, totalCount = 0, detail = {long_connection=0, long_polling=0}

2025-08-25 11:50:48,451 INFO Connection check task start

2025-08-25 11:50:48,451 INFO Long connection metrics detail ,Total count =0, sdkCount=0,clusterCount=0

2025-08-25 11:50:48,451 INFO Out dated connection ,size=0

2025-08-25 11:50:48,451 INFO Connection check task end

2025-08-25 11:50:50,648 INFO ConnectionMetrics, totalCount = 0, detail = {long_connection=0, long_polling=0}

2025-08-25 11:50:51,452 INFO Connection check task start

2025-08-25 11:50:51,452 INFO Long connection metrics detail ,Total count =0, sdkCount=0,clusterCount=0

2025-08-25 11:50:51,452 INFO Out dated connection ,size=0

2025-08-25 11:50:51,452 INFO Connection check task end

2025-08-25 11:50:53,648 INFO ConnectionMetrics, totalCount = 0, detail = {long_connection=0, long_polling=0}

2025-08-25 11:50:54,452 INFO Connection check task start

2025-08-25 11:50:54,452 INFO Long connection metrics detail ,Total count =0, sdkCount=0,clusterCount=0

2025-08-25 11:50:54,452 INFO Out dated connection ,size=0

2025-08-25 11:50:54,452 INFO Connection check task end

2025-08-25 11:50:56,650 INFO ConnectionMetrics, totalCount = 0, detail = {long_connection=0, long_polling=0}

2025-08-25 11:50:57,454 INFO Connection check task start

2025-08-25 11:50:57,454 INFO Long connection metrics detail ,Total count =0, sdkCount=0,clusterCount=0

2025-08-25 11:50:57,454 INFO Out dated connection ,size=0

2025-08-25 11:50:57,454 INFO Connection check task end

2025-08-25 11:50:59,652 INFO ConnectionMetrics, totalCount = 0, detail = {long_connection=0, long_polling=0}

2025-08-25 11:51:00,456 INFO Connection check task start

2025-08-25 11:51:00,456 INFO Long connection metrics detail ,Total count =0, sdkCount=0,clusterCount=0

2025-08-25 11:51:00,456 INFO Out dated connection ,size=0

2025-08-25 11:51:00,456 INFO Connection check task end

2025-08-25 11:51:02,652 INFO ConnectionMetrics, totalCount = 0, detail = {long_connection=0, long_polling=0}

2025-08-25 11:51:03,457 INFO Connection check task start

2025-08-25 11:51:03,457 INFO Long connection metrics detail ,Total count =0, sdkCount=0,clusterCount=0

2025-08-25 11:51:03,457 INFO Out dated connection ,size=0

2025-08-25 11:51:03,457 INFO Connection check task end

2025-08-25 11:51:05,652 INFO ConnectionMetrics, totalCount = 0, detail = {long_connection=0, long_polling=0}

2025-08-25 11:51:06,458 INFO Connection check task start

2025-08-25 11:51:06,458 INFO Long connection metrics detail ,Total count =0, sdkCount=0,clusterCount=0

2025-08-25 11:51:06,458 INFO Out dated connection ,size=0

2025-08-25 11:51:06,458 INFO Connection check task end

2025-08-25 11:51:08,653 INFO ConnectionMetrics, totalCount = 0, detail = {long_connection=0, long_polling=0}

2025-08-25 11:51:09,459 INFO Connection check task start

2025-08-25 11:51:09,459 INFO Long connection metrics detail ,Total count =0, sdkCount=0,clusterCount=0

2025-08-25 11:51:09,459 INFO Out dated connection ,size=0

2025-08-25 11:51:09,459 INFO Connection check task end

2025-08-25 11:51:11,655 INFO ConnectionMetrics, totalCount = 0, detail = {long_connection=0, long_polling=0}

2025-08-25 11:51:12,460 INFO Connection check task start

2025-08-25 11:51:12,460 INFO Long connection metrics detail ,Total count =0, sdkCount=0,clusterCount=0

2025-08-25 11:51:12,460 INFO Out dated connection ,size=0

2025-08-25 11:51:12,460 INFO Connection check task end

2025-08-25 11:51:14,655 INFO ConnectionMetrics, totalCount = 0, detail = {long_connection=0, long_polling=0}

2025-08-25 11:51:15,460 INFO Connection check task start

2025-08-25 11:51:15,460 INFO Long connection metrics detail ,Total count =0, sdkCount=0,clusterCount=0

2025-08-25 11:51:15,460 INFO Out dated connection ,size=0

2025-08-25 11:51:15,460 INFO Connection check task end

2025-08-25 11:51:17,656 INFO ConnectionMetrics, totalCount = 0, detail = {long_connection=0, long_polling=0}

2025-08-25 11:51:18,462 INFO Connection check task start

2025-08-25 11:51:18,462 INFO Long connection metrics detail ,Total count =0, sdkCount=0,clusterCount=0

2025-08-25 11:51:18,462 INFO Out dated connection ,size=0

2025-08-25 11:51:18,462 INFO Connection check task end

2025-08-25 11:51:20,657 INFO ConnectionMetrics, totalCount = 0, detail = {long_connection=0, long_polling=0}

2025-08-25 11:51:21,463 INFO Connection check task start

2025-08-25 11:51:21,463 INFO Long connection metrics detail ,Total count =0, sdkCount=0,clusterCount=0

2025-08-25 11:51:21,463 INFO Out dated connection ,size=0

2025-08-25 11:51:21,463 INFO Connection check task end

2025-08-25 11:51:23,657 INFO ConnectionMetrics, totalCount = 0, detail = {long_connection=0, long_polling=0}

2025-08-25 11:51:24,463 INFO Connection check task start

2025-08-25 11:51:24,463 INFO Long connection metrics detail ,Total count =0, sdkCount=0,clusterCount=0

2025-08-25 11:51:24,463 INFO Out dated connection ,size=0

2025-08-25 11:51:24,463 INFO Connection check task end

2025-08-25 11:51:26,658 INFO ConnectionMetrics, totalCount = 0, detail = {long_connection=0, long_polling=0}

2025-08-25 11:51:27,464 INFO Connection check task start

2025-08-25 11:51:27,464 INFO Long connection metrics detail ,Total count =0, sdkCount=0,clusterCount=0

2025-08-25 11:51:27,464 INFO Out dated connection ,size=0

2025-08-25 11:51:27,464 INFO Connection check task end

2025-08-25 11:51:29,659 INFO ConnectionMetrics, totalCount = 0, detail = {long_connection=0, long_polling=0}

2025-08-25 11:51:30,465 INFO Connection check task start

2025-08-25 11:51:30,465 INFO Long connection metrics detail ,Total count =0, sdkCount=0,clusterCount=0

2025-08-25 11:51:30,465 INFO Out dated connection ,size=0

2025-08-25 11:51:30,465 INFO Connection check task end

2025-08-25 11:51:32,660 INFO ConnectionMetrics, totalCount = 0, detail = {long_connection=0, long_polling=0}

2025-08-25 11:51:33,466 INFO Connection check task start

2025-08-25 11:51:33,466 INFO Long connection metrics detail ,Total count =0, sdkCount=0,clusterCount=0

2025-08-25 11:51:33,466 INFO Out dated connection ,size=0

2025-08-25 11:51:33,466 INFO Connection check task end

2025-08-25 11:51:35,661 INFO ConnectionMetrics, totalCount = 0, detail = {long_connection=0, long_polling=0}

2025-08-25 11:51:36,466 INFO Connection check task start

2025-08-25 11:51:36,466 INFO Long connection metrics detail ,Total count =0, sdkCount=0,clusterCount=0

2025-08-25 11:51:36,466 INFO Out dated connection ,size=0

2025-08-25 11:51:36,466 INFO Connection check task end

2025-08-25 11:51:38,662 INFO ConnectionMetrics, totalCount = 0, detail = {long_connection=0, long_polling=0}

2025-08-25 11:51:39,467 INFO Connection check task start

2025-08-25 11:51:39,467 INFO Long connection metrics detail ,Total count =0, sdkCount=0,clusterCount=0

2025-08-25 11:51:39,467 INFO Out dated connection ,size=0

2025-08-25 11:51:39,467 INFO Connection check task end

2025-08-25 11:51:41,664 INFO ConnectionMetrics, totalCount = 0, detail = {long_connection=0, long_polling=0}

2025-08-25 11:51:42,468 INFO Connection check task start

2025-08-25 11:51:42,468 INFO Long connection metrics detail ,Total count =0, sdkCount=0,clusterCount=0

2025-08-25 11:51:42,468 INFO Out dated connection ,size=0

2025-08-25 11:51:42,468 INFO Connection check task end

2025-08-25 11:51:44,665 INFO ConnectionMetrics, totalCount = 0, detail = {long_connection=0, long_polling=0}

2025-08-25 11:51:45,469 INFO Connection check task start

2025-08-25 11:51:45,469 INFO Long connection metrics detail ,Total count =0, sdkCount=0,clusterCount=0

2025-08-25 11:51:45,469 INFO Out dated connection ,size=0

2025-08-25 11:51:45,469 INFO Connection check task end

2025-08-25 11:51:47,667 INFO ConnectionMetrics, totalCount = 0, detail = {long_connection=0, long_polling=0}

2025-08-25 11:51:48,471 INFO Connection check task start

2025-08-25 11:51:48,471 INFO Long connection metrics detail ,Total count =0, sdkCount=0,clusterCount=0

2025-08-25 11:51:48,471 INFO Out dated connection ,size=0

2025-08-25 11:51:48,471 INFO Connection check task end

2025-08-25 11:51:50,668 INFO ConnectionMetrics, totalCount = 0, detail = {long_connection=0, long_polling=0}

2025-08-25 11:51:51,472 INFO Connection check task start

2025-08-25 11:51:51,472 INFO Long connection metrics detail ,Total count =0, sdkCount=0,clusterCount=0

2025-08-25 11:51:51,472 INFO Out dated connection ,size=0

2025-08-25 11:51:51,472 INFO Connection check task end

2025-08-25 11:51:53,669 INFO ConnectionMetrics, totalCount = 0, detail = {long_connection=0, long_polling=0}

2025-08-25 11:51:54,473 INFO Connection check task start

2025-08-25 11:51:54,473 INFO Long connection metrics detail ,Total count =0, sdkCount=0,clusterCount=0

2025-08-25 11:51:54,473 INFO Out dated connection ,size=0

2025-08-25 11:51:54,473 INFO Connection check task end

2025-08-25 11:51:56,669 INFO ConnectionMetrics, totalCount = 0, detail = {long_connection=0, long_polling=0}

2025-08-25 11:51:57,473 INFO Connection check task start

2025-08-25 11:51:57,473 INFO Long connection metrics detail ,Total count =0, sdkCount=0,clusterCount=0

2025-08-25 11:51:57,473 INFO Out dated connection ,size=0

2025-08-25 11:51:57,473 INFO Connection check task end

2025-08-25 11:51:59,670 INFO ConnectionMetrics, totalCount = 0, detail = {long_connection=0, long_polling=0}

2025-08-25 11:52:00,474 INFO Connection check task start

2025-08-25 11:52:00,474 INFO Long connection metrics detail ,Total count =0, sdkCount=0,clusterCount=0

2025-08-25 11:52:00,474 INFO Out dated connection ,size=0

2025-08-25 11:52:00,474 INFO Connection check task end

2025-08-25 11:52:02,672 INFO ConnectionMetrics, totalCount = 0, detail = {long_connection=0, long_polling=0}

2025-08-25 11:52:03,475 INFO Connection check task start

2025-08-25 11:52:03,475 INFO Long connection metrics detail ,Total count =0, sdkCount=0,clusterCount=0

2025-08-25 11:52:03,475 INFO Out dated connection ,size=0

2025-08-25 11:52:03,475 INFO Connection check task end

2025-08-25 11:52:05,672 INFO ConnectionMetrics, totalCount = 0, detail = {long_connection=0, long_polling=0}

2025-08-25 11:52:06,475 INFO Connection check task start

2025-08-25 11:52:06,475 INFO Long connection metrics detail ,Total count =0, sdkCount=0,clusterCount=0

2025-08-25 11:52:06,475 INFO Out dated connection ,size=0

2025-08-25 11:52:06,475 INFO Connection check task end

2025-08-25 11:52:08,673 INFO ConnectionMetrics, totalCount = 0, detail = {long_connection=0, long_polling=0}

2025-08-25 11:52:09,477 INFO Connection check task start

2025-08-25 11:52:09,477 INFO Long connection metrics detail ,Total count =0, sdkCount=0,clusterCount=0

2025-08-25 11:52:09,477 INFO Out dated connection ,size=0

2025-08-25 11:52:09,477 INFO Connection check task end

2025-08-25 11:52:11,673 INFO ConnectionMetrics, totalCount = 0, detail = {long_connection=0, long_polling=0}

2025-08-25 11:52:12,478 INFO Connection check task start

2025-08-25 11:52:12,478 INFO Long connection metrics detail ,Total count =0, sdkCount=0,clusterCount=0

2025-08-25 11:52:12,478 INFO Out dated connection ,size=0

2025-08-25 11:52:12,478 INFO Connection check task end

2025-08-25 11:52:14,673 INFO ConnectionMetrics, totalCount = 0, detail = {long_connection=0, long_polling=0}

2025-08-25 11:52:15,479 INFO Connection check task start

2025-08-25 11:52:15,479 INFO Long connection metrics detail ,Total count =0, sdkCount=0,clusterCount=0

2025-08-25 11:52:15,479 INFO Out dated connection ,size=0

2025-08-25 11:52:15,479 INFO Connection check task end

2025-08-25 11:52:17,675 INFO ConnectionMetrics, totalCount = 0, detail = {long_connection=0, long_polling=0}

2025-08-25 11:52:18,479 INFO Connection check task start

2025-08-25 11:52:18,479 INFO Long connection metrics detail ,Total count =0, sdkCount=0,clusterCount=0

2025-08-25 11:52:18,479 INFO Out dated connection ,size=0

2025-08-25 11:52:18,479 INFO Connection check task end

2025-08-25 11:52:20,677 INFO ConnectionMetrics, totalCount = 0, detail = {long_connection=0, long_polling=0}

2025-08-25 11:52:21,480 INFO Connection check task start

2025-08-25 11:52:21,480 INFO Long connection metrics detail ,Total count =0, sdkCount=0,clusterCount=0

2025-08-25 11:52:21,480 INFO Out dated connection ,size=0

2025-08-25 11:52:21,480 INFO Connection check task end

2025-08-25 11:52:23,677 INFO ConnectionMetrics, totalCount = 0, detail = {long_connection=0, long_polling=0}

2025-08-25 11:52:24,480 INFO Connection check task start

2025-08-25 11:52:24,480 INFO Long connection metrics detail ,Total count =0, sdkCount=0,clusterCount=0

2025-08-25 11:52:24,480 INFO Out dated connection ,size=0

2025-08-25 11:52:24,480 INFO Connection check task end

2025-08-25 11:52:26,677 INFO ConnectionMetrics, totalCount = 0, detail = {long_connection=0, long_polling=0}

2025-08-25 11:52:27,481 INFO Connection check task start

2025-08-25 11:52:27,481 INFO Long connection metrics detail ,Total count =0, sdkCount=0,clusterCount=0

2025-08-25 11:52:27,481 INFO Out dated connection ,size=0

2025-08-25 11:52:27,481 INFO Connection check task end

2025-08-25 11:52:29,679 INFO ConnectionMetrics, totalCount = 0, detail = {long_connection=0, long_polling=0}

2025-08-25 11:52:30,481 INFO Connection check task start

2025-08-25 11:52:30,481 INFO Long connection metrics detail ,Total count =0, sdkCount=0,clusterCount=0

2025-08-25 11:52:30,481 INFO Out dated connection ,size=0

2025-08-25 11:52:30,481 INFO Connection check task end

2025-08-25 11:52:32,680 INFO ConnectionMetrics, totalCount = 0, detail = {long_connection=0, long_polling=0}

2025-08-25 11:52:33,483 INFO Connection check task start

2025-08-25 11:52:33,483 INFO Long connection metrics detail ,Total count =0, sdkCount=0,clusterCount=0

2025-08-25 11:52:33,483 INFO Out dated connection ,size=0

2025-08-25 11:52:33,483 INFO Connection check task end

2025-08-25 11:52:35,682 INFO ConnectionMetrics, totalCount = 0, detail = {long_connection=0, long_polling=0}

2025-08-25 11:52:36,484 INFO Connection check task start

2025-08-25 11:52:36,484 INFO Long connection metrics detail ,Total count =0, sdkCount=0,clusterCount=0

2025-08-25 11:52:36,484 INFO Out dated connection ,size=0

2025-08-25 11:52:36,484 INFO Connection check task end

2025-08-25 11:52:38,684 INFO ConnectionMetrics, totalCount = 0, detail = {long_connection=0, long_polling=0}

2025-08-25 11:52:39,485 INFO Connection check task start

2025-08-25 11:52:39,485 INFO Long connection metrics detail ,Total count =0, sdkCount=0,clusterCount=0

2025-08-25 11:52:39,485 INFO Out dated connection ,size=0

2025-08-25 11:52:39,485 INFO Connection check task end

2025-08-25 11:52:41,685 INFO ConnectionMetrics, totalCount = 0, detail = {long_connection=0, long_polling=0}

2025-08-25 11:52:42,486 INFO Connection check task start

2025-08-25 11:52:42,486 INFO Long connection metrics detail ,Total count =0, sdkCount=0,clusterCount=0

2025-08-25 11:52:42,486 INFO Out dated connection ,size=0

2025-08-25 11:52:42,486 INFO Connection check task end

2025-08-25 11:52:44,687 INFO ConnectionMetrics, totalCount = 0, detail = {long_connection=0, long_polling=0}

2025-08-25 11:52:45,487 INFO Connection check task start

2025-08-25 11:52:45,487 INFO Long connection metrics detail ,Total count =0, sdkCount=0,clusterCount=0

2025-08-25 11:52:45,487 INFO Out dated connection ,size=0

2025-08-25 11:52:45,487 INFO Connection check task end

2025-08-25 11:52:47,687 INFO ConnectionMetrics, totalCount = 0, detail = {long_connection=0, long_polling=0}

2025-08-25 11:52:48,488 INFO Connection check task start

2025-08-25 11:52:48,488 INFO Long connection metrics detail ,Total count =0, sdkCount=0,clusterCount=0

2025-08-25 11:52:48,488 INFO Out dated connection ,size=0

2025-08-25 11:52:48,488 INFO Connection check task end

2025-08-25 11:52:50,688 INFO ConnectionMetrics, totalCount = 0, detail = {long_connection=0, long_polling=0}

2025-08-25 11:52:51,489 INFO Connection check task start

2025-08-25 11:52:51,489 INFO Long connection metrics detail ,Total count =0, sdkCount=0,clusterCount=0

2025-08-25 11:52:51,489 INFO Out dated connection ,size=0

2025-08-25 11:52:51,489 INFO Connection check task end

2025-08-25 11:52:53,688 INFO ConnectionMetrics, totalCount = 0, detail = {long_connection=0, long_polling=0}

2025-08-25 11:52:54,491 INFO Connection check task start

2025-08-25 11:52:54,491 INFO Long connection metrics detail ,Total count =0, sdkCount=0,clusterCount=0

2025-08-25 11:52:54,491 INFO Out dated connection ,size=0

2025-08-25 11:52:54,491 INFO Connection check task end

2025-08-25 11:52:56,689 INFO ConnectionMetrics, totalCount = 0, detail = {long_connection=0, long_polling=0}

2025-08-25 11:52:57,493 INFO Connection check task start

2025-08-25 11:52:57,493 INFO Long connection metrics detail ,Total count =0, sdkCount=0,clusterCount=0

2025-08-25 11:52:57,493 INFO Out dated connection ,size=0

2025-08-25 11:52:57,493 INFO Connection check task end

2025-08-25 11:52:59,691 INFO ConnectionMetrics, totalCount = 0, detail = {long_connection=0, long_polling=0}

2025-08-25 11:53:00,494 INFO Connection check task start

2025-08-25 11:53:00,494 INFO Long connection metrics detail ,Total count =0, sdkCount=0,clusterCount=0

2025-08-25 11:53:00,494 INFO Out dated connection ,size=0

2025-08-25 11:53:00,494 INFO Connection check task end

2025-08-25 11:53:02,691 INFO ConnectionMetrics, totalCount = 0, detail = {long_connection=0, long_polling=0}

2025-08-25 11:53:03,495 INFO Connection check task start

2025-08-25 11:53:03,495 INFO Long connection metrics detail ,Total count =0, sdkCount=0,clusterCount=0

2025-08-25 11:53:03,495 INFO Out dated connection ,size=0

2025-08-25 11:53:03,495 INFO Connection check task end

2025-08-25 11:53:05,691 INFO ConnectionMetrics, totalCount = 0, detail = {long_connection=0, long_polling=0}

2025-08-25 11:53:06,495 INFO Connection check task start

2025-08-25 11:53:06,495 INFO Long connection metrics detail ,Total count =0, sdkCount=0,clusterCount=0

2025-08-25 11:53:06,495 INFO Out dated connection ,size=0

2025-08-25 11:53:06,495 INFO Connection check task end

2025-08-25 11:53:08,693 INFO ConnectionMetrics, totalCount = 0, detail = {long_connection=0, long_polling=0}

2025-08-25 11:53:09,496 INFO Connection check task start

2025-08-25 11:53:09,496 INFO Long connection metrics detail ,Total count =0, sdkCount=0,clusterCount=0

2025-08-25 11:53:09,496 INFO Out dated connection ,size=0

2025-08-25 11:53:09,496 INFO Connection check task end

2025-08-25 11:53:11,694 INFO ConnectionMetrics, totalCount = 0, detail = {long_connection=0, long_polling=0}

2025-08-25 11:53:12,497 INFO Connection check task start

2025-08-25 11:53:12,497 INFO Long connection metrics detail ,Total count =0, sdkCount=0,clusterCount=0

2025-08-25 11:53:12,497 INFO Out dated connection ,size=0

2025-08-25 11:53:12,497 INFO Connection check task end

2025-08-25 11:53:14,695 INFO ConnectionMetrics, totalCount = 0, detail = {long_connection=0, long_polling=0}

2025-08-25 11:53:15,498 INFO Connection check task start

2025-08-25 11:53:15,498 INFO Long connection metrics detail ,Total count =0, sdkCount=0,clusterCount=0

2025-08-25 11:53:15,498 INFO Out dated connection ,size=0

2025-08-25 11:53:15,498 INFO Connection check task end

2025-08-25 11:53:17,696 INFO ConnectionMetrics, totalCount = 0, detail = {long_connection=0, long_polling=0}

2025-08-25 11:53:18,498 INFO Connection check task start

2025-08-25 11:53:18,498 INFO Long connection metrics detail ,Total count =0, sdkCount=0,clusterCount=0

2025-08-25 11:53:18,498 INFO Out dated connection ,size=0

2025-08-25 11:53:18,498 INFO Connection check task end

2025-08-25 11:53:20,697 INFO ConnectionMetrics, totalCount = 0, detail = {long_connection=0, long_polling=0}

2025-08-25 11:53:21,499 INFO Connection check task start

2025-08-25 11:53:21,499 INFO Long connection metrics detail ,Total count =0, sdkCount=0,clusterCount=0

2025-08-25 11:53:21,499 INFO Out dated connection ,size=0

2025-08-25 11:53:21,499 INFO Connection check task end

2025-08-25 11:53:23,697 INFO ConnectionMetrics, totalCount = 0, detail = {long_connection=0, long_polling=0}

2025-08-25 11:53:24,500 INFO Connection check task start

2025-08-25 11:53:24,500 INFO Long connection metrics detail ,Total count =0, sdkCount=0,clusterCount=0

2025-08-25 11:53:24,500 INFO Out dated connection ,size=0

2025-08-25 11:53:24,500 INFO Connection check task end

2025-08-25 11:53:26,698 INFO ConnectionMetrics, totalCount = 0, detail = {long_connection=0, long_polling=0}

2025-08-25 11:53:27,501 INFO Connection check task start

2025-08-25 11:53:27,501 INFO Long connection metrics detail ,Total count =0, sdkCount=0,clusterCount=0

2025-08-25 11:53:27,501 INFO Out dated connection ,size=0

2025-08-25 11:53:27,501 INFO Connection check task end

2025-08-25 11:53:29,699 INFO ConnectionMetrics, totalCount = 0, detail = {long_connection=0, long_polling=0}

2025-08-25 11:53:30,502 INFO Connection check task start

2025-08-25 11:53:30,502 INFO Long connection metrics detail ,Total count =0, sdkCount=0,clusterCount=0

2025-08-25 11:53:30,502 INFO Out dated connection ,size=0

2025-08-25 11:53:30,502 INFO Connection check task end

2025-08-25 11:53:32,699 INFO ConnectionMetrics, totalCount = 0, detail = {long_connection=0, long_polling=0}

2025-08-25 11:53:33,504 INFO Connection check task start

2025-08-25 11:53:33,504 INFO Long connection metrics detail ,Total count =0, sdkCount=0,clusterCount=0

2025-08-25 11:53:33,504 INFO Out dated connection ,size=0

2025-08-25 11:53:33,504 INFO Connection check task end

2025-08-25 11:53:35,701 INFO ConnectionMetrics, totalCount = 0, detail = {long_connection=0, long_polling=0}

2025-08-25 11:53:36,504 INFO Connection check task start

2025-08-25 11:53:36,504 INFO Long connection metrics detail ,Total count =0, sdkCount=0,clusterCount=0

2025-08-25 11:53:36,504 INFO Out dated connection ,size=0

2025-08-25 11:53:36,504 INFO Connection check task end

2025-08-25 11:53:38,702 INFO ConnectionMetrics, totalCount = 0, detail = {long_connection=0, long_polling=0}

2025-08-25 11:53:39,506 INFO Connection check task start

2025-08-25 11:53:39,506 INFO Long connection metrics detail ,Total count =0, sdkCount=0,clusterCount=0

2025-08-25 11:53:39,506 INFO Out dated connection ,size=0

2025-08-25 11:53:39,506 INFO Connection check task end

2025-08-25 11:53:41,704 INFO ConnectionMetrics, totalCount = 0, detail = {long_connection=0, long_polling=0}

2025-08-25 11:53:42,506 INFO Connection check task start

2025-08-25 11:53:42,506 INFO Long connection metrics detail ,Total count =0, sdkCount=0,clusterCount=0

2025-08-25 11:53:42,506 INFO Out dated connection ,size=0

2025-08-25 11:53:42,506 INFO Connection check task end

2025-08-25 11:53:44,705 INFO ConnectionMetrics, totalCount = 0, detail = {long_connection=0, long_polling=0}

2025-08-25 11:53:45,508 INFO Connection check task start

2025-08-25 11:53:45,508 INFO Long connection metrics detail ,Total count =0, sdkCount=0,clusterCount=0

2025-08-25 11:53:45,508 INFO Out dated connection ,size=0

2025-08-25 11:53:45,508 INFO Connection check task end

2025-08-25 11:53:47,707 INFO ConnectionMetrics, totalCount = 0, detail = {long_connection=0, long_polling=0}

2025-08-25 11:53:48,508 INFO Connection check task start

2025-08-25 11:53:48,508 INFO Long connection metrics detail ,Total count =0, sdkCount=0,clusterCount=0

2025-08-25 11:53:48,508 INFO Out dated connection ,size=0

2025-08-25 11:53:48,508 INFO Connection check task end

2025-08-25 11:53:50,708 INFO ConnectionMetrics, totalCount = 0, detail = {long_connection=0, long_polling=0}

2025-08-25 11:53:51,509 INFO Connection check task start

2025-08-25 11:53:51,509 INFO Long connection metrics detail ,Total count =0, sdkCount=0,clusterCount=0

2025-08-25 11:53:51,509 INFO Out dated connection ,size=0

2025-08-25 11:53:51,509 INFO Connection check task end

2025-08-25 11:53:53,708 INFO ConnectionMetrics, totalCount = 0, detail = {long_connection=0, long_polling=0}

2025-08-25 11:53:54,511 INFO Connection check task start

2025-08-25 11:53:54,511 INFO Long connection metrics detail ,Total count =0, sdkCount=0,clusterCount=0

2025-08-25 11:53:54,511 INFO Out dated connection ,size=0

2025-08-25 11:53:54,511 INFO Connection check task end

2025-08-25 11:53:56,709 INFO ConnectionMetrics, totalCount = 0, detail = {long_connection=0, long_polling=0}

2025-08-25 11:53:57,511 INFO Connection check task start

2025-08-25 11:53:57,511 INFO Long connection metrics detail ,Total count =0, sdkCount=0,clusterCount=0

2025-08-25 11:53:57,511 INFO Out dated connection ,size=0

2025-08-25 11:53:57,511 INFO Connection check task end

2025-08-25 11:53:59,710 INFO ConnectionMetrics, totalCount = 0, detail = {long_connection=0, long_polling=0}

2025-08-25 11:54:00,512 INFO Connection check task start

2025-08-25 11:54:00,512 INFO Long connection metrics detail ,Total count =0, sdkCount=0,clusterCount=0

2025-08-25 11:54:00,512 INFO Out dated connection ,size=0

2025-08-25 11:54:00,512 INFO Connection check task end

2025-08-25 11:54:02,711 INFO ConnectionMetrics, totalCount = 0, detail = {long_connection=0, long_polling=0}

2025-08-25 11:54:03,513 INFO Connection check task start

2025-08-25 11:54:03,513 INFO Long connection metrics detail ,Total count =0, sdkCount=0,clusterCount=0

2025-08-25 11:54:03,513 INFO Out dated connection ,size=0

2025-08-25 11:54:03,513 INFO Connection check task end

2025-08-25 11:54:05,713 INFO ConnectionMetrics, totalCount = 0, detail = {long_connection=0, long_polling=0}

2025-08-25 11:54:06,515 INFO Connection check task start

2025-08-25 11:54:06,515 INFO Long connection metrics detail ,Total count =0, sdkCount=0,clusterCount=0

2025-08-25 11:54:06,515 INFO Out dated connection ,size=0

2025-08-25 11:54:06,515 INFO Connection check task end

2025-08-25 11:54:08,713 INFO ConnectionMetrics, totalCount = 0, detail = {long_connection=0, long_polling=0}

2025-08-25 11:54:09,515 INFO Connection check task start

2025-08-25 11:54:09,515 INFO Long connection metrics detail ,Total count =0, sdkCount=0,clusterCount=0

2025-08-25 11:54:09,515 INFO Out dated connection ,size=0

2025-08-25 11:54:09,515 INFO Connection check task end

2025-08-25 11:54:11,714 INFO ConnectionMetrics, totalCount = 0, detail = {long_connection=0, long_polling=0}

2025-08-25 11:54:12,517 INFO Connection check task start

2025-08-25 11:54:12,517 INFO Long connection metrics detail ,Total count =0, sdkCount=0,clusterCount=0

2025-08-25 11:54:12,517 INFO Out dated connection ,size=0

2025-08-25 11:54:12,517 INFO Connection check task end

2025-08-25 11:54:14,715 INFO ConnectionMetrics, totalCount = 0, detail = {long_connection=0, long_polling=0}

2025-08-25 11:54:15,519 INFO Connection check task start

2025-08-25 11:54:15,519 INFO Long connection metrics detail ,Total count =0, sdkCount=0,clusterCount=0

2025-08-25 11:54:15,519 INFO Out dated connection ,size=0

2025-08-25 11:54:15,519 INFO Connection check task end

2025-08-25 11:54:17,716 INFO ConnectionMetrics, totalCount = 0, detail = {long_connection=0, long_polling=0}

2025-08-25 11:54:18,520 INFO Connection check task start

2025-08-25 11:54:18,520 INFO Long connection metrics detail ,Total count =0, sdkCount=0,clusterCount=0

2025-08-25 11:54:18,520 INFO Out dated connection ,size=0

2025-08-25 11:54:18,520 INFO Connection check task end

2025-08-25 11:54:20,717 INFO ConnectionMetrics, totalCount = 0, detail = {long_connection=0, long_polling=0}

2025-08-25 11:54:21,522 INFO Connection check task start

2025-08-25 11:54:21,522 INFO Long connection metrics detail ,Total count =0, sdkCount=0,clusterCount=0

2025-08-25 11:54:21,522 INFO Out dated connection ,size=0

2025-08-25 11:54:21,522 INFO Connection check task end

2025-08-25 11:54:22,928 INFO [capacityManagement] start correct usage

2025-08-25 11:54:22,928 INFO [capacityManagement] end correct usage, cost: 6.814E-4s

2025-08-25 11:54:23,129 WARN clearConfigHistory start

2025-08-25 11:54:23,129 WARN clearConfigHistory, getBeforeStamp:2025-07-26 11:54:23.0, pageSize:1000

2025-08-25 11:54:23,718 INFO ConnectionMetrics, totalCount = 0, detail = {long_connection=0, long_polling=0}

2025-08-25 11:54:24,523 INFO Connection check task start

2025-08-25 11:54:24,523 INFO Long connection metrics detail ,Total count =0, sdkCount=0,clusterCount=0

2025-08-25 11:54:24,523 INFO Out dated connection ,size=0

2025-08-25 11:54:24,523 INFO Connection check task end

2025-08-25 11:54:26,719 INFO ConnectionMetrics, totalCount = 0, detail = {long_connection=0, long_polling=0}

2025-08-25 11:54:27,523 INFO Connection check task start

2025-08-25 11:54:27,523 INFO Long connection metrics detail ,Total count =0, sdkCount=0,clusterCount=0

2025-08-25 11:54:27,523 INFO Out dated connection ,size=0

2025-08-25 11:54:27,523 INFO Connection check task end

2025-08-25 11:54:29,720 INFO ConnectionMetrics, totalCount = 0, detail = {long_connection=0, long_polling=0}

2025-08-25 11:54:30,524 INFO Connection check task start

2025-08-25 11:54:30,524 INFO Long connection metrics detail ,Total count =0, sdkCount=0,clusterCount=0

2025-08-25 11:54:30,524 INFO Out dated connection ,size=0

2025-08-25 11:54:30,524 INFO Connection check task end

2025-08-25 11:54:32,721 INFO ConnectionMetrics, totalCount = 0, detail = {long_connection=0, long_polling=0}

2025-08-25 11:54:33,524 INFO Connection check task start

2025-08-25 11:54:33,524 INFO Long connection metrics detail ,Total count =0, sdkCount=0,clusterCount=0

2025-08-25 11:54:33,524 INFO Out dated connection ,size=0

2025-08-25 11:54:33,524 INFO Connection check task end

2025-08-25 11:54:35,722 INFO ConnectionMetrics, totalCount = 0, detail = {long_connection=0, long_polling=0}

2025-08-25 11:54:36,524 INFO Connection check task start

2025-08-25 11:54:36,524 INFO Long connection metrics detail ,Total count =0, sdkCount=0,clusterCount=0

2025-08-25 11:54:36,524 INFO Out dated connection ,size=0

2025-08-25 11:54:36,524 INFO Connection check task end

2025-08-25 11:54:38,724 INFO ConnectionMetrics, totalCount = 0, detail = {long_connection=0, long_polling=0}

