2025-08-25 11:21:25 [main] INFO  c.a.n.c.env.SearchableProperties - properties search order:PROPERTIES->JVM->ENV->DEFAULT_SETTING
2025-08-25 11:21:26 [main] INFO  c.m.user.UserServiceApplication - Starting UserServiceApplication using Java 1.8.0_451 on WIN-C3D985L1HJN with PID 79696 (D:\CODE\Memorin-rebuild\backend\memorin-user-service\target\classes started by Mechrevo in D:\CODE\Memorin-rebuild\backend\memorin-user-service)
2025-08-25 11:21:26 [main] DEBUG c.m.user.UserServiceApplication - Running with Spring Boot v2.7.18, Spring v5.3.31
2025-08-25 11:21:26 [main] INFO  c.m.user.UserServiceApplication - The following 1 profile is active: "dev"
2025-08-25 11:21:26 [main] INFO  o.s.d.r.c.RepositoryConfigurationDelegate - Multiple Spring Data modules found, entering strict repository configuration mode
2025-08-25 11:21:26 [main] INFO  o.s.d.r.c.RepositoryConfigurationDelegate - Bootstrapping Spring Data JPA repositories in DEFAULT mode.
2025-08-25 11:21:26 [main] INFO  o.s.d.r.c.RepositoryConfigurationDelegate - Finished Spring Data repository scanning in 29 ms. Found 1 JPA repository interfaces.
2025-08-25 11:21:26 [main] INFO  o.s.d.r.c.RepositoryConfigurationDelegate - Multiple Spring Data modules found, entering strict repository configuration mode
2025-08-25 11:21:26 [main] INFO  o.s.d.r.c.RepositoryConfigurationDelegate - Bootstrapping Spring Data Redis repositories in DEFAULT mode.
2025-08-25 11:21:26 [main] INFO  o.s.d.r.c.RepositoryConfigurationExtensionSupport - Spring Data Redis - Could not safely identify store assignment for repository candidate interface com.memorin.user.repository.UserRepository; If you want this repository to be a Redis repository, consider annotating your entities with one of these annotations: org.springframework.data.redis.core.RedisHash (preferred), or consider extending one of the following types with your repository: org.springframework.data.keyvalue.repository.KeyValueRepository
2025-08-25 11:21:26 [main] INFO  o.s.d.r.c.RepositoryConfigurationDelegate - Finished Spring Data repository scanning in 3 ms. Found 0 Redis repository interfaces.
2025-08-25 11:21:26 [main] INFO  o.s.cloud.context.scope.GenericScope - BeanFactory id=2128d4fc-989d-37c9-b222-bc66d4c877f7
2025-08-25 11:21:27 [main] INFO  o.s.b.w.e.tomcat.TomcatWebServer - Tomcat initialized with port(s): 8081 (http)
2025-08-25 11:21:27 [main] INFO  o.a.catalina.core.StandardService - Starting service [Tomcat]
2025-08-25 11:21:27 [main] INFO  o.a.catalina.core.StandardEngine - Starting Servlet engine: [Apache Tomcat/9.0.83]
2025-08-25 11:21:27 [main] INFO  o.a.c.c.C.[Tomcat].[localhost].[/] - Initializing Spring embedded WebApplicationContext
2025-08-25 11:21:27 [main] INFO  o.s.b.w.s.c.ServletWebServerApplicationContext - Root WebApplicationContext: initialization completed in 1211 ms
2025-08-25 11:21:27 [main] INFO  com.zaxxer.hikari.HikariDataSource - MemorinUserPool - Starting...
2025-08-25 11:21:27 [main] INFO  com.zaxxer.hikari.HikariDataSource - MemorinUserPool - Start completed.
2025-08-25 11:21:27 [main] INFO  o.s.b.a.h.H2ConsoleAutoConfiguration - H2 console available at '/h2-console'. Database available at 'jdbc:h2:mem:memorin_user'
2025-08-25 11:21:27 [main] INFO  o.h.jpa.internal.util.LogHelper - HHH000204: Processing PersistenceUnitInfo [name: default]
2025-08-25 11:21:27 [main] INFO  org.hibernate.Version - HHH000412: Hibernate ORM core version 5.6.15.Final
2025-08-25 11:21:27 [main] INFO  o.h.annotations.common.Version - HCANN000001: Hibernate Commons Annotations {5.1.2.Final}
2025-08-25 11:21:27 [main] INFO  org.hibernate.dialect.Dialect - HHH000400: Using dialect: org.hibernate.dialect.H2Dialect
2025-08-25 11:21:27 [main] DEBUG org.hibernate.SQL - 
    
    drop table if exists users CASCADE 
2025-08-25 11:21:27 [main] DEBUG org.hibernate.SQL - 
    
    create table users (
       id bigint generated by default as identity,
        created_at timestamp not null,
        email varchar(100) not null,
        password_hash varchar(255) not null,
        status varchar(255) not null,
        updated_at timestamp not null,
        username varchar(50) not null,
        primary key (id)
    )
2025-08-25 11:21:27 [main] DEBUG org.hibernate.SQL - 
    
    alter table users 
       add constraint UK_6dotkott2kjsp8vw4d0m25fb7 unique (email)
2025-08-25 11:21:27 [main] DEBUG org.hibernate.SQL - 
    
    alter table users 
       add constraint UK_r43af9ap4edm43mmtq01oddj6 unique (username)
2025-08-25 11:21:27 [main] INFO  o.h.e.t.j.p.i.JtaPlatformInitiator - HHH000490: Using JtaPlatform implementation: [org.hibernate.engine.transaction.jta.platform.internal.NoJtaPlatform]
2025-08-25 11:21:27 [main] INFO  o.s.o.j.LocalContainerEntityManagerFactoryBean - Initialized JPA EntityManagerFactory for persistence unit 'default'
2025-08-25 11:21:28 [main] WARN  o.s.b.a.s.s.UserDetailsServiceAutoConfiguration - 

Using generated security password: a76e74e8-39c6-4fc0-9b85-70d1215fe42f

This generated password is for development use only. Your security configuration must be updated before running your application in production.

2025-08-25 11:21:28 [main] DEBUG o.s.w.s.m.m.a.RequestMappingHandlerMapping - 20 mappings in 'requestMappingHandlerMapping'
2025-08-25 11:21:28 [main] DEBUG o.s.w.s.h.SimpleUrlHandlerMapping - Patterns [/webjars/**, /**, /swagger-ui*/*swagger-initializer.js, /swagger-ui*/**] in 'resourceHandlerMapping'
2025-08-25 11:21:28 [main] INFO  o.s.b.a.e.web.EndpointLinksResolver - Exposing 3 endpoint(s) beneath base path '/actuator'
2025-08-25 11:21:28 [main] DEBUG o.s.s.w.a.e.ExpressionBasedFilterInvocationSecurityMetadataSource - Adding web access control expression [permitAll] for Ant [pattern='/actuator/**']
2025-08-25 11:21:28 [main] DEBUG o.s.s.w.a.e.ExpressionBasedFilterInvocationSecurityMetadataSource - Adding web access control expression [permitAll] for Ant [pattern='/test/**']
2025-08-25 11:21:28 [main] DEBUG o.s.s.w.a.e.ExpressionBasedFilterInvocationSecurityMetadataSource - Adding web access control expression [permitAll] for Ant [pattern='/auth/**']
2025-08-25 11:21:28 [main] DEBUG o.s.s.w.a.e.ExpressionBasedFilterInvocationSecurityMetadataSource - Adding web access control expression [permitAll] for Ant [pattern='/h2-console/**']
2025-08-25 11:21:28 [main] DEBUG o.s.s.w.a.e.ExpressionBasedFilterInvocationSecurityMetadataSource - Adding web access control expression [permitAll] for Ant [pattern='/error']
2025-08-25 11:21:28 [main] DEBUG o.s.s.w.a.e.ExpressionBasedFilterInvocationSecurityMetadataSource - Adding web access control expression [permitAll] for Ant [pattern='/swagger-ui.html']
2025-08-25 11:21:28 [main] DEBUG o.s.s.w.a.e.ExpressionBasedFilterInvocationSecurityMetadataSource - Adding web access control expression [permitAll] for Ant [pattern='/swagger-ui/**']
2025-08-25 11:21:28 [main] DEBUG o.s.s.w.a.e.ExpressionBasedFilterInvocationSecurityMetadataSource - Adding web access control expression [permitAll] for Ant [pattern='/v3/api-docs/**']
2025-08-25 11:21:28 [main] DEBUG o.s.s.w.a.e.ExpressionBasedFilterInvocationSecurityMetadataSource - Adding web access control expression [permitAll] for Ant [pattern='/webjars/**']
2025-08-25 11:21:28 [main] DEBUG o.s.s.w.a.e.ExpressionBasedFilterInvocationSecurityMetadataSource - Adding web access control expression [authenticated] for any request
2025-08-25 11:21:28 [main] INFO  o.s.s.web.DefaultSecurityFilterChain - Will secure any request with [org.springframework.security.web.context.request.async.WebAsyncManagerIntegrationFilter@586b78d7, org.springframework.security.web.context.SecurityContextPersistenceFilter@7c93e69, org.springframework.security.web.header.HeaderWriterFilter@7b364f47, org.springframework.web.filter.CorsFilter@75882ac2, org.springframework.security.web.authentication.logout.LogoutFilter@5b72b13a, org.springframework.security.web.savedrequest.RequestCacheAwareFilter@d763b06, org.springframework.security.web.servletapi.SecurityContextHolderAwareRequestFilter@3fc14dc0, org.springframework.security.web.authentication.AnonymousAuthenticationFilter@48b01607, org.springframework.security.web.access.ExceptionTranslationFilter@1a06b95, org.springframework.security.web.access.intercept.FilterSecurityInterceptor@531292ed]
2025-08-25 11:21:28 [main] DEBUG o.s.w.s.m.m.a.RequestMappingHandlerAdapter - ControllerAdvice beans: 0 @ModelAttribute, 0 @InitBinder, 1 RequestBodyAdvice, 1 ResponseBodyAdvice
2025-08-25 11:21:28 [main] DEBUG o.s.w.s.m.m.a.ExceptionHandlerExceptionResolver - ControllerAdvice beans: 2 @ExceptionHandler, 1 ResponseBodyAdvice
2025-08-25 11:21:29 [main] INFO  o.s.b.w.e.tomcat.TomcatWebServer - Tomcat started on port(s): 8081 (http) with context path ''
2025-08-25 11:21:29 [main] INFO  c.a.n.p.a.s.c.ClientAuthPluginManager - [ClientAuthPluginManager] Load ClientAuthService com.alibaba.nacos.client.auth.impl.NacosClientAuthServiceImpl success.
2025-08-25 11:21:29 [main] INFO  c.a.n.p.a.s.c.ClientAuthPluginManager - [ClientAuthPluginManager] Load ClientAuthService com.alibaba.nacos.client.auth.ram.RamClientAuthServiceImpl success.
2025-08-25 11:21:39 [main] ERROR c.a.c.n.r.NacosServiceRegistry - nacos registry, memorin-user-service register failed...NacosRegistration{nacosDiscoveryProperties=NacosDiscoveryProperties{serverAddr='localhost:8848', username='', password='', endpoint='', namespace='memorin-dev', watchDelay=30000, logName='', service='memorin-user-service', weight=1.0, clusterName='DEFAULT', group='DEFAULT_GROUP', namingLoadCacheAtStart='false', metadata={management.endpoints.web.base-path=/actuator, IPv6=[2001:da8:203:a502:72c7:6ba7:32b:d24d], service-type=user-management, description=Memorin用户认证授权服务, region=default, preserved.register.source=SPRING_CLOUD, version=1.0.0}, registerEnabled=true, ip='10.128.54.55', networkInterface='', port=8081, secure=false, accessKey='', secretKey='', heartBeatInterval=null, heartBeatTimeout=null, ipDeleteTimeout=null, instanceEnabled=true, ephemeral=true, failureToleranceEnabled=false}, ipDeleteTimeout=null, failFast=true}},
com.alibaba.nacos.api.exception.NacosException: Client not connected, current status:STARTING
	at com.alibaba.nacos.common.remote.client.RpcClient.request(RpcClient.java:639)
	at com.alibaba.nacos.common.remote.client.RpcClient.request(RpcClient.java:619)
	at com.alibaba.nacos.client.naming.remote.gprc.NamingGrpcClientProxy.requestToServer(NamingGrpcClientProxy.java:356)
	at com.alibaba.nacos.client.naming.remote.gprc.NamingGrpcClientProxy.doRegisterService(NamingGrpcClientProxy.java:209)
	at com.alibaba.nacos.client.naming.remote.gprc.NamingGrpcClientProxy.registerService(NamingGrpcClientProxy.java:123)
	at com.alibaba.nacos.client.naming.remote.NamingClientProxyDelegate.registerService(NamingClientProxyDelegate.java:98)
	at com.alibaba.nacos.client.naming.NacosNamingService.registerInstance(NacosNamingService.java:152)
	at com.alibaba.cloud.nacos.registry.NacosServiceRegistry.register(NacosServiceRegistry.java:75)
	at org.springframework.cloud.client.serviceregistry.AbstractAutoServiceRegistration.register(AbstractAutoServiceRegistration.java:232)
	at com.alibaba.cloud.nacos.registry.NacosAutoServiceRegistration.register(NacosAutoServiceRegistration.java:78)
	at org.springframework.cloud.client.serviceregistry.AbstractAutoServiceRegistration.start(AbstractAutoServiceRegistration.java:133)
	at org.springframework.cloud.client.serviceregistry.AbstractAutoServiceRegistration.bind(AbstractAutoServiceRegistration.java:98)
	at org.springframework.cloud.client.serviceregistry.AbstractAutoServiceRegistration.onApplicationEvent(AbstractAutoServiceRegistration.java:86)
	at org.springframework.cloud.client.serviceregistry.AbstractAutoServiceRegistration.onApplicationEvent(AbstractAutoServiceRegistration.java:47)
	at org.springframework.context.event.SimpleApplicationEventMulticaster.doInvokeListener(SimpleApplicationEventMulticaster.java:178)
	at org.springframework.context.event.SimpleApplicationEventMulticaster.invokeListener(SimpleApplicationEventMulticaster.java:171)
	at org.springframework.context.event.SimpleApplicationEventMulticaster.multicastEvent(SimpleApplicationEventMulticaster.java:145)
	at org.springframework.context.support.AbstractApplicationContext.publishEvent(AbstractApplicationContext.java:429)
	at org.springframework.context.support.AbstractApplicationContext.publishEvent(AbstractApplicationContext.java:386)
	at org.springframework.boot.web.servlet.context.WebServerStartStopLifecycle.start(WebServerStartStopLifecycle.java:46)
	at org.springframework.context.support.DefaultLifecycleProcessor.doStart(DefaultLifecycleProcessor.java:179)
	at org.springframework.context.support.DefaultLifecycleProcessor.access$200(DefaultLifecycleProcessor.java:54)
	at org.springframework.context.support.DefaultLifecycleProcessor$LifecycleGroup.start(DefaultLifecycleProcessor.java:357)
	at java.lang.Iterable.forEach(Iterable.java:75)
	at org.springframework.context.support.DefaultLifecycleProcessor.startBeans(DefaultLifecycleProcessor.java:156)
	at org.springframework.context.support.DefaultLifecycleProcessor.onRefresh(DefaultLifecycleProcessor.java:124)
	at org.springframework.context.support.AbstractApplicationContext.finishRefresh(AbstractApplicationContext.java:946)
	at org.springframework.context.support.AbstractApplicationContext.refresh(AbstractApplicationContext.java:594)
	at org.springframework.boot.web.servlet.context.ServletWebServerApplicationContext.refresh(ServletWebServerApplicationContext.java:147)
	at org.springframework.boot.SpringApplication.refresh(SpringApplication.java:732)
	at org.springframework.boot.SpringApplication.refreshContext(SpringApplication.java:409)
	at org.springframework.boot.SpringApplication.run(SpringApplication.java:308)
	at org.springframework.boot.SpringApplication.run(SpringApplication.java:1300)
	at org.springframework.boot.SpringApplication.run(SpringApplication.java:1289)
	at com.memorin.user.UserServiceApplication.main(UserServiceApplication.java:19)
2025-08-25 11:21:39 [main] WARN  o.s.b.w.s.c.AnnotationConfigServletWebServerApplicationContext - Exception encountered during context initialization - cancelling refresh attempt: org.springframework.context.ApplicationContextException: Failed to start bean 'webServerStartStop'; nested exception is java.lang.reflect.UndeclaredThrowableException
2025-08-25 11:21:39 [main] INFO  o.s.o.j.LocalContainerEntityManagerFactoryBean - Closing JPA EntityManagerFactory for persistence unit 'default'
2025-08-25 11:21:39 [main] INFO  o.h.t.s.i.SchemaDropperImpl$DelayedDropActionImpl - HHH000477: Starting delayed evictData of schema as part of SessionFactory shut-down'
2025-08-25 11:21:39 [main] DEBUG org.hibernate.SQL - 
    
    drop table if exists users CASCADE 
2025-08-25 11:21:39 [main] INFO  com.zaxxer.hikari.HikariDataSource - MemorinUserPool - Shutdown initiated...
2025-08-25 11:21:39 [main] INFO  com.zaxxer.hikari.HikariDataSource - MemorinUserPool - Shutdown completed.
2025-08-25 11:21:39 [main] INFO  o.a.catalina.core.StandardService - Stopping service [Tomcat]
2025-08-25 11:21:39 [main] INFO  o.s.b.a.l.ConditionEvaluationReportLoggingListener - 

Error starting ApplicationContext. To display the conditions report re-run your application with 'debug' enabled.
2025-08-25 11:21:39 [main] ERROR o.s.boot.SpringApplication - Application run failed
org.springframework.context.ApplicationContextException: Failed to start bean 'webServerStartStop'; nested exception is java.lang.reflect.UndeclaredThrowableException
	at org.springframework.context.support.DefaultLifecycleProcessor.doStart(DefaultLifecycleProcessor.java:182)
	at org.springframework.context.support.DefaultLifecycleProcessor.access$200(DefaultLifecycleProcessor.java:54)
	at org.springframework.context.support.DefaultLifecycleProcessor$LifecycleGroup.start(DefaultLifecycleProcessor.java:357)
	at java.lang.Iterable.forEach(Iterable.java:75)
	at org.springframework.context.support.DefaultLifecycleProcessor.startBeans(DefaultLifecycleProcessor.java:156)
	at org.springframework.context.support.DefaultLifecycleProcessor.onRefresh(DefaultLifecycleProcessor.java:124)
	at org.springframework.context.support.AbstractApplicationContext.finishRefresh(AbstractApplicationContext.java:946)
	at org.springframework.context.support.AbstractApplicationContext.refresh(AbstractApplicationContext.java:594)
	at org.springframework.boot.web.servlet.context.ServletWebServerApplicationContext.refresh(ServletWebServerApplicationContext.java:147)
	at org.springframework.boot.SpringApplication.refresh(SpringApplication.java:732)
	at org.springframework.boot.SpringApplication.refreshContext(SpringApplication.java:409)
	at org.springframework.boot.SpringApplication.run(SpringApplication.java:308)
	at org.springframework.boot.SpringApplication.run(SpringApplication.java:1300)
	at org.springframework.boot.SpringApplication.run(SpringApplication.java:1289)
	at com.memorin.user.UserServiceApplication.main(UserServiceApplication.java:19)
Caused by: java.lang.reflect.UndeclaredThrowableException: null
	at org.springframework.util.ReflectionUtils.rethrowRuntimeException(ReflectionUtils.java:147)
	at com.alibaba.cloud.nacos.registry.NacosServiceRegistry.register(NacosServiceRegistry.java:83)
	at org.springframework.cloud.client.serviceregistry.AbstractAutoServiceRegistration.register(AbstractAutoServiceRegistration.java:232)
	at com.alibaba.cloud.nacos.registry.NacosAutoServiceRegistration.register(NacosAutoServiceRegistration.java:78)
	at org.springframework.cloud.client.serviceregistry.AbstractAutoServiceRegistration.start(AbstractAutoServiceRegistration.java:133)
	at org.springframework.cloud.client.serviceregistry.AbstractAutoServiceRegistration.bind(AbstractAutoServiceRegistration.java:98)
	at org.springframework.cloud.client.serviceregistry.AbstractAutoServiceRegistration.onApplicationEvent(AbstractAutoServiceRegistration.java:86)
	at org.springframework.cloud.client.serviceregistry.AbstractAutoServiceRegistration.onApplicationEvent(AbstractAutoServiceRegistration.java:47)
	at org.springframework.context.event.SimpleApplicationEventMulticaster.doInvokeListener(SimpleApplicationEventMulticaster.java:178)
	at org.springframework.context.event.SimpleApplicationEventMulticaster.invokeListener(SimpleApplicationEventMulticaster.java:171)
	at org.springframework.context.event.SimpleApplicationEventMulticaster.multicastEvent(SimpleApplicationEventMulticaster.java:145)
	at org.springframework.context.support.AbstractApplicationContext.publishEvent(AbstractApplicationContext.java:429)
	at org.springframework.context.support.AbstractApplicationContext.publishEvent(AbstractApplicationContext.java:386)
	at org.springframework.boot.web.servlet.context.WebServerStartStopLifecycle.start(WebServerStartStopLifecycle.java:46)
	at org.springframework.context.support.DefaultLifecycleProcessor.doStart(DefaultLifecycleProcessor.java:179)
	... 14 common frames omitted
Caused by: com.alibaba.nacos.api.exception.NacosException: Client not connected, current status:STARTING
	at com.alibaba.nacos.common.remote.client.RpcClient.request(RpcClient.java:639)
	at com.alibaba.nacos.common.remote.client.RpcClient.request(RpcClient.java:619)
	at com.alibaba.nacos.client.naming.remote.gprc.NamingGrpcClientProxy.requestToServer(NamingGrpcClientProxy.java:356)
	at com.alibaba.nacos.client.naming.remote.gprc.NamingGrpcClientProxy.doRegisterService(NamingGrpcClientProxy.java:209)
	at com.alibaba.nacos.client.naming.remote.gprc.NamingGrpcClientProxy.registerService(NamingGrpcClientProxy.java:123)
	at com.alibaba.nacos.client.naming.remote.NamingClientProxyDelegate.registerService(NamingClientProxyDelegate.java:98)
	at com.alibaba.nacos.client.naming.NacosNamingService.registerInstance(NacosNamingService.java:152)
	at com.alibaba.cloud.nacos.registry.NacosServiceRegistry.register(NacosServiceRegistry.java:75)
	... 27 common frames omitted
2025-08-25 11:21:40 [Thread-8] WARN  c.a.n.c.http.HttpClientBeanHolder - [HttpClientBeanHolder] Start destroying common HttpClient
2025-08-25 11:21:40 [Thread-5] WARN  c.a.nacos.common.notify.NotifyCenter - [NotifyCenter] Start destroying Publisher
2025-08-25 11:21:40 [Thread-5] WARN  c.a.nacos.common.notify.NotifyCenter - [NotifyCenter] Destruction of the end
2025-08-25 11:25:33 [main] INFO  c.a.n.c.env.SearchableProperties - properties search order:PROPERTIES->JVM->ENV->DEFAULT_SETTING
2025-08-25 11:25:34 [main] INFO  c.m.user.UserServiceApplication - Starting UserServiceApplication using Java 1.8.0_451 on WIN-C3D985L1HJN with PID 89852 (D:\CODE\Memorin-rebuild\backend\memorin-user-service\target\classes started by Mechrevo in D:\CODE\Memorin-rebuild\backend\memorin-user-service)
2025-08-25 11:25:34 [main] DEBUG c.m.user.UserServiceApplication - Running with Spring Boot v2.7.18, Spring v5.3.31
2025-08-25 11:25:34 [main] INFO  c.m.user.UserServiceApplication - The following 1 profile is active: "dev"
2025-08-25 11:25:34 [main] INFO  o.s.d.r.c.RepositoryConfigurationDelegate - Multiple Spring Data modules found, entering strict repository configuration mode
2025-08-25 11:25:34 [main] INFO  o.s.d.r.c.RepositoryConfigurationDelegate - Bootstrapping Spring Data JPA repositories in DEFAULT mode.
2025-08-25 11:25:34 [main] INFO  o.s.d.r.c.RepositoryConfigurationDelegate - Finished Spring Data repository scanning in 31 ms. Found 1 JPA repository interfaces.
2025-08-25 11:25:34 [main] INFO  o.s.d.r.c.RepositoryConfigurationDelegate - Multiple Spring Data modules found, entering strict repository configuration mode
2025-08-25 11:25:34 [main] INFO  o.s.d.r.c.RepositoryConfigurationDelegate - Bootstrapping Spring Data Redis repositories in DEFAULT mode.
2025-08-25 11:25:34 [main] INFO  o.s.d.r.c.RepositoryConfigurationExtensionSupport - Spring Data Redis - Could not safely identify store assignment for repository candidate interface com.memorin.user.repository.UserRepository; If you want this repository to be a Redis repository, consider annotating your entities with one of these annotations: org.springframework.data.redis.core.RedisHash (preferred), or consider extending one of the following types with your repository: org.springframework.data.keyvalue.repository.KeyValueRepository
2025-08-25 11:25:34 [main] INFO  o.s.d.r.c.RepositoryConfigurationDelegate - Finished Spring Data repository scanning in 3 ms. Found 0 Redis repository interfaces.
2025-08-25 11:25:34 [main] INFO  o.s.cloud.context.scope.GenericScope - BeanFactory id=2128d4fc-989d-37c9-b222-bc66d4c877f7
2025-08-25 11:25:35 [main] INFO  o.s.b.w.e.tomcat.TomcatWebServer - Tomcat initialized with port(s): 8081 (http)
2025-08-25 11:25:35 [main] INFO  o.a.catalina.core.StandardService - Starting service [Tomcat]
2025-08-25 11:25:35 [main] INFO  o.a.catalina.core.StandardEngine - Starting Servlet engine: [Apache Tomcat/9.0.83]
2025-08-25 11:25:35 [main] INFO  o.a.c.c.C.[Tomcat].[localhost].[/] - Initializing Spring embedded WebApplicationContext
2025-08-25 11:25:35 [main] INFO  o.s.b.w.s.c.ServletWebServerApplicationContext - Root WebApplicationContext: initialization completed in 1257 ms
2025-08-25 11:25:35 [main] INFO  com.zaxxer.hikari.HikariDataSource - MemorinUserPool - Starting...
2025-08-25 11:25:35 [main] INFO  com.zaxxer.hikari.HikariDataSource - MemorinUserPool - Start completed.
2025-08-25 11:25:35 [main] INFO  o.s.b.a.h.H2ConsoleAutoConfiguration - H2 console available at '/h2-console'. Database available at 'jdbc:h2:mem:memorin_user'
2025-08-25 11:25:35 [main] INFO  o.h.jpa.internal.util.LogHelper - HHH000204: Processing PersistenceUnitInfo [name: default]
2025-08-25 11:25:35 [main] INFO  org.hibernate.Version - HHH000412: Hibernate ORM core version 5.6.15.Final
2025-08-25 11:25:35 [main] INFO  o.h.annotations.common.Version - HCANN000001: Hibernate Commons Annotations {5.1.2.Final}
2025-08-25 11:25:35 [main] INFO  org.hibernate.dialect.Dialect - HHH000400: Using dialect: org.hibernate.dialect.H2Dialect
2025-08-25 11:25:35 [main] DEBUG org.hibernate.SQL - 
    
    drop table if exists users CASCADE 
2025-08-25 11:25:35 [main] DEBUG org.hibernate.SQL - 
    
    create table users (
       id bigint generated by default as identity,
        created_at timestamp not null,
        email varchar(100) not null,
        password_hash varchar(255) not null,
        status varchar(255) not null,
        updated_at timestamp not null,
        username varchar(50) not null,
        primary key (id)
    )
2025-08-25 11:25:35 [main] DEBUG org.hibernate.SQL - 
    
    alter table users 
       add constraint UK_6dotkott2kjsp8vw4d0m25fb7 unique (email)
2025-08-25 11:25:35 [main] DEBUG org.hibernate.SQL - 
    
    alter table users 
       add constraint UK_r43af9ap4edm43mmtq01oddj6 unique (username)
2025-08-25 11:25:35 [main] INFO  o.h.e.t.j.p.i.JtaPlatformInitiator - HHH000490: Using JtaPlatform implementation: [org.hibernate.engine.transaction.jta.platform.internal.NoJtaPlatform]
2025-08-25 11:25:36 [main] INFO  o.s.o.j.LocalContainerEntityManagerFactoryBean - Initialized JPA EntityManagerFactory for persistence unit 'default'
2025-08-25 11:25:36 [main] WARN  o.s.b.a.s.s.UserDetailsServiceAutoConfiguration - 

Using generated security password: dcc8ef59-748a-4b6d-adb5-86da10e3bb07

This generated password is for development use only. Your security configuration must be updated before running your application in production.

2025-08-25 11:25:36 [main] DEBUG o.s.w.s.m.m.a.RequestMappingHandlerMapping - 20 mappings in 'requestMappingHandlerMapping'
2025-08-25 11:25:36 [main] DEBUG o.s.w.s.h.SimpleUrlHandlerMapping - Patterns [/webjars/**, /**, /swagger-ui*/*swagger-initializer.js, /swagger-ui*/**] in 'resourceHandlerMapping'
2025-08-25 11:25:36 [main] INFO  o.s.b.a.e.web.EndpointLinksResolver - Exposing 3 endpoint(s) beneath base path '/actuator'
2025-08-25 11:25:36 [main] DEBUG o.s.s.w.a.e.ExpressionBasedFilterInvocationSecurityMetadataSource - Adding web access control expression [permitAll] for Ant [pattern='/actuator/**']
2025-08-25 11:25:36 [main] DEBUG o.s.s.w.a.e.ExpressionBasedFilterInvocationSecurityMetadataSource - Adding web access control expression [permitAll] for Ant [pattern='/test/**']
2025-08-25 11:25:36 [main] DEBUG o.s.s.w.a.e.ExpressionBasedFilterInvocationSecurityMetadataSource - Adding web access control expression [permitAll] for Ant [pattern='/auth/**']
2025-08-25 11:25:36 [main] DEBUG o.s.s.w.a.e.ExpressionBasedFilterInvocationSecurityMetadataSource - Adding web access control expression [permitAll] for Ant [pattern='/h2-console/**']
2025-08-25 11:25:36 [main] DEBUG o.s.s.w.a.e.ExpressionBasedFilterInvocationSecurityMetadataSource - Adding web access control expression [permitAll] for Ant [pattern='/error']
2025-08-25 11:25:36 [main] DEBUG o.s.s.w.a.e.ExpressionBasedFilterInvocationSecurityMetadataSource - Adding web access control expression [permitAll] for Ant [pattern='/swagger-ui.html']
2025-08-25 11:25:36 [main] DEBUG o.s.s.w.a.e.ExpressionBasedFilterInvocationSecurityMetadataSource - Adding web access control expression [permitAll] for Ant [pattern='/swagger-ui/**']
2025-08-25 11:25:36 [main] DEBUG o.s.s.w.a.e.ExpressionBasedFilterInvocationSecurityMetadataSource - Adding web access control expression [permitAll] for Ant [pattern='/v3/api-docs/**']
2025-08-25 11:25:36 [main] DEBUG o.s.s.w.a.e.ExpressionBasedFilterInvocationSecurityMetadataSource - Adding web access control expression [permitAll] for Ant [pattern='/webjars/**']
2025-08-25 11:25:36 [main] DEBUG o.s.s.w.a.e.ExpressionBasedFilterInvocationSecurityMetadataSource - Adding web access control expression [authenticated] for any request
2025-08-25 11:25:36 [main] INFO  o.s.s.web.DefaultSecurityFilterChain - Will secure any request with [org.springframework.security.web.context.request.async.WebAsyncManagerIntegrationFilter@53654b2d, org.springframework.security.web.context.SecurityContextPersistenceFilter@410f1452, org.springframework.security.web.header.HeaderWriterFilter@537a8915, org.springframework.web.filter.CorsFilter@45b2b0ed, org.springframework.security.web.authentication.logout.LogoutFilter@3fc14dc0, org.springframework.security.web.savedrequest.RequestCacheAwareFilter@23ade612, org.springframework.security.web.servletapi.SecurityContextHolderAwareRequestFilter@509e4902, org.springframework.security.web.authentication.AnonymousAuthenticationFilter@33478a2f, org.springframework.security.web.access.ExceptionTranslationFilter@33bf2602, org.springframework.security.web.access.intercept.FilterSecurityInterceptor@1892865f]
2025-08-25 11:25:36 [main] DEBUG o.s.w.s.m.m.a.RequestMappingHandlerAdapter - ControllerAdvice beans: 0 @ModelAttribute, 0 @InitBinder, 1 RequestBodyAdvice, 1 ResponseBodyAdvice
2025-08-25 11:25:36 [main] DEBUG o.s.w.s.m.m.a.ExceptionHandlerExceptionResolver - ControllerAdvice beans: 2 @ExceptionHandler, 1 ResponseBodyAdvice
2025-08-25 11:25:37 [main] INFO  o.s.b.w.e.tomcat.TomcatWebServer - Tomcat started on port(s): 8081 (http) with context path ''
2025-08-25 11:25:37 [main] INFO  c.a.n.p.a.s.c.ClientAuthPluginManager - [ClientAuthPluginManager] Load ClientAuthService com.alibaba.nacos.client.auth.impl.NacosClientAuthServiceImpl success.
2025-08-25 11:25:37 [main] INFO  c.a.n.p.a.s.c.ClientAuthPluginManager - [ClientAuthPluginManager] Load ClientAuthService com.alibaba.nacos.client.auth.ram.RamClientAuthServiceImpl success.
2025-08-25 11:25:44 [http-nio-8081-exec-1] INFO  o.a.c.c.C.[Tomcat].[localhost].[/] - Initializing Spring DispatcherServlet 'dispatcherServlet'
2025-08-25 11:25:44 [http-nio-8081-exec-1] INFO  o.s.web.servlet.DispatcherServlet - Initializing Servlet 'dispatcherServlet'
2025-08-25 11:25:44 [http-nio-8081-exec-1] DEBUG o.s.web.servlet.DispatcherServlet - Detected StandardServletMultipartResolver
2025-08-25 11:25:44 [http-nio-8081-exec-1] DEBUG o.s.web.servlet.DispatcherServlet - Detected AcceptHeaderLocaleResolver
2025-08-25 11:25:44 [http-nio-8081-exec-1] DEBUG o.s.web.servlet.DispatcherServlet - Detected FixedThemeResolver
2025-08-25 11:25:44 [http-nio-8081-exec-1] DEBUG o.s.web.servlet.DispatcherServlet - Detected org.springframework.web.servlet.view.DefaultRequestToViewNameTranslator@689ea211
2025-08-25 11:25:44 [http-nio-8081-exec-1] DEBUG o.s.web.servlet.DispatcherServlet - Detected org.springframework.web.servlet.support.SessionFlashMapManager@325236f5
2025-08-25 11:25:44 [http-nio-8081-exec-1] DEBUG o.s.web.servlet.DispatcherServlet - enableLoggingRequestDetails='false': request parameters and headers will be masked to prevent unsafe logging of potentially sensitive data
2025-08-25 11:25:44 [http-nio-8081-exec-1] INFO  o.s.web.servlet.DispatcherServlet - Completed initialization in 4 ms
2025-08-25 11:25:44 [http-nio-8081-exec-1] DEBUG o.s.security.web.FilterChainProxy - Securing GET /swagger-ui.html
2025-08-25 11:25:44 [http-nio-8081-exec-1] DEBUG o.s.s.w.c.SecurityContextPersistenceFilter - Set SecurityContextHolder to empty SecurityContext
2025-08-25 11:25:44 [http-nio-8081-exec-1] DEBUG o.s.w.s.m.m.a.RequestMappingHandlerMapping - Mapped to org.springdoc.webmvc.ui.SwaggerWelcomeWebMvc#redirectToUi(HttpServletRequest)
2025-08-25 11:25:44 [http-nio-8081-exec-1] DEBUG o.s.s.w.a.AnonymousAuthenticationFilter - Set SecurityContextHolder to anonymous SecurityContext
2025-08-25 11:25:44 [http-nio-8081-exec-1] DEBUG o.s.s.w.a.i.FilterSecurityInterceptor - Authorized filter invocation [GET /swagger-ui.html] with attributes [permitAll]
2025-08-25 11:25:44 [http-nio-8081-exec-1] DEBUG o.s.security.web.FilterChainProxy - Secured GET /swagger-ui.html
2025-08-25 11:25:44 [http-nio-8081-exec-1] DEBUG o.s.web.servlet.DispatcherServlet - GET "/swagger-ui.html", parameters={}
2025-08-25 11:25:44 [http-nio-8081-exec-1] DEBUG o.s.w.s.m.m.a.RequestMappingHandlerMapping - Mapped to org.springdoc.webmvc.ui.SwaggerWelcomeWebMvc#redirectToUi(HttpServletRequest)
2025-08-25 11:25:44 [http-nio-8081-exec-1] DEBUG o.s.w.s.m.m.a.HttpEntityMethodProcessor - Using 'application/json;q=0.8', given [text/html, application/xhtml+xml, application/xml;q=0.9, */*;q=0.8] and supported [application/json, application/*+json, application/json, application/*+json]
2025-08-25 11:25:44 [http-nio-8081-exec-1] DEBUG o.s.w.s.m.m.a.HttpEntityMethodProcessor - Nothing to write: null body
2025-08-25 11:25:44 [http-nio-8081-exec-1] DEBUG o.s.web.servlet.DispatcherServlet - Completed 302 FOUND
2025-08-25 11:25:44 [http-nio-8081-exec-1] DEBUG o.s.s.w.c.HttpSessionSecurityContextRepository - Did not store anonymous SecurityContext
2025-08-25 11:25:44 [http-nio-8081-exec-1] DEBUG o.s.s.w.c.SecurityContextPersistenceFilter - Cleared SecurityContextHolder to complete request
2025-08-25 11:25:44 [http-nio-8081-exec-3] DEBUG o.s.security.web.FilterChainProxy - Securing GET /swagger-ui/index.html
2025-08-25 11:25:44 [http-nio-8081-exec-3] DEBUG o.s.s.w.c.SecurityContextPersistenceFilter - Set SecurityContextHolder to empty SecurityContext
2025-08-25 11:25:44 [http-nio-8081-exec-3] DEBUG o.s.w.s.h.SimpleUrlHandlerMapping - Mapped to ResourceHttpRequestHandler [classpath [META-INF/resources/webjars/]]
2025-08-25 11:25:44 [http-nio-8081-exec-3] DEBUG o.s.s.w.a.AnonymousAuthenticationFilter - Set SecurityContextHolder to anonymous SecurityContext
2025-08-25 11:25:44 [http-nio-8081-exec-3] DEBUG o.s.s.w.a.i.FilterSecurityInterceptor - Authorized filter invocation [GET /swagger-ui/index.html] with attributes [permitAll]
2025-08-25 11:25:44 [http-nio-8081-exec-3] DEBUG o.s.security.web.FilterChainProxy - Secured GET /swagger-ui/index.html
2025-08-25 11:25:44 [http-nio-8081-exec-3] DEBUG o.s.web.servlet.DispatcherServlet - GET "/swagger-ui/index.html", parameters={}
2025-08-25 11:25:44 [http-nio-8081-exec-3] DEBUG o.s.w.s.h.SimpleUrlHandlerMapping - Mapped to ResourceHttpRequestHandler [classpath [META-INF/resources/webjars/]]
2025-08-25 11:25:44 [http-nio-8081-exec-3] DEBUG o.s.s.w.c.HttpSessionSecurityContextRepository - Did not store anonymous SecurityContext
2025-08-25 11:25:44 [http-nio-8081-exec-3] DEBUG o.s.web.servlet.DispatcherServlet - Completed 200 OK
2025-08-25 11:25:44 [http-nio-8081-exec-3] DEBUG o.s.s.w.c.HttpSessionSecurityContextRepository - Did not store anonymous SecurityContext
2025-08-25 11:25:44 [http-nio-8081-exec-3] DEBUG o.s.s.w.c.SecurityContextPersistenceFilter - Cleared SecurityContextHolder to complete request
2025-08-25 11:25:44 [http-nio-8081-exec-6] DEBUG o.s.security.web.FilterChainProxy - Securing GET /swagger-ui/swagger-ui.css
2025-08-25 11:25:44 [http-nio-8081-exec-6] DEBUG o.s.s.w.c.SecurityContextPersistenceFilter - Set SecurityContextHolder to empty SecurityContext
2025-08-25 11:25:44 [http-nio-8081-exec-6] DEBUG o.s.w.s.h.SimpleUrlHandlerMapping - Mapped to ResourceHttpRequestHandler [classpath [META-INF/resources/webjars/]]
2025-08-25 11:25:44 [http-nio-8081-exec-5] DEBUG o.s.security.web.FilterChainProxy - Securing GET /swagger-ui/index.css
2025-08-25 11:25:44 [http-nio-8081-exec-6] DEBUG o.s.s.w.a.AnonymousAuthenticationFilter - Set SecurityContextHolder to anonymous SecurityContext
2025-08-25 11:25:44 [http-nio-8081-exec-5] DEBUG o.s.s.w.c.SecurityContextPersistenceFilter - Set SecurityContextHolder to empty SecurityContext
2025-08-25 11:25:44 [http-nio-8081-exec-6] DEBUG o.s.s.w.a.i.FilterSecurityInterceptor - Authorized filter invocation [GET /swagger-ui/swagger-ui.css] with attributes [permitAll]
2025-08-25 11:25:44 [http-nio-8081-exec-6] DEBUG o.s.security.web.FilterChainProxy - Secured GET /swagger-ui/swagger-ui.css
2025-08-25 11:25:44 [http-nio-8081-exec-5] DEBUG o.s.w.s.h.SimpleUrlHandlerMapping - Mapped to ResourceHttpRequestHandler [classpath [META-INF/resources/webjars/]]
2025-08-25 11:25:44 [http-nio-8081-exec-6] DEBUG o.s.web.servlet.DispatcherServlet - GET "/swagger-ui/swagger-ui.css", parameters={}
2025-08-25 11:25:44 [http-nio-8081-exec-5] DEBUG o.s.s.w.a.AnonymousAuthenticationFilter - Set SecurityContextHolder to anonymous SecurityContext
2025-08-25 11:25:44 [http-nio-8081-exec-5] DEBUG o.s.s.w.a.i.FilterSecurityInterceptor - Authorized filter invocation [GET /swagger-ui/index.css] with attributes [permitAll]
2025-08-25 11:25:44 [http-nio-8081-exec-6] DEBUG o.s.w.s.h.SimpleUrlHandlerMapping - Mapped to ResourceHttpRequestHandler [classpath [META-INF/resources/webjars/]]
2025-08-25 11:25:44 [http-nio-8081-exec-5] DEBUG o.s.security.web.FilterChainProxy - Secured GET /swagger-ui/index.css
2025-08-25 11:25:44 [http-nio-8081-exec-5] DEBUG o.s.web.servlet.DispatcherServlet - GET "/swagger-ui/index.css", parameters={}
2025-08-25 11:25:44 [http-nio-8081-exec-5] DEBUG o.s.w.s.h.SimpleUrlHandlerMapping - Mapped to ResourceHttpRequestHandler [classpath [META-INF/resources/webjars/]]
2025-08-25 11:25:44 [http-nio-8081-exec-6] DEBUG o.s.s.w.c.HttpSessionSecurityContextRepository - Did not store anonymous SecurityContext
2025-08-25 11:25:44 [http-nio-8081-exec-5] DEBUG o.s.s.w.c.HttpSessionSecurityContextRepository - Did not store anonymous SecurityContext
2025-08-25 11:25:44 [http-nio-8081-exec-5] DEBUG o.s.web.servlet.DispatcherServlet - Completed 200 OK
2025-08-25 11:25:44 [http-nio-8081-exec-5] DEBUG o.s.s.w.c.HttpSessionSecurityContextRepository - Did not store anonymous SecurityContext
2025-08-25 11:25:44 [http-nio-8081-exec-5] DEBUG o.s.s.w.c.SecurityContextPersistenceFilter - Cleared SecurityContextHolder to complete request
2025-08-25 11:25:44 [http-nio-8081-exec-6] DEBUG o.s.web.servlet.DispatcherServlet - Completed 200 OK
2025-08-25 11:25:44 [http-nio-8081-exec-6] DEBUG o.s.s.w.c.HttpSessionSecurityContextRepository - Did not store anonymous SecurityContext
2025-08-25 11:25:44 [http-nio-8081-exec-6] DEBUG o.s.s.w.c.SecurityContextPersistenceFilter - Cleared SecurityContextHolder to complete request
2025-08-25 11:25:44 [http-nio-8081-exec-7] DEBUG o.s.security.web.FilterChainProxy - Securing GET /swagger-ui/swagger-ui-bundle.js
2025-08-25 11:25:44 [http-nio-8081-exec-7] DEBUG o.s.s.w.c.SecurityContextPersistenceFilter - Set SecurityContextHolder to empty SecurityContext
2025-08-25 11:25:44 [http-nio-8081-exec-2] DEBUG o.s.security.web.FilterChainProxy - Securing GET /swagger-ui/swagger-ui-standalone-preset.js
2025-08-25 11:25:44 [http-nio-8081-exec-7] DEBUG o.s.w.s.h.SimpleUrlHandlerMapping - Mapped to ResourceHttpRequestHandler [classpath [META-INF/resources/webjars/]]
2025-08-25 11:25:44 [http-nio-8081-exec-2] DEBUG o.s.s.w.c.SecurityContextPersistenceFilter - Set SecurityContextHolder to empty SecurityContext
2025-08-25 11:25:44 [http-nio-8081-exec-7] DEBUG o.s.s.w.a.AnonymousAuthenticationFilter - Set SecurityContextHolder to anonymous SecurityContext
2025-08-25 11:25:44 [http-nio-8081-exec-7] DEBUG o.s.s.w.a.i.FilterSecurityInterceptor - Authorized filter invocation [GET /swagger-ui/swagger-ui-bundle.js] with attributes [permitAll]
2025-08-25 11:25:44 [http-nio-8081-exec-4] DEBUG o.s.security.web.FilterChainProxy - Securing GET /swagger-ui/swagger-initializer.js
2025-08-25 11:25:44 [http-nio-8081-exec-7] DEBUG o.s.security.web.FilterChainProxy - Secured GET /swagger-ui/swagger-ui-bundle.js
2025-08-25 11:25:44 [http-nio-8081-exec-4] DEBUG o.s.s.w.c.SecurityContextPersistenceFilter - Set SecurityContextHolder to empty SecurityContext
2025-08-25 11:25:44 [http-nio-8081-exec-2] DEBUG o.s.w.s.h.SimpleUrlHandlerMapping - Mapped to ResourceHttpRequestHandler [classpath [META-INF/resources/webjars/]]
2025-08-25 11:25:44 [http-nio-8081-exec-7] DEBUG o.s.web.servlet.DispatcherServlet - GET "/swagger-ui/swagger-ui-bundle.js", parameters={}
2025-08-25 11:25:44 [http-nio-8081-exec-2] DEBUG o.s.s.w.a.AnonymousAuthenticationFilter - Set SecurityContextHolder to anonymous SecurityContext
2025-08-25 11:25:44 [http-nio-8081-exec-2] DEBUG o.s.s.w.a.i.FilterSecurityInterceptor - Authorized filter invocation [GET /swagger-ui/swagger-ui-standalone-preset.js] with attributes [permitAll]
2025-08-25 11:25:44 [http-nio-8081-exec-4] DEBUG o.s.w.s.h.SimpleUrlHandlerMapping - Mapped to ResourceHttpRequestHandler [classpath [META-INF/resources/webjars/]]
2025-08-25 11:25:44 [http-nio-8081-exec-2] DEBUG o.s.security.web.FilterChainProxy - Secured GET /swagger-ui/swagger-ui-standalone-preset.js
2025-08-25 11:25:44 [http-nio-8081-exec-4] DEBUG o.s.s.w.a.AnonymousAuthenticationFilter - Set SecurityContextHolder to anonymous SecurityContext
2025-08-25 11:25:44 [http-nio-8081-exec-2] DEBUG o.s.web.servlet.DispatcherServlet - GET "/swagger-ui/swagger-ui-standalone-preset.js", parameters={}
2025-08-25 11:25:44 [http-nio-8081-exec-7] DEBUG o.s.w.s.h.SimpleUrlHandlerMapping - Mapped to ResourceHttpRequestHandler [classpath [META-INF/resources/webjars/]]
2025-08-25 11:25:44 [http-nio-8081-exec-4] DEBUG o.s.s.w.a.i.FilterSecurityInterceptor - Authorized filter invocation [GET /swagger-ui/swagger-initializer.js] with attributes [permitAll]
2025-08-25 11:25:44 [http-nio-8081-exec-2] DEBUG o.s.w.s.h.SimpleUrlHandlerMapping - Mapped to ResourceHttpRequestHandler [classpath [META-INF/resources/webjars/]]
2025-08-25 11:25:44 [http-nio-8081-exec-4] DEBUG o.s.security.web.FilterChainProxy - Secured GET /swagger-ui/swagger-initializer.js
2025-08-25 11:25:44 [http-nio-8081-exec-4] DEBUG o.s.web.servlet.DispatcherServlet - GET "/swagger-ui/swagger-initializer.js", parameters={}
2025-08-25 11:25:44 [http-nio-8081-exec-4] DEBUG o.s.w.s.h.SimpleUrlHandlerMapping - Mapped to ResourceHttpRequestHandler [classpath [META-INF/resources/webjars/]]
2025-08-25 11:25:44 [http-nio-8081-exec-7] DEBUG o.s.s.w.c.HttpSessionSecurityContextRepository - Did not store anonymous SecurityContext
2025-08-25 11:25:44 [http-nio-8081-exec-2] DEBUG o.s.s.w.c.HttpSessionSecurityContextRepository - Did not store anonymous SecurityContext
2025-08-25 11:25:44 [http-nio-8081-exec-2] DEBUG o.s.web.servlet.DispatcherServlet - Completed 200 OK
2025-08-25 11:25:44 [http-nio-8081-exec-2] DEBUG o.s.s.w.c.HttpSessionSecurityContextRepository - Did not store anonymous SecurityContext
2025-08-25 11:25:44 [http-nio-8081-exec-4] DEBUG o.s.s.w.c.HttpSessionSecurityContextRepository - Did not store anonymous SecurityContext
2025-08-25 11:25:44 [http-nio-8081-exec-2] DEBUG o.s.s.w.c.SecurityContextPersistenceFilter - Cleared SecurityContextHolder to complete request
2025-08-25 11:25:44 [http-nio-8081-exec-4] DEBUG o.s.web.servlet.DispatcherServlet - Completed 200 OK
2025-08-25 11:25:44 [http-nio-8081-exec-4] DEBUG o.s.s.w.c.HttpSessionSecurityContextRepository - Did not store anonymous SecurityContext
2025-08-25 11:25:44 [http-nio-8081-exec-4] DEBUG o.s.s.w.c.SecurityContextPersistenceFilter - Cleared SecurityContextHolder to complete request
2025-08-25 11:25:44 [http-nio-8081-exec-7] DEBUG o.s.web.servlet.DispatcherServlet - Completed 200 OK
2025-08-25 11:25:44 [http-nio-8081-exec-7] DEBUG o.s.s.w.c.HttpSessionSecurityContextRepository - Did not store anonymous SecurityContext
2025-08-25 11:25:44 [http-nio-8081-exec-7] DEBUG o.s.s.w.c.SecurityContextPersistenceFilter - Cleared SecurityContextHolder to complete request
2025-08-25 11:25:44 [http-nio-8081-exec-8] DEBUG o.s.security.web.FilterChainProxy - Securing GET /swagger-ui/favicon-32x32.png
2025-08-25 11:25:44 [http-nio-8081-exec-8] DEBUG o.s.s.w.c.SecurityContextPersistenceFilter - Set SecurityContextHolder to empty SecurityContext
2025-08-25 11:25:44 [http-nio-8081-exec-8] DEBUG o.s.w.s.h.SimpleUrlHandlerMapping - Mapped to ResourceHttpRequestHandler [classpath [META-INF/resources/webjars/]]
2025-08-25 11:25:44 [http-nio-8081-exec-8] DEBUG o.s.s.w.a.AnonymousAuthenticationFilter - Set SecurityContextHolder to anonymous SecurityContext
2025-08-25 11:25:44 [http-nio-8081-exec-8] DEBUG o.s.s.w.a.i.FilterSecurityInterceptor - Authorized filter invocation [GET /swagger-ui/favicon-32x32.png] with attributes [permitAll]
2025-08-25 11:25:44 [http-nio-8081-exec-8] DEBUG o.s.security.web.FilterChainProxy - Secured GET /swagger-ui/favicon-32x32.png
2025-08-25 11:25:44 [http-nio-8081-exec-8] DEBUG o.s.web.servlet.DispatcherServlet - GET "/swagger-ui/favicon-32x32.png", parameters={}
2025-08-25 11:25:44 [http-nio-8081-exec-8] DEBUG o.s.w.s.h.SimpleUrlHandlerMapping - Mapped to ResourceHttpRequestHandler [classpath [META-INF/resources/webjars/]]
2025-08-25 11:25:44 [http-nio-8081-exec-8] DEBUG o.s.s.w.c.HttpSessionSecurityContextRepository - Did not store anonymous SecurityContext
2025-08-25 11:25:44 [http-nio-8081-exec-8] DEBUG o.s.web.servlet.DispatcherServlet - Completed 200 OK
2025-08-25 11:25:44 [http-nio-8081-exec-8] DEBUG o.s.s.w.c.HttpSessionSecurityContextRepository - Did not store anonymous SecurityContext
2025-08-25 11:25:44 [http-nio-8081-exec-8] DEBUG o.s.s.w.c.SecurityContextPersistenceFilter - Cleared SecurityContextHolder to complete request
2025-08-25 11:25:44 [http-nio-8081-exec-9] DEBUG o.s.security.web.FilterChainProxy - Securing GET /v3/api-docs/swagger-config
2025-08-25 11:25:44 [http-nio-8081-exec-9] DEBUG o.s.s.w.c.SecurityContextPersistenceFilter - Set SecurityContextHolder to empty SecurityContext
2025-08-25 11:25:44 [http-nio-8081-exec-9] DEBUG o.s.w.s.m.m.a.RequestMappingHandlerMapping - Mapped to org.springdoc.webmvc.ui.SwaggerConfigResource#openapiJson(HttpServletRequest)
2025-08-25 11:25:44 [http-nio-8081-exec-9] DEBUG o.s.s.w.a.AnonymousAuthenticationFilter - Set SecurityContextHolder to anonymous SecurityContext
2025-08-25 11:25:44 [http-nio-8081-exec-9] DEBUG o.s.s.w.a.i.FilterSecurityInterceptor - Authorized filter invocation [GET /v3/api-docs/swagger-config] with attributes [permitAll]
2025-08-25 11:25:44 [http-nio-8081-exec-9] DEBUG o.s.security.web.FilterChainProxy - Secured GET /v3/api-docs/swagger-config
2025-08-25 11:25:44 [http-nio-8081-exec-9] DEBUG o.s.web.servlet.DispatcherServlet - GET "/v3/api-docs/swagger-config", parameters={}
2025-08-25 11:25:44 [http-nio-8081-exec-9] DEBUG o.s.w.s.m.m.a.RequestMappingHandlerMapping - Mapped to org.springdoc.webmvc.ui.SwaggerConfigResource#openapiJson(HttpServletRequest)
2025-08-25 11:25:44 [http-nio-8081-exec-9] DEBUG o.s.w.s.m.m.a.RequestResponseBodyMethodProcessor - Using 'application/json', given [*/*] and supported [application/json]
2025-08-25 11:25:44 [http-nio-8081-exec-9] DEBUG o.s.w.s.m.m.a.RequestResponseBodyMethodProcessor - Writing [{configUrl=/v3/api-docs/swagger-config, oauth2RedirectUrl=http://localhost:8081/swagger-ui/oauth2-re (truncated)...]
2025-08-25 11:25:44 [http-nio-8081-exec-9] DEBUG o.s.s.w.c.HttpSessionSecurityContextRepository - Did not store anonymous SecurityContext
2025-08-25 11:25:44 [http-nio-8081-exec-9] DEBUG o.s.web.servlet.DispatcherServlet - Completed 200 OK
2025-08-25 11:25:44 [http-nio-8081-exec-9] DEBUG o.s.s.w.c.HttpSessionSecurityContextRepository - Did not store anonymous SecurityContext
2025-08-25 11:25:44 [http-nio-8081-exec-9] DEBUG o.s.s.w.c.SecurityContextPersistenceFilter - Cleared SecurityContextHolder to complete request
2025-08-25 11:25:44 [http-nio-8081-exec-10] DEBUG o.s.security.web.FilterChainProxy - Securing GET /v3/api-docs
2025-08-25 11:25:44 [http-nio-8081-exec-10] DEBUG o.s.s.w.c.SecurityContextPersistenceFilter - Set SecurityContextHolder to empty SecurityContext
2025-08-25 11:25:44 [http-nio-8081-exec-10] DEBUG o.s.w.s.m.m.a.RequestMappingHandlerMapping - Mapped to org.springdoc.webmvc.api.OpenApiWebMvcResource#openapiJson(HttpServletRequest, String, Locale)
2025-08-25 11:25:44 [http-nio-8081-exec-10] DEBUG o.s.s.w.a.AnonymousAuthenticationFilter - Set SecurityContextHolder to anonymous SecurityContext
2025-08-25 11:25:44 [http-nio-8081-exec-10] DEBUG o.s.s.w.a.i.FilterSecurityInterceptor - Authorized filter invocation [GET /v3/api-docs] with attributes [permitAll]
2025-08-25 11:25:44 [http-nio-8081-exec-10] DEBUG o.s.security.web.FilterChainProxy - Secured GET /v3/api-docs
2025-08-25 11:25:44 [http-nio-8081-exec-10] DEBUG o.s.web.servlet.DispatcherServlet - GET "/v3/api-docs", parameters={}
2025-08-25 11:25:44 [http-nio-8081-exec-10] DEBUG o.s.w.s.m.m.a.RequestMappingHandlerMapping - Mapped to org.springdoc.webmvc.api.OpenApiWebMvcResource#openapiJson(HttpServletRequest, String, Locale)
2025-08-25 11:25:44 [http-nio-8081-exec-10] INFO  o.s.api.AbstractOpenApiResource - Init duration for springdoc-openapi is: 219 ms
2025-08-25 11:25:44 [http-nio-8081-exec-10] DEBUG o.s.w.s.m.m.a.RequestResponseBodyMethodProcessor - Using 'application/json', given [application/json, */*] and supported [application/json]
2025-08-25 11:25:44 [http-nio-8081-exec-10] DEBUG o.s.w.s.m.m.a.RequestResponseBodyMethodProcessor - Writing [{123, 34, 111, 112, 101, 110, 97, 112, 105, 34, 58, 34, 51, 46, 48, 46, 49, 34, 44, 34, 105, 110, 10 (truncated)...]
2025-08-25 11:25:44 [http-nio-8081-exec-10] DEBUG o.s.s.w.c.HttpSessionSecurityContextRepository - Did not store anonymous SecurityContext
2025-08-25 11:25:44 [http-nio-8081-exec-10] DEBUG o.s.web.servlet.DispatcherServlet - Completed 200 OK
2025-08-25 11:25:44 [http-nio-8081-exec-10] DEBUG o.s.s.w.c.HttpSessionSecurityContextRepository - Did not store anonymous SecurityContext
2025-08-25 11:25:44 [http-nio-8081-exec-10] DEBUG o.s.s.w.c.SecurityContextPersistenceFilter - Cleared SecurityContextHolder to complete request
2025-08-25 11:25:47 [main] ERROR c.a.c.n.r.NacosServiceRegistry - nacos registry, memorin-user-service register failed...NacosRegistration{nacosDiscoveryProperties=NacosDiscoveryProperties{serverAddr='localhost:8848', username='', password='', endpoint='', namespace='memorin-dev', watchDelay=30000, logName='', service='memorin-user-service', weight=1.0, clusterName='DEFAULT', group='DEFAULT_GROUP', namingLoadCacheAtStart='false', metadata={management.endpoints.web.base-path=/actuator, IPv6=[2001:da8:203:a502:72c7:6ba7:32b:d24d], service-type=user-management, description=Memorin用户认证授权服务, region=default, preserved.register.source=SPRING_CLOUD, version=1.0.0}, registerEnabled=true, ip='10.128.54.55', networkInterface='', port=8081, secure=false, accessKey='', secretKey='', heartBeatInterval=null, heartBeatTimeout=null, ipDeleteTimeout=null, instanceEnabled=true, ephemeral=true, failureToleranceEnabled=false}, ipDeleteTimeout=null, failFast=true}},
com.alibaba.nacos.api.exception.NacosException: Client not connected, current status:STARTING
	at com.alibaba.nacos.common.remote.client.RpcClient.request(RpcClient.java:639)
	at com.alibaba.nacos.common.remote.client.RpcClient.request(RpcClient.java:619)
	at com.alibaba.nacos.client.naming.remote.gprc.NamingGrpcClientProxy.requestToServer(NamingGrpcClientProxy.java:356)
	at com.alibaba.nacos.client.naming.remote.gprc.NamingGrpcClientProxy.doRegisterService(NamingGrpcClientProxy.java:209)
	at com.alibaba.nacos.client.naming.remote.gprc.NamingGrpcClientProxy.registerService(NamingGrpcClientProxy.java:123)
	at com.alibaba.nacos.client.naming.remote.NamingClientProxyDelegate.registerService(NamingClientProxyDelegate.java:98)
	at com.alibaba.nacos.client.naming.NacosNamingService.registerInstance(NacosNamingService.java:152)
	at com.alibaba.cloud.nacos.registry.NacosServiceRegistry.register(NacosServiceRegistry.java:75)
	at org.springframework.cloud.client.serviceregistry.AbstractAutoServiceRegistration.register(AbstractAutoServiceRegistration.java:232)
	at com.alibaba.cloud.nacos.registry.NacosAutoServiceRegistration.register(NacosAutoServiceRegistration.java:78)
	at org.springframework.cloud.client.serviceregistry.AbstractAutoServiceRegistration.start(AbstractAutoServiceRegistration.java:133)
	at org.springframework.cloud.client.serviceregistry.AbstractAutoServiceRegistration.bind(AbstractAutoServiceRegistration.java:98)
	at org.springframework.cloud.client.serviceregistry.AbstractAutoServiceRegistration.onApplicationEvent(AbstractAutoServiceRegistration.java:86)
	at org.springframework.cloud.client.serviceregistry.AbstractAutoServiceRegistration.onApplicationEvent(AbstractAutoServiceRegistration.java:47)
	at org.springframework.context.event.SimpleApplicationEventMulticaster.doInvokeListener(SimpleApplicationEventMulticaster.java:178)
	at org.springframework.context.event.SimpleApplicationEventMulticaster.invokeListener(SimpleApplicationEventMulticaster.java:171)
	at org.springframework.context.event.SimpleApplicationEventMulticaster.multicastEvent(SimpleApplicationEventMulticaster.java:145)
	at org.springframework.context.support.AbstractApplicationContext.publishEvent(AbstractApplicationContext.java:429)
	at org.springframework.context.support.AbstractApplicationContext.publishEvent(AbstractApplicationContext.java:386)
	at org.springframework.boot.web.servlet.context.WebServerStartStopLifecycle.start(WebServerStartStopLifecycle.java:46)
	at org.springframework.context.support.DefaultLifecycleProcessor.doStart(DefaultLifecycleProcessor.java:179)
	at org.springframework.context.support.DefaultLifecycleProcessor.access$200(DefaultLifecycleProcessor.java:54)
	at org.springframework.context.support.DefaultLifecycleProcessor$LifecycleGroup.start(DefaultLifecycleProcessor.java:357)
	at java.lang.Iterable.forEach(Iterable.java:75)
	at org.springframework.context.support.DefaultLifecycleProcessor.startBeans(DefaultLifecycleProcessor.java:156)
	at org.springframework.context.support.DefaultLifecycleProcessor.onRefresh(DefaultLifecycleProcessor.java:124)
	at org.springframework.context.support.AbstractApplicationContext.finishRefresh(AbstractApplicationContext.java:946)
	at org.springframework.context.support.AbstractApplicationContext.refresh(AbstractApplicationContext.java:594)
	at org.springframework.boot.web.servlet.context.ServletWebServerApplicationContext.refresh(ServletWebServerApplicationContext.java:147)
	at org.springframework.boot.SpringApplication.refresh(SpringApplication.java:732)
	at org.springframework.boot.SpringApplication.refreshContext(SpringApplication.java:409)
	at org.springframework.boot.SpringApplication.run(SpringApplication.java:308)
	at org.springframework.boot.SpringApplication.run(SpringApplication.java:1300)
	at org.springframework.boot.SpringApplication.run(SpringApplication.java:1289)
	at com.memorin.user.UserServiceApplication.main(UserServiceApplication.java:19)
2025-08-25 11:25:47 [main] WARN  o.s.b.w.s.c.AnnotationConfigServletWebServerApplicationContext - Exception encountered during context initialization - cancelling refresh attempt: org.springframework.context.ApplicationContextException: Failed to start bean 'webServerStartStop'; nested exception is java.lang.reflect.UndeclaredThrowableException
2025-08-25 11:25:47 [main] INFO  o.s.o.j.LocalContainerEntityManagerFactoryBean - Closing JPA EntityManagerFactory for persistence unit 'default'
2025-08-25 11:25:47 [main] INFO  o.h.t.s.i.SchemaDropperImpl$DelayedDropActionImpl - HHH000477: Starting delayed evictData of schema as part of SessionFactory shut-down'
2025-08-25 11:25:47 [main] DEBUG org.hibernate.SQL - 
    
    drop table if exists users CASCADE 
2025-08-25 11:25:47 [main] INFO  com.zaxxer.hikari.HikariDataSource - MemorinUserPool - Shutdown initiated...
2025-08-25 11:25:47 [main] INFO  com.zaxxer.hikari.HikariDataSource - MemorinUserPool - Shutdown completed.
2025-08-25 11:25:47 [main] INFO  o.a.catalina.core.StandardService - Stopping service [Tomcat]
2025-08-25 11:25:47 [main] INFO  o.a.c.c.C.[Tomcat].[localhost].[/] - Destroying Spring FrameworkServlet 'dispatcherServlet'
2025-08-25 11:25:47 [main] WARN  o.a.c.loader.WebappClassLoaderBase - The web application [ROOT] appears to have started a thread named [ForkJoinPool.commonPool-worker-25] but has failed to stop it. This is very likely to create a memory leak. Stack trace of thread:
 sun.misc.Unsafe.park(Native Method)
 java.util.concurrent.ForkJoinPool.awaitWork(ForkJoinPool.java:1835)
 java.util.concurrent.ForkJoinPool.runWorker(ForkJoinPool.java:1704)
 java.util.concurrent.ForkJoinWorkerThread.run(ForkJoinWorkerThread.java:172)
2025-08-25 11:25:47 [main] WARN  o.a.c.loader.WebappClassLoaderBase - The web application [ROOT] appears to have started a thread named [ForkJoinPool.commonPool-worker-18] but has failed to stop it. This is very likely to create a memory leak. Stack trace of thread:
 sun.misc.Unsafe.park(Native Method)
 java.util.concurrent.ForkJoinPool.awaitWork(ForkJoinPool.java:1835)
 java.util.concurrent.ForkJoinPool.runWorker(ForkJoinPool.java:1704)
 java.util.concurrent.ForkJoinWorkerThread.run(ForkJoinWorkerThread.java:172)
2025-08-25 11:25:47 [main] WARN  o.a.c.loader.WebappClassLoaderBase - The web application [ROOT] appears to have started a thread named [ForkJoinPool.commonPool-worker-11] but has failed to stop it. This is very likely to create a memory leak. Stack trace of thread:
 sun.misc.Unsafe.park(Native Method)
 java.util.concurrent.ForkJoinPool.awaitWork(ForkJoinPool.java:1835)
 java.util.concurrent.ForkJoinPool.runWorker(ForkJoinPool.java:1704)
 java.util.concurrent.ForkJoinWorkerThread.run(ForkJoinWorkerThread.java:172)
2025-08-25 11:25:47 [main] INFO  o.s.b.a.l.ConditionEvaluationReportLoggingListener - 

Error starting ApplicationContext. To display the conditions report re-run your application with 'debug' enabled.
2025-08-25 11:25:47 [main] ERROR o.s.boot.SpringApplication - Application run failed
org.springframework.context.ApplicationContextException: Failed to start bean 'webServerStartStop'; nested exception is java.lang.reflect.UndeclaredThrowableException
	at org.springframework.context.support.DefaultLifecycleProcessor.doStart(DefaultLifecycleProcessor.java:182)
	at org.springframework.context.support.DefaultLifecycleProcessor.access$200(DefaultLifecycleProcessor.java:54)
	at org.springframework.context.support.DefaultLifecycleProcessor$LifecycleGroup.start(DefaultLifecycleProcessor.java:357)
	at java.lang.Iterable.forEach(Iterable.java:75)
	at org.springframework.context.support.DefaultLifecycleProcessor.startBeans(DefaultLifecycleProcessor.java:156)
	at org.springframework.context.support.DefaultLifecycleProcessor.onRefresh(DefaultLifecycleProcessor.java:124)
	at org.springframework.context.support.AbstractApplicationContext.finishRefresh(AbstractApplicationContext.java:946)
	at org.springframework.context.support.AbstractApplicationContext.refresh(AbstractApplicationContext.java:594)
	at org.springframework.boot.web.servlet.context.ServletWebServerApplicationContext.refresh(ServletWebServerApplicationContext.java:147)
	at org.springframework.boot.SpringApplication.refresh(SpringApplication.java:732)
	at org.springframework.boot.SpringApplication.refreshContext(SpringApplication.java:409)
	at org.springframework.boot.SpringApplication.run(SpringApplication.java:308)
	at org.springframework.boot.SpringApplication.run(SpringApplication.java:1300)
	at org.springframework.boot.SpringApplication.run(SpringApplication.java:1289)
	at com.memorin.user.UserServiceApplication.main(UserServiceApplication.java:19)
Caused by: java.lang.reflect.UndeclaredThrowableException: null
	at org.springframework.util.ReflectionUtils.rethrowRuntimeException(ReflectionUtils.java:147)
	at com.alibaba.cloud.nacos.registry.NacosServiceRegistry.register(NacosServiceRegistry.java:83)
	at org.springframework.cloud.client.serviceregistry.AbstractAutoServiceRegistration.register(AbstractAutoServiceRegistration.java:232)
	at com.alibaba.cloud.nacos.registry.NacosAutoServiceRegistration.register(NacosAutoServiceRegistration.java:78)
	at org.springframework.cloud.client.serviceregistry.AbstractAutoServiceRegistration.start(AbstractAutoServiceRegistration.java:133)
	at org.springframework.cloud.client.serviceregistry.AbstractAutoServiceRegistration.bind(AbstractAutoServiceRegistration.java:98)
	at org.springframework.cloud.client.serviceregistry.AbstractAutoServiceRegistration.onApplicationEvent(AbstractAutoServiceRegistration.java:86)
	at org.springframework.cloud.client.serviceregistry.AbstractAutoServiceRegistration.onApplicationEvent(AbstractAutoServiceRegistration.java:47)
	at org.springframework.context.event.SimpleApplicationEventMulticaster.doInvokeListener(SimpleApplicationEventMulticaster.java:178)
	at org.springframework.context.event.SimpleApplicationEventMulticaster.invokeListener(SimpleApplicationEventMulticaster.java:171)
	at org.springframework.context.event.SimpleApplicationEventMulticaster.multicastEvent(SimpleApplicationEventMulticaster.java:145)
	at org.springframework.context.support.AbstractApplicationContext.publishEvent(AbstractApplicationContext.java:429)
	at org.springframework.context.support.AbstractApplicationContext.publishEvent(AbstractApplicationContext.java:386)
	at org.springframework.boot.web.servlet.context.WebServerStartStopLifecycle.start(WebServerStartStopLifecycle.java:46)
	at org.springframework.context.support.DefaultLifecycleProcessor.doStart(DefaultLifecycleProcessor.java:179)
	... 14 common frames omitted
Caused by: com.alibaba.nacos.api.exception.NacosException: Client not connected, current status:STARTING
	at com.alibaba.nacos.common.remote.client.RpcClient.request(RpcClient.java:639)
	at com.alibaba.nacos.common.remote.client.RpcClient.request(RpcClient.java:619)
	at com.alibaba.nacos.client.naming.remote.gprc.NamingGrpcClientProxy.requestToServer(NamingGrpcClientProxy.java:356)
	at com.alibaba.nacos.client.naming.remote.gprc.NamingGrpcClientProxy.doRegisterService(NamingGrpcClientProxy.java:209)
	at com.alibaba.nacos.client.naming.remote.gprc.NamingGrpcClientProxy.registerService(NamingGrpcClientProxy.java:123)
	at com.alibaba.nacos.client.naming.remote.NamingClientProxyDelegate.registerService(NamingClientProxyDelegate.java:98)
	at com.alibaba.nacos.client.naming.NacosNamingService.registerInstance(NacosNamingService.java:152)
	at com.alibaba.cloud.nacos.registry.NacosServiceRegistry.register(NacosServiceRegistry.java:75)
	... 27 common frames omitted
2025-08-25 11:25:48 [Thread-8] WARN  c.a.n.c.http.HttpClientBeanHolder - [HttpClientBeanHolder] Start destroying common HttpClient
2025-08-25 11:25:48 [Thread-5] WARN  c.a.nacos.common.notify.NotifyCenter - [NotifyCenter] Start destroying Publisher
2025-08-25 11:25:48 [Thread-5] WARN  c.a.nacos.common.notify.NotifyCenter - [NotifyCenter] Destruction of the end
2025-08-25 11:25:48 [Thread-8] WARN  c.a.n.c.http.HttpClientBeanHolder - [HttpClientBeanHolder] Destruction of the end
2025-08-25 11:29:14 [main] INFO  c.a.n.c.env.SearchableProperties - properties search order:PROPERTIES->JVM->ENV->DEFAULT_SETTING
2025-08-25 11:29:14 [main] INFO  c.m.user.UserServiceApplication - Starting UserServiceApplication using Java 1.8.0_451 on WIN-C3D985L1HJN with PID 78504 (D:\CODE\Memorin-rebuild\backend\memorin-user-service\target\classes started by Mechrevo in D:\CODE\Memorin-rebuild\backend\memorin-user-service)
2025-08-25 11:29:14 [main] DEBUG c.m.user.UserServiceApplication - Running with Spring Boot v2.7.18, Spring v5.3.31
2025-08-25 11:29:14 [main] INFO  c.m.user.UserServiceApplication - The following 1 profile is active: "dev"
2025-08-25 11:29:15 [main] INFO  o.s.d.r.c.RepositoryConfigurationDelegate - Multiple Spring Data modules found, entering strict repository configuration mode
2025-08-25 11:29:15 [main] INFO  o.s.d.r.c.RepositoryConfigurationDelegate - Bootstrapping Spring Data JPA repositories in DEFAULT mode.
2025-08-25 11:29:15 [main] INFO  o.s.d.r.c.RepositoryConfigurationDelegate - Finished Spring Data repository scanning in 31 ms. Found 1 JPA repository interfaces.
2025-08-25 11:29:15 [main] INFO  o.s.d.r.c.RepositoryConfigurationDelegate - Multiple Spring Data modules found, entering strict repository configuration mode
2025-08-25 11:29:15 [main] INFO  o.s.d.r.c.RepositoryConfigurationDelegate - Bootstrapping Spring Data Redis repositories in DEFAULT mode.
2025-08-25 11:29:15 [main] INFO  o.s.d.r.c.RepositoryConfigurationExtensionSupport - Spring Data Redis - Could not safely identify store assignment for repository candidate interface com.memorin.user.repository.UserRepository; If you want this repository to be a Redis repository, consider annotating your entities with one of these annotations: org.springframework.data.redis.core.RedisHash (preferred), or consider extending one of the following types with your repository: org.springframework.data.keyvalue.repository.KeyValueRepository
2025-08-25 11:29:15 [main] INFO  o.s.d.r.c.RepositoryConfigurationDelegate - Finished Spring Data repository scanning in 4 ms. Found 0 Redis repository interfaces.
2025-08-25 11:29:15 [main] INFO  o.s.cloud.context.scope.GenericScope - BeanFactory id=2128d4fc-989d-37c9-b222-bc66d4c877f7
2025-08-25 11:29:15 [main] INFO  o.s.b.w.e.tomcat.TomcatWebServer - Tomcat initialized with port(s): 8081 (http)
2025-08-25 11:29:15 [main] INFO  o.a.catalina.core.StandardService - Starting service [Tomcat]
2025-08-25 11:29:15 [main] INFO  o.a.catalina.core.StandardEngine - Starting Servlet engine: [Apache Tomcat/9.0.83]
2025-08-25 11:29:16 [main] INFO  o.a.c.c.C.[Tomcat].[localhost].[/] - Initializing Spring embedded WebApplicationContext
2025-08-25 11:29:16 [main] INFO  o.s.b.w.s.c.ServletWebServerApplicationContext - Root WebApplicationContext: initialization completed in 1237 ms
2025-08-25 11:29:16 [main] INFO  com.zaxxer.hikari.HikariDataSource - MemorinUserPool - Starting...
2025-08-25 11:29:16 [main] INFO  com.zaxxer.hikari.HikariDataSource - MemorinUserPool - Start completed.
2025-08-25 11:29:16 [main] INFO  o.s.b.a.h.H2ConsoleAutoConfiguration - H2 console available at '/h2-console'. Database available at 'jdbc:h2:mem:memorin_user'
2025-08-25 11:29:16 [main] INFO  o.h.jpa.internal.util.LogHelper - HHH000204: Processing PersistenceUnitInfo [name: default]
2025-08-25 11:29:16 [main] INFO  org.hibernate.Version - HHH000412: Hibernate ORM core version 5.6.15.Final
2025-08-25 11:29:16 [main] INFO  o.h.annotations.common.Version - HCANN000001: Hibernate Commons Annotations {5.1.2.Final}
2025-08-25 11:29:16 [main] INFO  org.hibernate.dialect.Dialect - HHH000400: Using dialect: org.hibernate.dialect.H2Dialect
2025-08-25 11:29:16 [main] DEBUG org.hibernate.SQL - 
    
    drop table if exists users CASCADE 
2025-08-25 11:29:16 [main] DEBUG org.hibernate.SQL - 
    
    create table users (
       id bigint generated by default as identity,
        created_at timestamp not null,
        email varchar(100) not null,
        password_hash varchar(255) not null,
        status varchar(255) not null,
        updated_at timestamp not null,
        username varchar(50) not null,
        primary key (id)
    )
2025-08-25 11:29:16 [main] DEBUG org.hibernate.SQL - 
    
    alter table users 
       add constraint UK_6dotkott2kjsp8vw4d0m25fb7 unique (email)
2025-08-25 11:29:16 [main] DEBUG org.hibernate.SQL - 
    
    alter table users 
       add constraint UK_r43af9ap4edm43mmtq01oddj6 unique (username)
2025-08-25 11:29:16 [main] INFO  o.h.e.t.j.p.i.JtaPlatformInitiator - HHH000490: Using JtaPlatform implementation: [org.hibernate.engine.transaction.jta.platform.internal.NoJtaPlatform]
2025-08-25 11:29:16 [main] INFO  o.s.o.j.LocalContainerEntityManagerFactoryBean - Initialized JPA EntityManagerFactory for persistence unit 'default'
2025-08-25 11:29:17 [main] WARN  o.s.b.a.s.s.UserDetailsServiceAutoConfiguration - 

Using generated security password: b56fe2bc-fa30-427b-b23e-7a912f949c2a

This generated password is for development use only. Your security configuration must be updated before running your application in production.

2025-08-25 11:29:17 [main] DEBUG o.s.w.s.m.m.a.RequestMappingHandlerMapping - 20 mappings in 'requestMappingHandlerMapping'
2025-08-25 11:29:17 [main] DEBUG o.s.w.s.h.SimpleUrlHandlerMapping - Patterns [/webjars/**, /**, /swagger-ui*/*swagger-initializer.js, /swagger-ui*/**] in 'resourceHandlerMapping'
2025-08-25 11:29:17 [main] INFO  o.s.b.a.e.web.EndpointLinksResolver - Exposing 3 endpoint(s) beneath base path '/actuator'
2025-08-25 11:29:17 [main] DEBUG o.s.s.w.a.e.ExpressionBasedFilterInvocationSecurityMetadataSource - Adding web access control expression [permitAll] for Ant [pattern='/actuator/**']
2025-08-25 11:29:17 [main] DEBUG o.s.s.w.a.e.ExpressionBasedFilterInvocationSecurityMetadataSource - Adding web access control expression [permitAll] for Ant [pattern='/test/**']
2025-08-25 11:29:17 [main] DEBUG o.s.s.w.a.e.ExpressionBasedFilterInvocationSecurityMetadataSource - Adding web access control expression [permitAll] for Ant [pattern='/auth/**']
2025-08-25 11:29:17 [main] DEBUG o.s.s.w.a.e.ExpressionBasedFilterInvocationSecurityMetadataSource - Adding web access control expression [permitAll] for Ant [pattern='/h2-console/**']
2025-08-25 11:29:17 [main] DEBUG o.s.s.w.a.e.ExpressionBasedFilterInvocationSecurityMetadataSource - Adding web access control expression [permitAll] for Ant [pattern='/error']
2025-08-25 11:29:17 [main] DEBUG o.s.s.w.a.e.ExpressionBasedFilterInvocationSecurityMetadataSource - Adding web access control expression [permitAll] for Ant [pattern='/swagger-ui.html']
2025-08-25 11:29:17 [main] DEBUG o.s.s.w.a.e.ExpressionBasedFilterInvocationSecurityMetadataSource - Adding web access control expression [permitAll] for Ant [pattern='/swagger-ui/**']
2025-08-25 11:29:17 [main] DEBUG o.s.s.w.a.e.ExpressionBasedFilterInvocationSecurityMetadataSource - Adding web access control expression [permitAll] for Ant [pattern='/v3/api-docs/**']
2025-08-25 11:29:17 [main] DEBUG o.s.s.w.a.e.ExpressionBasedFilterInvocationSecurityMetadataSource - Adding web access control expression [permitAll] for Ant [pattern='/webjars/**']
2025-08-25 11:29:17 [main] DEBUG o.s.s.w.a.e.ExpressionBasedFilterInvocationSecurityMetadataSource - Adding web access control expression [authenticated] for any request
2025-08-25 11:29:17 [main] INFO  o.s.s.web.DefaultSecurityFilterChain - Will secure any request with [org.springframework.security.web.context.request.async.WebAsyncManagerIntegrationFilter@45b2b0ed, org.springframework.security.web.context.SecurityContextPersistenceFilter@463a1f47, org.springframework.security.web.header.HeaderWriterFilter@31aa9b01, org.springframework.web.filter.CorsFilter@33478a2f, org.springframework.security.web.authentication.logout.LogoutFilter@3c04ddda, org.springframework.security.web.savedrequest.RequestCacheAwareFilter@47224d5d, org.springframework.security.web.servletapi.SecurityContextHolderAwareRequestFilter@7f958d4a, org.springframework.security.web.authentication.AnonymousAuthenticationFilter@24e31f06, org.springframework.security.web.access.ExceptionTranslationFilter@4724b2c1, org.springframework.security.web.access.intercept.FilterSecurityInterceptor@460df441]
2025-08-25 11:29:17 [main] DEBUG o.s.w.s.m.m.a.RequestMappingHandlerAdapter - ControllerAdvice beans: 0 @ModelAttribute, 0 @InitBinder, 1 RequestBodyAdvice, 1 ResponseBodyAdvice
2025-08-25 11:29:17 [main] DEBUG o.s.w.s.m.m.a.ExceptionHandlerExceptionResolver - ControllerAdvice beans: 2 @ExceptionHandler, 1 ResponseBodyAdvice
2025-08-25 11:29:18 [main] INFO  o.s.b.w.e.tomcat.TomcatWebServer - Tomcat started on port(s): 8081 (http) with context path ''
2025-08-25 11:29:18 [main] INFO  c.a.n.p.a.s.c.ClientAuthPluginManager - [ClientAuthPluginManager] Load ClientAuthService com.alibaba.nacos.client.auth.impl.NacosClientAuthServiceImpl success.
2025-08-25 11:29:18 [main] INFO  c.a.n.p.a.s.c.ClientAuthPluginManager - [ClientAuthPluginManager] Load ClientAuthService com.alibaba.nacos.client.auth.ram.RamClientAuthServiceImpl success.
2025-08-25 11:29:23 [http-nio-8081-exec-1] INFO  o.a.c.c.C.[Tomcat].[localhost].[/] - Initializing Spring DispatcherServlet 'dispatcherServlet'
2025-08-25 11:29:23 [http-nio-8081-exec-1] INFO  o.s.web.servlet.DispatcherServlet - Initializing Servlet 'dispatcherServlet'
2025-08-25 11:29:23 [http-nio-8081-exec-1] DEBUG o.s.web.servlet.DispatcherServlet - Detected StandardServletMultipartResolver
2025-08-25 11:29:23 [http-nio-8081-exec-1] DEBUG o.s.web.servlet.DispatcherServlet - Detected AcceptHeaderLocaleResolver
2025-08-25 11:29:23 [http-nio-8081-exec-1] DEBUG o.s.web.servlet.DispatcherServlet - Detected FixedThemeResolver
2025-08-25 11:29:23 [http-nio-8081-exec-1] DEBUG o.s.web.servlet.DispatcherServlet - Detected org.springframework.web.servlet.view.DefaultRequestToViewNameTranslator@3f1e18b1
2025-08-25 11:29:23 [http-nio-8081-exec-1] DEBUG o.s.web.servlet.DispatcherServlet - Detected org.springframework.web.servlet.support.SessionFlashMapManager@32eb38e5
2025-08-25 11:29:23 [http-nio-8081-exec-1] DEBUG o.s.web.servlet.DispatcherServlet - enableLoggingRequestDetails='false': request parameters and headers will be masked to prevent unsafe logging of potentially sensitive data
2025-08-25 11:29:23 [http-nio-8081-exec-1] INFO  o.s.web.servlet.DispatcherServlet - Completed initialization in 4 ms
2025-08-25 11:29:23 [http-nio-8081-exec-1] DEBUG o.s.security.web.FilterChainProxy - Securing POST /auth/register
2025-08-25 11:29:23 [http-nio-8081-exec-1] DEBUG o.s.s.w.c.SecurityContextPersistenceFilter - Set SecurityContextHolder to empty SecurityContext
2025-08-25 11:29:23 [http-nio-8081-exec-1] DEBUG o.s.w.s.m.m.a.RequestMappingHandlerMapping - Mapped to com.memorin.user.controller.AuthController#register(RegisterRequest)
2025-08-25 11:29:23 [http-nio-8081-exec-1] DEBUG o.s.s.w.a.AnonymousAuthenticationFilter - Set SecurityContextHolder to anonymous SecurityContext
2025-08-25 11:29:23 [http-nio-8081-exec-1] DEBUG o.s.s.w.a.i.FilterSecurityInterceptor - Authorized filter invocation [POST /auth/register] with attributes [permitAll]
2025-08-25 11:29:23 [http-nio-8081-exec-1] DEBUG o.s.security.web.FilterChainProxy - Secured POST /auth/register
2025-08-25 11:29:23 [http-nio-8081-exec-1] DEBUG o.s.web.servlet.DispatcherServlet - POST "/auth/register", parameters={}
2025-08-25 11:29:23 [http-nio-8081-exec-1] DEBUG o.s.w.s.m.m.a.RequestMappingHandlerMapping - Mapped to com.memorin.user.controller.AuthController#register(RegisterRequest)
2025-08-25 11:29:23 [http-nio-8081-exec-1] DEBUG o.s.w.s.m.m.a.RequestResponseBodyMethodProcessor - Read "application/json;charset=UTF-8" to [RegisterRequest{username='apitest', email='apitest@example.com', password='[PROTECTED]', nickname='n (truncated)...]
2025-08-25 11:29:23 [http-nio-8081-exec-1] DEBUG org.hibernate.SQL - 
    /* select
        generatedAlias0 
    from
        User as generatedAlias0 
    where
        generatedAlias0.username=:param0 */ select
            user0_.id as id1_0_,
            user0_.created_at as created_2_0_,
            user0_.email as email3_0_,
            user0_.password_hash as password4_0_,
            user0_.status as status5_0_,
            user0_.updated_at as updated_6_0_,
            user0_.username as username7_0_ 
        from
            users user0_ 
        where
            user0_.username=?
2025-08-25 11:29:23 [http-nio-8081-exec-1] TRACE o.h.type.descriptor.sql.BasicBinder - binding parameter [1] as [VARCHAR] - [apitest]
2025-08-25 11:29:23 [http-nio-8081-exec-1] DEBUG org.hibernate.SQL - 
    /* select
        generatedAlias0 
    from
        User as generatedAlias0 
    where
        generatedAlias0.email=:param0 */ select
            user0_.id as id1_0_,
            user0_.created_at as created_2_0_,
            user0_.email as email3_0_,
            user0_.password_hash as password4_0_,
            user0_.status as status5_0_,
            user0_.updated_at as updated_6_0_,
            user0_.username as username7_0_ 
        from
            users user0_ 
        where
            user0_.email=?
2025-08-25 11:29:23 [http-nio-8081-exec-1] TRACE o.h.type.descriptor.sql.BasicBinder - binding parameter [1] as [VARCHAR] - [apitest@example.com]
2025-08-25 11:29:24 [http-nio-8081-exec-1] DEBUG org.hibernate.SQL - 
    /* insert com.memorin.user.entity.User
        */ insert 
        into
            users
            (id, created_at, email, password_hash, status, updated_at, username) 
        values
            (default, ?, ?, ?, ?, ?, ?)
2025-08-25 11:29:24 [http-nio-8081-exec-1] TRACE o.h.type.descriptor.sql.BasicBinder - binding parameter [1] as [TIMESTAMP] - [2025-08-25T11:29:24.061]
2025-08-25 11:29:24 [http-nio-8081-exec-1] TRACE o.h.type.descriptor.sql.BasicBinder - binding parameter [2] as [VARCHAR] - [apitest@example.com]
2025-08-25 11:29:24 [http-nio-8081-exec-1] TRACE o.h.type.descriptor.sql.BasicBinder - binding parameter [3] as [VARCHAR] - [$2a$10$Gvlhi7JDfcAa5NeI35dW9uvJKZeRDB84pXD39uKme2QTjBN4LesD6]
2025-08-25 11:29:24 [http-nio-8081-exec-1] TRACE o.h.type.descriptor.sql.BasicBinder - binding parameter [4] as [VARCHAR] - [ACTIVE]
2025-08-25 11:29:24 [http-nio-8081-exec-1] TRACE o.h.type.descriptor.sql.BasicBinder - binding parameter [5] as [TIMESTAMP] - [2025-08-25T11:29:24.061]
2025-08-25 11:29:24 [http-nio-8081-exec-1] TRACE o.h.type.descriptor.sql.BasicBinder - binding parameter [6] as [VARCHAR] - [apitest]
2025-08-25 11:29:24 [http-nio-8081-exec-1] DEBUG o.s.w.s.m.m.a.HttpEntityMethodProcessor - Using 'application/json', given [*/*] and supported [application/json, application/*+json, application/json, application/*+json]
2025-08-25 11:29:24 [http-nio-8081-exec-1] DEBUG o.s.w.s.m.m.a.HttpEntityMethodProcessor - Writing [{createdAt=2025-08-25T11:29:24.061, success=true, message=用户注册成功, userId=1, email=apitest@example.co (truncated)...]
2025-08-25 11:29:24 [http-nio-8081-exec-1] DEBUG o.s.s.w.c.HttpSessionSecurityContextRepository - Did not store anonymous SecurityContext
2025-08-25 11:29:24 [http-nio-8081-exec-1] DEBUG o.s.web.servlet.DispatcherServlet - Completed 200 OK
2025-08-25 11:29:24 [http-nio-8081-exec-1] DEBUG o.s.s.w.c.HttpSessionSecurityContextRepository - Did not store anonymous SecurityContext
2025-08-25 11:29:24 [http-nio-8081-exec-1] DEBUG o.s.s.w.c.SecurityContextPersistenceFilter - Cleared SecurityContextHolder to complete request
2025-08-25 11:29:28 [main] ERROR c.a.c.n.r.NacosServiceRegistry - nacos registry, memorin-user-service register failed...NacosRegistration{nacosDiscoveryProperties=NacosDiscoveryProperties{serverAddr='localhost:8848', username='', password='', endpoint='', namespace='memorin-dev', watchDelay=30000, logName='', service='memorin-user-service', weight=1.0, clusterName='DEFAULT', group='DEFAULT_GROUP', namingLoadCacheAtStart='false', metadata={management.endpoints.web.base-path=/actuator, IPv6=[2001:da8:203:a502:72c7:6ba7:32b:d24d], service-type=user-management, description=Memorin用户认证授权服务, region=default, preserved.register.source=SPRING_CLOUD, version=1.0.0}, registerEnabled=true, ip='10.128.54.55', networkInterface='', port=8081, secure=false, accessKey='', secretKey='', heartBeatInterval=null, heartBeatTimeout=null, ipDeleteTimeout=null, instanceEnabled=true, ephemeral=true, failureToleranceEnabled=false}, ipDeleteTimeout=null, failFast=true}},
com.alibaba.nacos.api.exception.NacosException: Client not connected, current status:STARTING
	at com.alibaba.nacos.common.remote.client.RpcClient.request(RpcClient.java:639)
	at com.alibaba.nacos.common.remote.client.RpcClient.request(RpcClient.java:619)
	at com.alibaba.nacos.client.naming.remote.gprc.NamingGrpcClientProxy.requestToServer(NamingGrpcClientProxy.java:356)
	at com.alibaba.nacos.client.naming.remote.gprc.NamingGrpcClientProxy.doRegisterService(NamingGrpcClientProxy.java:209)
	at com.alibaba.nacos.client.naming.remote.gprc.NamingGrpcClientProxy.registerService(NamingGrpcClientProxy.java:123)
	at com.alibaba.nacos.client.naming.remote.NamingClientProxyDelegate.registerService(NamingClientProxyDelegate.java:98)
	at com.alibaba.nacos.client.naming.NacosNamingService.registerInstance(NacosNamingService.java:152)
	at com.alibaba.cloud.nacos.registry.NacosServiceRegistry.register(NacosServiceRegistry.java:75)
	at org.springframework.cloud.client.serviceregistry.AbstractAutoServiceRegistration.register(AbstractAutoServiceRegistration.java:232)
	at com.alibaba.cloud.nacos.registry.NacosAutoServiceRegistration.register(NacosAutoServiceRegistration.java:78)
	at org.springframework.cloud.client.serviceregistry.AbstractAutoServiceRegistration.start(AbstractAutoServiceRegistration.java:133)
	at org.springframework.cloud.client.serviceregistry.AbstractAutoServiceRegistration.bind(AbstractAutoServiceRegistration.java:98)
	at org.springframework.cloud.client.serviceregistry.AbstractAutoServiceRegistration.onApplicationEvent(AbstractAutoServiceRegistration.java:86)
	at org.springframework.cloud.client.serviceregistry.AbstractAutoServiceRegistration.onApplicationEvent(AbstractAutoServiceRegistration.java:47)
	at org.springframework.context.event.SimpleApplicationEventMulticaster.doInvokeListener(SimpleApplicationEventMulticaster.java:178)
	at org.springframework.context.event.SimpleApplicationEventMulticaster.invokeListener(SimpleApplicationEventMulticaster.java:171)
	at org.springframework.context.event.SimpleApplicationEventMulticaster.multicastEvent(SimpleApplicationEventMulticaster.java:145)
	at org.springframework.context.support.AbstractApplicationContext.publishEvent(AbstractApplicationContext.java:429)
	at org.springframework.context.support.AbstractApplicationContext.publishEvent(AbstractApplicationContext.java:386)
	at org.springframework.boot.web.servlet.context.WebServerStartStopLifecycle.start(WebServerStartStopLifecycle.java:46)
	at org.springframework.context.support.DefaultLifecycleProcessor.doStart(DefaultLifecycleProcessor.java:179)
	at org.springframework.context.support.DefaultLifecycleProcessor.access$200(DefaultLifecycleProcessor.java:54)
	at org.springframework.context.support.DefaultLifecycleProcessor$LifecycleGroup.start(DefaultLifecycleProcessor.java:357)
	at java.lang.Iterable.forEach(Iterable.java:75)
	at org.springframework.context.support.DefaultLifecycleProcessor.startBeans(DefaultLifecycleProcessor.java:156)
	at org.springframework.context.support.DefaultLifecycleProcessor.onRefresh(DefaultLifecycleProcessor.java:124)
	at org.springframework.context.support.AbstractApplicationContext.finishRefresh(AbstractApplicationContext.java:946)
	at org.springframework.context.support.AbstractApplicationContext.refresh(AbstractApplicationContext.java:594)
	at org.springframework.boot.web.servlet.context.ServletWebServerApplicationContext.refresh(ServletWebServerApplicationContext.java:147)
	at org.springframework.boot.SpringApplication.refresh(SpringApplication.java:732)
	at org.springframework.boot.SpringApplication.refreshContext(SpringApplication.java:409)
	at org.springframework.boot.SpringApplication.run(SpringApplication.java:308)
	at org.springframework.boot.SpringApplication.run(SpringApplication.java:1300)
	at org.springframework.boot.SpringApplication.run(SpringApplication.java:1289)
	at com.memorin.user.UserServiceApplication.main(UserServiceApplication.java:19)
2025-08-25 11:29:28 [main] WARN  o.s.b.w.s.c.AnnotationConfigServletWebServerApplicationContext - Exception encountered during context initialization - cancelling refresh attempt: org.springframework.context.ApplicationContextException: Failed to start bean 'webServerStartStop'; nested exception is java.lang.reflect.UndeclaredThrowableException
2025-08-25 11:29:28 [main] INFO  o.s.o.j.LocalContainerEntityManagerFactoryBean - Closing JPA EntityManagerFactory for persistence unit 'default'
2025-08-25 11:29:28 [main] INFO  o.h.t.s.i.SchemaDropperImpl$DelayedDropActionImpl - HHH000477: Starting delayed evictData of schema as part of SessionFactory shut-down'
2025-08-25 11:29:28 [main] DEBUG org.hibernate.SQL - 
    
    drop table if exists users CASCADE 
2025-08-25 11:29:28 [main] INFO  com.zaxxer.hikari.HikariDataSource - MemorinUserPool - Shutdown initiated...
2025-08-25 11:29:28 [main] INFO  com.zaxxer.hikari.HikariDataSource - MemorinUserPool - Shutdown completed.
2025-08-25 11:29:28 [main] INFO  o.a.catalina.core.StandardService - Stopping service [Tomcat]
2025-08-25 11:29:28 [main] INFO  o.a.c.c.C.[Tomcat].[localhost].[/] - Destroying Spring FrameworkServlet 'dispatcherServlet'
2025-08-25 11:29:28 [main] INFO  o.s.b.a.l.ConditionEvaluationReportLoggingListener - 

Error starting ApplicationContext. To display the conditions report re-run your application with 'debug' enabled.
2025-08-25 11:29:28 [main] ERROR o.s.boot.SpringApplication - Application run failed
org.springframework.context.ApplicationContextException: Failed to start bean 'webServerStartStop'; nested exception is java.lang.reflect.UndeclaredThrowableException
	at org.springframework.context.support.DefaultLifecycleProcessor.doStart(DefaultLifecycleProcessor.java:182)
	at org.springframework.context.support.DefaultLifecycleProcessor.access$200(DefaultLifecycleProcessor.java:54)
	at org.springframework.context.support.DefaultLifecycleProcessor$LifecycleGroup.start(DefaultLifecycleProcessor.java:357)
	at java.lang.Iterable.forEach(Iterable.java:75)
	at org.springframework.context.support.DefaultLifecycleProcessor.startBeans(DefaultLifecycleProcessor.java:156)
	at org.springframework.context.support.DefaultLifecycleProcessor.onRefresh(DefaultLifecycleProcessor.java:124)
	at org.springframework.context.support.AbstractApplicationContext.finishRefresh(AbstractApplicationContext.java:946)
	at org.springframework.context.support.AbstractApplicationContext.refresh(AbstractApplicationContext.java:594)
	at org.springframework.boot.web.servlet.context.ServletWebServerApplicationContext.refresh(ServletWebServerApplicationContext.java:147)
	at org.springframework.boot.SpringApplication.refresh(SpringApplication.java:732)
	at org.springframework.boot.SpringApplication.refreshContext(SpringApplication.java:409)
	at org.springframework.boot.SpringApplication.run(SpringApplication.java:308)
	at org.springframework.boot.SpringApplication.run(SpringApplication.java:1300)
	at org.springframework.boot.SpringApplication.run(SpringApplication.java:1289)
	at com.memorin.user.UserServiceApplication.main(UserServiceApplication.java:19)
Caused by: java.lang.reflect.UndeclaredThrowableException: null
	at org.springframework.util.ReflectionUtils.rethrowRuntimeException(ReflectionUtils.java:147)
	at com.alibaba.cloud.nacos.registry.NacosServiceRegistry.register(NacosServiceRegistry.java:83)
	at org.springframework.cloud.client.serviceregistry.AbstractAutoServiceRegistration.register(AbstractAutoServiceRegistration.java:232)
	at com.alibaba.cloud.nacos.registry.NacosAutoServiceRegistration.register(NacosAutoServiceRegistration.java:78)
	at org.springframework.cloud.client.serviceregistry.AbstractAutoServiceRegistration.start(AbstractAutoServiceRegistration.java:133)
	at org.springframework.cloud.client.serviceregistry.AbstractAutoServiceRegistration.bind(AbstractAutoServiceRegistration.java:98)
	at org.springframework.cloud.client.serviceregistry.AbstractAutoServiceRegistration.onApplicationEvent(AbstractAutoServiceRegistration.java:86)
	at org.springframework.cloud.client.serviceregistry.AbstractAutoServiceRegistration.onApplicationEvent(AbstractAutoServiceRegistration.java:47)
	at org.springframework.context.event.SimpleApplicationEventMulticaster.doInvokeListener(SimpleApplicationEventMulticaster.java:178)
	at org.springframework.context.event.SimpleApplicationEventMulticaster.invokeListener(SimpleApplicationEventMulticaster.java:171)
	at org.springframework.context.event.SimpleApplicationEventMulticaster.multicastEvent(SimpleApplicationEventMulticaster.java:145)
	at org.springframework.context.support.AbstractApplicationContext.publishEvent(AbstractApplicationContext.java:429)
	at org.springframework.context.support.AbstractApplicationContext.publishEvent(AbstractApplicationContext.java:386)
	at org.springframework.boot.web.servlet.context.WebServerStartStopLifecycle.start(WebServerStartStopLifecycle.java:46)
	at org.springframework.context.support.DefaultLifecycleProcessor.doStart(DefaultLifecycleProcessor.java:179)
	... 14 common frames omitted
Caused by: com.alibaba.nacos.api.exception.NacosException: Client not connected, current status:STARTING
	at com.alibaba.nacos.common.remote.client.RpcClient.request(RpcClient.java:639)
	at com.alibaba.nacos.common.remote.client.RpcClient.request(RpcClient.java:619)
	at com.alibaba.nacos.client.naming.remote.gprc.NamingGrpcClientProxy.requestToServer(NamingGrpcClientProxy.java:356)
	at com.alibaba.nacos.client.naming.remote.gprc.NamingGrpcClientProxy.doRegisterService(NamingGrpcClientProxy.java:209)
	at com.alibaba.nacos.client.naming.remote.gprc.NamingGrpcClientProxy.registerService(NamingGrpcClientProxy.java:123)
	at com.alibaba.nacos.client.naming.remote.NamingClientProxyDelegate.registerService(NamingClientProxyDelegate.java:98)
	at com.alibaba.nacos.client.naming.NacosNamingService.registerInstance(NacosNamingService.java:152)
	at com.alibaba.cloud.nacos.registry.NacosServiceRegistry.register(NacosServiceRegistry.java:75)
	... 27 common frames omitted
2025-08-25 11:29:29 [Thread-8] WARN  c.a.n.c.http.HttpClientBeanHolder - [HttpClientBeanHolder] Start destroying common HttpClient
2025-08-25 11:29:29 [Thread-5] WARN  c.a.nacos.common.notify.NotifyCenter - [NotifyCenter] Start destroying Publisher
2025-08-25 11:29:29 [Thread-5] WARN  c.a.nacos.common.notify.NotifyCenter - [NotifyCenter] Destruction of the end
2025-08-25 11:29:29 [Thread-8] WARN  c.a.n.c.http.HttpClientBeanHolder - [HttpClientBeanHolder] Destruction of the end
2025-08-25 11:34:41 [main] INFO  c.a.n.c.env.SearchableProperties - properties search order:PROPERTIES->JVM->ENV->DEFAULT_SETTING
2025-08-25 11:34:41 [main] INFO  c.m.user.UserServiceApplication - Starting UserServiceApplication using Java 1.8.0_451 on WIN-C3D985L1HJN with PID 66296 (D:\CODE\Memorin-rebuild\backend\memorin-user-service\target\classes started by Mechrevo in D:\CODE\Memorin-rebuild\backend\memorin-user-service)
2025-08-25 11:34:41 [main] DEBUG c.m.user.UserServiceApplication - Running with Spring Boot v2.7.18, Spring v5.3.31
2025-08-25 11:34:41 [main] INFO  c.m.user.UserServiceApplication - No active profile set, falling back to 1 default profile: "default"
2025-08-25 11:34:41 [main] INFO  o.s.d.r.c.RepositoryConfigurationDelegate - Multiple Spring Data modules found, entering strict repository configuration mode
2025-08-25 11:34:41 [main] INFO  o.s.d.r.c.RepositoryConfigurationDelegate - Bootstrapping Spring Data JPA repositories in DEFAULT mode.
2025-08-25 11:34:42 [main] INFO  o.s.d.r.c.RepositoryConfigurationDelegate - Finished Spring Data repository scanning in 27 ms. Found 1 JPA repository interfaces.
2025-08-25 11:34:42 [main] INFO  o.s.d.r.c.RepositoryConfigurationDelegate - Multiple Spring Data modules found, entering strict repository configuration mode
2025-08-25 11:34:42 [main] INFO  o.s.d.r.c.RepositoryConfigurationDelegate - Bootstrapping Spring Data Redis repositories in DEFAULT mode.
2025-08-25 11:34:42 [main] INFO  o.s.d.r.c.RepositoryConfigurationExtensionSupport - Spring Data Redis - Could not safely identify store assignment for repository candidate interface com.memorin.user.repository.UserRepository; If you want this repository to be a Redis repository, consider annotating your entities with one of these annotations: org.springframework.data.redis.core.RedisHash (preferred), or consider extending one of the following types with your repository: org.springframework.data.keyvalue.repository.KeyValueRepository
2025-08-25 11:34:42 [main] INFO  o.s.d.r.c.RepositoryConfigurationDelegate - Finished Spring Data repository scanning in 3 ms. Found 0 Redis repository interfaces.
2025-08-25 11:34:42 [main] INFO  o.s.cloud.context.scope.GenericScope - BeanFactory id=54e36200-5f1e-3737-846c-48cc76e1cf23
2025-08-25 11:34:42 [main] INFO  o.s.b.w.e.tomcat.TomcatWebServer - Tomcat initialized with port(s): 8081 (http)
2025-08-25 11:34:42 [main] INFO  o.a.catalina.core.StandardService - Starting service [Tomcat]
2025-08-25 11:34:42 [main] INFO  o.a.catalina.core.StandardEngine - Starting Servlet engine: [Apache Tomcat/9.0.83]
2025-08-25 11:34:42 [main] INFO  o.a.c.c.C.[Tomcat].[localhost].[/] - Initializing Spring embedded WebApplicationContext
2025-08-25 11:34:42 [main] INFO  o.s.b.w.s.c.ServletWebServerApplicationContext - Root WebApplicationContext: initialization completed in 1203 ms
2025-08-25 11:34:42 [main] INFO  o.h.jpa.internal.util.LogHelper - HHH000204: Processing PersistenceUnitInfo [name: default]
2025-08-25 11:34:42 [main] INFO  org.hibernate.Version - HHH000412: Hibernate ORM core version 5.6.15.Final
2025-08-25 11:34:42 [main] INFO  o.h.annotations.common.Version - HCANN000001: Hibernate Commons Annotations {5.1.2.Final}
2025-08-25 11:34:42 [main] INFO  com.zaxxer.hikari.HikariDataSource - MemorinUserPool - Starting...
2025-08-25 11:34:44 [main] ERROR com.zaxxer.hikari.pool.HikariPool - MemorinUserPool - Exception during pool initialization.
java.sql.SQLException: Access denied for user 'memorin_user'@'localhost' (using password: YES)
	at com.mysql.cj.jdbc.exceptions.SQLError.createSQLException(SQLError.java:130)
	at com.mysql.cj.jdbc.exceptions.SQLExceptionsMapping.translateException(SQLExceptionsMapping.java:122)
	at com.mysql.cj.jdbc.ConnectionImpl.createNewIO(ConnectionImpl.java:825)
	at com.mysql.cj.jdbc.ConnectionImpl.<init>(ConnectionImpl.java:446)
	at com.mysql.cj.jdbc.ConnectionImpl.getInstance(ConnectionImpl.java:239)
	at com.mysql.cj.jdbc.NonRegisteringDriver.connect(NonRegisteringDriver.java:188)
	at com.zaxxer.hikari.util.DriverDataSource.getConnection(DriverDataSource.java:138)
	at com.zaxxer.hikari.pool.PoolBase.newConnection(PoolBase.java:364)
	at com.zaxxer.hikari.pool.PoolBase.newPoolEntry(PoolBase.java:206)
	at com.zaxxer.hikari.pool.HikariPool.createPoolEntry(HikariPool.java:476)
	at com.zaxxer.hikari.pool.HikariPool.checkFailFast(HikariPool.java:561)
	at com.zaxxer.hikari.pool.HikariPool.<init>(HikariPool.java:115)
	at com.zaxxer.hikari.HikariDataSource.getConnection(HikariDataSource.java:112)
	at org.hibernate.engine.jdbc.connections.internal.DatasourceConnectionProviderImpl.getConnection(DatasourceConnectionProviderImpl.java:122)
	at org.hibernate.engine.jdbc.env.internal.JdbcEnvironmentInitiator$ConnectionProviderJdbcConnectionAccess.obtainConnection(JdbcEnvironmentInitiator.java:181)
	at org.hibernate.engine.jdbc.env.internal.JdbcEnvironmentInitiator.initiateService(JdbcEnvironmentInitiator.java:68)
	at org.hibernate.engine.jdbc.env.internal.JdbcEnvironmentInitiator.initiateService(JdbcEnvironmentInitiator.java:35)
	at org.hibernate.boot.registry.internal.StandardServiceRegistryImpl.initiateService(StandardServiceRegistryImpl.java:101)
	at org.hibernate.service.internal.AbstractServiceRegistryImpl.createService(AbstractServiceRegistryImpl.java:272)
	at org.hibernate.service.internal.AbstractServiceRegistryImpl.initializeService(AbstractServiceRegistryImpl.java:246)
	at org.hibernate.service.internal.AbstractServiceRegistryImpl.getService(AbstractServiceRegistryImpl.java:223)
	at org.hibernate.id.factory.internal.DefaultIdentifierGeneratorFactory.injectServices(DefaultIdentifierGeneratorFactory.java:175)
	at org.hibernate.service.internal.AbstractServiceRegistryImpl.injectDependencies(AbstractServiceRegistryImpl.java:295)
	at org.hibernate.service.internal.AbstractServiceRegistryImpl.initializeService(AbstractServiceRegistryImpl.java:252)
	at org.hibernate.service.internal.AbstractServiceRegistryImpl.getService(AbstractServiceRegistryImpl.java:223)
	at org.hibernate.boot.internal.InFlightMetadataCollectorImpl.<init>(InFlightMetadataCollectorImpl.java:173)
	at org.hibernate.boot.model.process.spi.MetadataBuildingProcess.complete(MetadataBuildingProcess.java:127)
	at org.hibernate.jpa.boot.internal.EntityManagerFactoryBuilderImpl.metadata(EntityManagerFactoryBuilderImpl.java:1460)
	at org.hibernate.jpa.boot.internal.EntityManagerFactoryBuilderImpl.build(EntityManagerFactoryBuilderImpl.java:1494)
	at org.springframework.orm.jpa.vendor.SpringHibernateJpaPersistenceProvider.createContainerEntityManagerFactory(SpringHibernateJpaPersistenceProvider.java:58)
	at org.springframework.orm.jpa.LocalContainerEntityManagerFactoryBean.createNativeEntityManagerFactory(LocalContainerEntityManagerFactoryBean.java:365)
	at org.springframework.orm.jpa.AbstractEntityManagerFactoryBean.buildNativeEntityManagerFactory(AbstractEntityManagerFactoryBean.java:409)
	at org.springframework.orm.jpa.AbstractEntityManagerFactoryBean.afterPropertiesSet(AbstractEntityManagerFactoryBean.java:396)
	at org.springframework.orm.jpa.LocalContainerEntityManagerFactoryBean.afterPropertiesSet(LocalContainerEntityManagerFactoryBean.java:341)
	at org.springframework.beans.factory.support.AbstractAutowireCapableBeanFactory.invokeInitMethods(AbstractAutowireCapableBeanFactory.java:1863)
	at org.springframework.beans.factory.support.AbstractAutowireCapableBeanFactory.initializeBean(AbstractAutowireCapableBeanFactory.java:1800)
	at org.springframework.beans.factory.support.AbstractAutowireCapableBeanFactory.doCreateBean(AbstractAutowireCapableBeanFactory.java:620)
	at org.springframework.beans.factory.support.AbstractAutowireCapableBeanFactory.createBean(AbstractAutowireCapableBeanFactory.java:542)
	at org.springframework.beans.factory.support.AbstractBeanFactory.lambda$doGetBean$0(AbstractBeanFactory.java:335)
	at org.springframework.beans.factory.support.DefaultSingletonBeanRegistry.getSingleton(DefaultSingletonBeanRegistry.java:234)
	at org.springframework.beans.factory.support.AbstractBeanFactory.doGetBean(AbstractBeanFactory.java:333)
	at org.springframework.beans.factory.support.AbstractBeanFactory.getBean(AbstractBeanFactory.java:208)
	at org.springframework.context.support.AbstractApplicationContext.getBean(AbstractApplicationContext.java:1168)
	at org.springframework.context.support.AbstractApplicationContext.finishBeanFactoryInitialization(AbstractApplicationContext.java:919)
	at org.springframework.context.support.AbstractApplicationContext.refresh(AbstractApplicationContext.java:591)
	at org.springframework.boot.web.servlet.context.ServletWebServerApplicationContext.refresh(ServletWebServerApplicationContext.java:147)
	at org.springframework.boot.SpringApplication.refresh(SpringApplication.java:732)
	at org.springframework.boot.SpringApplication.refreshContext(SpringApplication.java:409)
	at org.springframework.boot.SpringApplication.run(SpringApplication.java:308)
	at org.springframework.boot.SpringApplication.run(SpringApplication.java:1300)
	at org.springframework.boot.SpringApplication.run(SpringApplication.java:1289)
	at com.memorin.user.UserServiceApplication.main(UserServiceApplication.java:19)
2025-08-25 11:34:44 [main] WARN  o.h.e.j.e.i.JdbcEnvironmentInitiator - HHH000342: Could not obtain connection to query metadata
java.sql.SQLException: Access denied for user 'memorin_user'@'localhost' (using password: YES)
	at com.mysql.cj.jdbc.exceptions.SQLError.createSQLException(SQLError.java:130)
	at com.mysql.cj.jdbc.exceptions.SQLExceptionsMapping.translateException(SQLExceptionsMapping.java:122)
	at com.mysql.cj.jdbc.ConnectionImpl.createNewIO(ConnectionImpl.java:825)
	at com.mysql.cj.jdbc.ConnectionImpl.<init>(ConnectionImpl.java:446)
	at com.mysql.cj.jdbc.ConnectionImpl.getInstance(ConnectionImpl.java:239)
	at com.mysql.cj.jdbc.NonRegisteringDriver.connect(NonRegisteringDriver.java:188)
	at com.zaxxer.hikari.util.DriverDataSource.getConnection(DriverDataSource.java:138)
	at com.zaxxer.hikari.pool.PoolBase.newConnection(PoolBase.java:364)
	at com.zaxxer.hikari.pool.PoolBase.newPoolEntry(PoolBase.java:206)
	at com.zaxxer.hikari.pool.HikariPool.createPoolEntry(HikariPool.java:476)
	at com.zaxxer.hikari.pool.HikariPool.checkFailFast(HikariPool.java:561)
	at com.zaxxer.hikari.pool.HikariPool.<init>(HikariPool.java:115)
	at com.zaxxer.hikari.HikariDataSource.getConnection(HikariDataSource.java:112)
	at org.hibernate.engine.jdbc.connections.internal.DatasourceConnectionProviderImpl.getConnection(DatasourceConnectionProviderImpl.java:122)
	at org.hibernate.engine.jdbc.env.internal.JdbcEnvironmentInitiator$ConnectionProviderJdbcConnectionAccess.obtainConnection(JdbcEnvironmentInitiator.java:181)
	at org.hibernate.engine.jdbc.env.internal.JdbcEnvironmentInitiator.initiateService(JdbcEnvironmentInitiator.java:68)
	at org.hibernate.engine.jdbc.env.internal.JdbcEnvironmentInitiator.initiateService(JdbcEnvironmentInitiator.java:35)
	at org.hibernate.boot.registry.internal.StandardServiceRegistryImpl.initiateService(StandardServiceRegistryImpl.java:101)
	at org.hibernate.service.internal.AbstractServiceRegistryImpl.createService(AbstractServiceRegistryImpl.java:272)
	at org.hibernate.service.internal.AbstractServiceRegistryImpl.initializeService(AbstractServiceRegistryImpl.java:246)
	at org.hibernate.service.internal.AbstractServiceRegistryImpl.getService(AbstractServiceRegistryImpl.java:223)
	at org.hibernate.id.factory.internal.DefaultIdentifierGeneratorFactory.injectServices(DefaultIdentifierGeneratorFactory.java:175)
	at org.hibernate.service.internal.AbstractServiceRegistryImpl.injectDependencies(AbstractServiceRegistryImpl.java:295)
	at org.hibernate.service.internal.AbstractServiceRegistryImpl.initializeService(AbstractServiceRegistryImpl.java:252)
	at org.hibernate.service.internal.AbstractServiceRegistryImpl.getService(AbstractServiceRegistryImpl.java:223)
	at org.hibernate.boot.internal.InFlightMetadataCollectorImpl.<init>(InFlightMetadataCollectorImpl.java:173)
	at org.hibernate.boot.model.process.spi.MetadataBuildingProcess.complete(MetadataBuildingProcess.java:127)
	at org.hibernate.jpa.boot.internal.EntityManagerFactoryBuilderImpl.metadata(EntityManagerFactoryBuilderImpl.java:1460)
	at org.hibernate.jpa.boot.internal.EntityManagerFactoryBuilderImpl.build(EntityManagerFactoryBuilderImpl.java:1494)
	at org.springframework.orm.jpa.vendor.SpringHibernateJpaPersistenceProvider.createContainerEntityManagerFactory(SpringHibernateJpaPersistenceProvider.java:58)
	at org.springframework.orm.jpa.LocalContainerEntityManagerFactoryBean.createNativeEntityManagerFactory(LocalContainerEntityManagerFactoryBean.java:365)
	at org.springframework.orm.jpa.AbstractEntityManagerFactoryBean.buildNativeEntityManagerFactory(AbstractEntityManagerFactoryBean.java:409)
	at org.springframework.orm.jpa.AbstractEntityManagerFactoryBean.afterPropertiesSet(AbstractEntityManagerFactoryBean.java:396)
	at org.springframework.orm.jpa.LocalContainerEntityManagerFactoryBean.afterPropertiesSet(LocalContainerEntityManagerFactoryBean.java:341)
	at org.springframework.beans.factory.support.AbstractAutowireCapableBeanFactory.invokeInitMethods(AbstractAutowireCapableBeanFactory.java:1863)
	at org.springframework.beans.factory.support.AbstractAutowireCapableBeanFactory.initializeBean(AbstractAutowireCapableBeanFactory.java:1800)
	at org.springframework.beans.factory.support.AbstractAutowireCapableBeanFactory.doCreateBean(AbstractAutowireCapableBeanFactory.java:620)
	at org.springframework.beans.factory.support.AbstractAutowireCapableBeanFactory.createBean(AbstractAutowireCapableBeanFactory.java:542)
	at org.springframework.beans.factory.support.AbstractBeanFactory.lambda$doGetBean$0(AbstractBeanFactory.java:335)
	at org.springframework.beans.factory.support.DefaultSingletonBeanRegistry.getSingleton(DefaultSingletonBeanRegistry.java:234)
	at org.springframework.beans.factory.support.AbstractBeanFactory.doGetBean(AbstractBeanFactory.java:333)
	at org.springframework.beans.factory.support.AbstractBeanFactory.getBean(AbstractBeanFactory.java:208)
	at org.springframework.context.support.AbstractApplicationContext.getBean(AbstractApplicationContext.java:1168)
	at org.springframework.context.support.AbstractApplicationContext.finishBeanFactoryInitialization(AbstractApplicationContext.java:919)
	at org.springframework.context.support.AbstractApplicationContext.refresh(AbstractApplicationContext.java:591)
	at org.springframework.boot.web.servlet.context.ServletWebServerApplicationContext.refresh(ServletWebServerApplicationContext.java:147)
	at org.springframework.boot.SpringApplication.refresh(SpringApplication.java:732)
	at org.springframework.boot.SpringApplication.refreshContext(SpringApplication.java:409)
	at org.springframework.boot.SpringApplication.run(SpringApplication.java:308)
	at org.springframework.boot.SpringApplication.run(SpringApplication.java:1300)
	at org.springframework.boot.SpringApplication.run(SpringApplication.java:1289)
	at com.memorin.user.UserServiceApplication.main(UserServiceApplication.java:19)
2025-08-25 11:34:44 [main] INFO  org.hibernate.dialect.Dialect - HHH000400: Using dialect: org.hibernate.dialect.MySQL8Dialect
2025-08-25 11:34:44 [main] INFO  com.zaxxer.hikari.HikariDataSource - MemorinUserPool - Starting...
2025-08-25 11:34:45 [main] ERROR com.zaxxer.hikari.pool.HikariPool - MemorinUserPool - Exception during pool initialization.
java.sql.SQLException: Access denied for user 'memorin_user'@'localhost' (using password: YES)
	at com.mysql.cj.jdbc.exceptions.SQLError.createSQLException(SQLError.java:130)
	at com.mysql.cj.jdbc.exceptions.SQLExceptionsMapping.translateException(SQLExceptionsMapping.java:122)
	at com.mysql.cj.jdbc.ConnectionImpl.createNewIO(ConnectionImpl.java:825)
	at com.mysql.cj.jdbc.ConnectionImpl.<init>(ConnectionImpl.java:446)
	at com.mysql.cj.jdbc.ConnectionImpl.getInstance(ConnectionImpl.java:239)
	at com.mysql.cj.jdbc.NonRegisteringDriver.connect(NonRegisteringDriver.java:188)
	at com.zaxxer.hikari.util.DriverDataSource.getConnection(DriverDataSource.java:138)
	at com.zaxxer.hikari.pool.PoolBase.newConnection(PoolBase.java:364)
	at com.zaxxer.hikari.pool.PoolBase.newPoolEntry(PoolBase.java:206)
	at com.zaxxer.hikari.pool.HikariPool.createPoolEntry(HikariPool.java:476)
	at com.zaxxer.hikari.pool.HikariPool.checkFailFast(HikariPool.java:561)
	at com.zaxxer.hikari.pool.HikariPool.<init>(HikariPool.java:115)
	at com.zaxxer.hikari.HikariDataSource.getConnection(HikariDataSource.java:112)
	at org.hibernate.engine.jdbc.connections.internal.DatasourceConnectionProviderImpl.getConnection(DatasourceConnectionProviderImpl.java:122)
	at org.hibernate.engine.jdbc.env.internal.JdbcEnvironmentInitiator$ConnectionProviderJdbcConnectionAccess.obtainConnection(JdbcEnvironmentInitiator.java:181)
	at org.hibernate.resource.transaction.backend.jdbc.internal.DdlTransactionIsolatorNonJtaImpl.getIsolatedConnection(DdlTransactionIsolatorNonJtaImpl.java:44)
	at org.hibernate.tool.schema.internal.exec.ImprovedExtractionContextImpl.getJdbcConnection(ImprovedExtractionContextImpl.java:63)
	at org.hibernate.tool.schema.internal.exec.ImprovedExtractionContextImpl.getJdbcDatabaseMetaData(ImprovedExtractionContextImpl.java:70)
	at org.hibernate.tool.schema.extract.internal.InformationExtractorJdbcDatabaseMetaDataImpl.processTableResultSet(InformationExtractorJdbcDatabaseMetaDataImpl.java:64)
	at org.hibernate.tool.schema.extract.internal.AbstractInformationExtractorImpl.getTables(AbstractInformationExtractorImpl.java:565)
	at org.hibernate.tool.schema.extract.internal.DatabaseInformationImpl.getTablesInformation(DatabaseInformationImpl.java:122)
	at org.hibernate.tool.schema.internal.GroupedSchemaMigratorImpl.performTablesMigration(GroupedSchemaMigratorImpl.java:68)
	at org.hibernate.tool.schema.internal.AbstractSchemaMigrator.performMigration(AbstractSchemaMigrator.java:220)
	at org.hibernate.tool.schema.internal.AbstractSchemaMigrator.doMigration(AbstractSchemaMigrator.java:123)
	at org.hibernate.tool.schema.spi.SchemaManagementToolCoordinator.performDatabaseAction(SchemaManagementToolCoordinator.java:196)
	at org.hibernate.tool.schema.spi.SchemaManagementToolCoordinator.process(SchemaManagementToolCoordinator.java:85)
	at org.hibernate.internal.SessionFactoryImpl.<init>(SessionFactoryImpl.java:335)
	at org.hibernate.boot.internal.SessionFactoryBuilderImpl.build(SessionFactoryBuilderImpl.java:471)
	at org.hibernate.jpa.boot.internal.EntityManagerFactoryBuilderImpl.build(EntityManagerFactoryBuilderImpl.java:1498)
	at org.springframework.orm.jpa.vendor.SpringHibernateJpaPersistenceProvider.createContainerEntityManagerFactory(SpringHibernateJpaPersistenceProvider.java:58)
	at org.springframework.orm.jpa.LocalContainerEntityManagerFactoryBean.createNativeEntityManagerFactory(LocalContainerEntityManagerFactoryBean.java:365)
	at org.springframework.orm.jpa.AbstractEntityManagerFactoryBean.buildNativeEntityManagerFactory(AbstractEntityManagerFactoryBean.java:409)
	at org.springframework.orm.jpa.AbstractEntityManagerFactoryBean.afterPropertiesSet(AbstractEntityManagerFactoryBean.java:396)
	at org.springframework.orm.jpa.LocalContainerEntityManagerFactoryBean.afterPropertiesSet(LocalContainerEntityManagerFactoryBean.java:341)
	at org.springframework.beans.factory.support.AbstractAutowireCapableBeanFactory.invokeInitMethods(AbstractAutowireCapableBeanFactory.java:1863)
	at org.springframework.beans.factory.support.AbstractAutowireCapableBeanFactory.initializeBean(AbstractAutowireCapableBeanFactory.java:1800)
	at org.springframework.beans.factory.support.AbstractAutowireCapableBeanFactory.doCreateBean(AbstractAutowireCapableBeanFactory.java:620)
	at org.springframework.beans.factory.support.AbstractAutowireCapableBeanFactory.createBean(AbstractAutowireCapableBeanFactory.java:542)
	at org.springframework.beans.factory.support.AbstractBeanFactory.lambda$doGetBean$0(AbstractBeanFactory.java:335)
	at org.springframework.beans.factory.support.DefaultSingletonBeanRegistry.getSingleton(DefaultSingletonBeanRegistry.java:234)
	at org.springframework.beans.factory.support.AbstractBeanFactory.doGetBean(AbstractBeanFactory.java:333)
	at org.springframework.beans.factory.support.AbstractBeanFactory.getBean(AbstractBeanFactory.java:208)
	at org.springframework.context.support.AbstractApplicationContext.getBean(AbstractApplicationContext.java:1168)
	at org.springframework.context.support.AbstractApplicationContext.finishBeanFactoryInitialization(AbstractApplicationContext.java:919)
	at org.springframework.context.support.AbstractApplicationContext.refresh(AbstractApplicationContext.java:591)
	at org.springframework.boot.web.servlet.context.ServletWebServerApplicationContext.refresh(ServletWebServerApplicationContext.java:147)
	at org.springframework.boot.SpringApplication.refresh(SpringApplication.java:732)
	at org.springframework.boot.SpringApplication.refreshContext(SpringApplication.java:409)
	at org.springframework.boot.SpringApplication.run(SpringApplication.java:308)
	at org.springframework.boot.SpringApplication.run(SpringApplication.java:1300)
	at org.springframework.boot.SpringApplication.run(SpringApplication.java:1289)
	at com.memorin.user.UserServiceApplication.main(UserServiceApplication.java:19)
2025-08-25 11:34:45 [main] WARN  o.h.e.jdbc.spi.SqlExceptionHelper - SQL Error: 1045, SQLState: 28000
2025-08-25 11:34:45 [main] ERROR o.h.e.jdbc.spi.SqlExceptionHelper - Access denied for user 'memorin_user'@'localhost' (using password: YES)
2025-08-25 11:34:45 [main] ERROR o.s.o.j.LocalContainerEntityManagerFactoryBean - Failed to initialize JPA EntityManagerFactory: [PersistenceUnit: default] Unable to build Hibernate SessionFactory; nested exception is org.hibernate.exception.GenericJDBCException: Unable to open JDBC Connection for DDL execution
2025-08-25 11:34:45 [main] WARN  o.s.b.w.s.c.AnnotationConfigServletWebServerApplicationContext - Exception encountered during context initialization - cancelling refresh attempt: org.springframework.beans.factory.BeanCreationException: Error creating bean with name 'entityManagerFactory' defined in class path resource [org/springframework/boot/autoconfigure/orm/jpa/HibernateJpaConfiguration.class]: Invocation of init method failed; nested exception is javax.persistence.PersistenceException: [PersistenceUnit: default] Unable to build Hibernate SessionFactory; nested exception is org.hibernate.exception.GenericJDBCException: Unable to open JDBC Connection for DDL execution
2025-08-25 11:34:45 [main] INFO  o.a.catalina.core.StandardService - Stopping service [Tomcat]
2025-08-25 11:34:45 [main] INFO  o.s.b.a.l.ConditionEvaluationReportLoggingListener - 

Error starting ApplicationContext. To display the conditions report re-run your application with 'debug' enabled.
2025-08-25 11:34:45 [main] ERROR o.s.boot.SpringApplication - Application run failed
org.springframework.beans.factory.BeanCreationException: Error creating bean with name 'entityManagerFactory' defined in class path resource [org/springframework/boot/autoconfigure/orm/jpa/HibernateJpaConfiguration.class]: Invocation of init method failed; nested exception is javax.persistence.PersistenceException: [PersistenceUnit: default] Unable to build Hibernate SessionFactory; nested exception is org.hibernate.exception.GenericJDBCException: Unable to open JDBC Connection for DDL execution
	at org.springframework.beans.factory.support.AbstractAutowireCapableBeanFactory.initializeBean(AbstractAutowireCapableBeanFactory.java:1804)
	at org.springframework.beans.factory.support.AbstractAutowireCapableBeanFactory.doCreateBean(AbstractAutowireCapableBeanFactory.java:620)
	at org.springframework.beans.factory.support.AbstractAutowireCapableBeanFactory.createBean(AbstractAutowireCapableBeanFactory.java:542)
	at org.springframework.beans.factory.support.AbstractBeanFactory.lambda$doGetBean$0(AbstractBeanFactory.java:335)
	at org.springframework.beans.factory.support.DefaultSingletonBeanRegistry.getSingleton(DefaultSingletonBeanRegistry.java:234)
	at org.springframework.beans.factory.support.AbstractBeanFactory.doGetBean(AbstractBeanFactory.java:333)
	at org.springframework.beans.factory.support.AbstractBeanFactory.getBean(AbstractBeanFactory.java:208)
	at org.springframework.context.support.AbstractApplicationContext.getBean(AbstractApplicationContext.java:1168)
	at org.springframework.context.support.AbstractApplicationContext.finishBeanFactoryInitialization(AbstractApplicationContext.java:919)
	at org.springframework.context.support.AbstractApplicationContext.refresh(AbstractApplicationContext.java:591)
	at org.springframework.boot.web.servlet.context.ServletWebServerApplicationContext.refresh(ServletWebServerApplicationContext.java:147)
	at org.springframework.boot.SpringApplication.refresh(SpringApplication.java:732)
	at org.springframework.boot.SpringApplication.refreshContext(SpringApplication.java:409)
	at org.springframework.boot.SpringApplication.run(SpringApplication.java:308)
	at org.springframework.boot.SpringApplication.run(SpringApplication.java:1300)
	at org.springframework.boot.SpringApplication.run(SpringApplication.java:1289)
	at com.memorin.user.UserServiceApplication.main(UserServiceApplication.java:19)
Caused by: javax.persistence.PersistenceException: [PersistenceUnit: default] Unable to build Hibernate SessionFactory; nested exception is org.hibernate.exception.GenericJDBCException: Unable to open JDBC Connection for DDL execution
	at org.springframework.orm.jpa.AbstractEntityManagerFactoryBean.buildNativeEntityManagerFactory(AbstractEntityManagerFactoryBean.java:421)
	at org.springframework.orm.jpa.AbstractEntityManagerFactoryBean.afterPropertiesSet(AbstractEntityManagerFactoryBean.java:396)
	at org.springframework.orm.jpa.LocalContainerEntityManagerFactoryBean.afterPropertiesSet(LocalContainerEntityManagerFactoryBean.java:341)
	at org.springframework.beans.factory.support.AbstractAutowireCapableBeanFactory.invokeInitMethods(AbstractAutowireCapableBeanFactory.java:1863)
	at org.springframework.beans.factory.support.AbstractAutowireCapableBeanFactory.initializeBean(AbstractAutowireCapableBeanFactory.java:1800)
	... 16 common frames omitted
Caused by: org.hibernate.exception.GenericJDBCException: Unable to open JDBC Connection for DDL execution
	at org.hibernate.exception.internal.StandardSQLExceptionConverter.convert(StandardSQLExceptionConverter.java:42)
	at org.hibernate.engine.jdbc.spi.SqlExceptionHelper.convert(SqlExceptionHelper.java:113)
	at org.hibernate.engine.jdbc.spi.SqlExceptionHelper.convert(SqlExceptionHelper.java:99)
	at org.hibernate.resource.transaction.backend.jdbc.internal.DdlTransactionIsolatorNonJtaImpl.getIsolatedConnection(DdlTransactionIsolatorNonJtaImpl.java:71)
	at org.hibernate.tool.schema.internal.exec.ImprovedExtractionContextImpl.getJdbcConnection(ImprovedExtractionContextImpl.java:63)
	at org.hibernate.tool.schema.internal.exec.ImprovedExtractionContextImpl.getJdbcDatabaseMetaData(ImprovedExtractionContextImpl.java:70)
	at org.hibernate.tool.schema.extract.internal.InformationExtractorJdbcDatabaseMetaDataImpl.processTableResultSet(InformationExtractorJdbcDatabaseMetaDataImpl.java:64)
	at org.hibernate.tool.schema.extract.internal.AbstractInformationExtractorImpl.getTables(AbstractInformationExtractorImpl.java:565)
	at org.hibernate.tool.schema.extract.internal.DatabaseInformationImpl.getTablesInformation(DatabaseInformationImpl.java:122)
	at org.hibernate.tool.schema.internal.GroupedSchemaMigratorImpl.performTablesMigration(GroupedSchemaMigratorImpl.java:68)
	at org.hibernate.tool.schema.internal.AbstractSchemaMigrator.performMigration(AbstractSchemaMigrator.java:220)
	at org.hibernate.tool.schema.internal.AbstractSchemaMigrator.doMigration(AbstractSchemaMigrator.java:123)
	at org.hibernate.tool.schema.spi.SchemaManagementToolCoordinator.performDatabaseAction(SchemaManagementToolCoordinator.java:196)
	at org.hibernate.tool.schema.spi.SchemaManagementToolCoordinator.process(SchemaManagementToolCoordinator.java:85)
	at org.hibernate.internal.SessionFactoryImpl.<init>(SessionFactoryImpl.java:335)
	at org.hibernate.boot.internal.SessionFactoryBuilderImpl.build(SessionFactoryBuilderImpl.java:471)
	at org.hibernate.jpa.boot.internal.EntityManagerFactoryBuilderImpl.build(EntityManagerFactoryBuilderImpl.java:1498)
	at org.springframework.orm.jpa.vendor.SpringHibernateJpaPersistenceProvider.createContainerEntityManagerFactory(SpringHibernateJpaPersistenceProvider.java:58)
	at org.springframework.orm.jpa.LocalContainerEntityManagerFactoryBean.createNativeEntityManagerFactory(LocalContainerEntityManagerFactoryBean.java:365)
	at org.springframework.orm.jpa.AbstractEntityManagerFactoryBean.buildNativeEntityManagerFactory(AbstractEntityManagerFactoryBean.java:409)
	... 20 common frames omitted
Caused by: java.sql.SQLException: Access denied for user 'memorin_user'@'localhost' (using password: YES)
	at com.mysql.cj.jdbc.exceptions.SQLError.createSQLException(SQLError.java:130)
	at com.mysql.cj.jdbc.exceptions.SQLExceptionsMapping.translateException(SQLExceptionsMapping.java:122)
	at com.mysql.cj.jdbc.ConnectionImpl.createNewIO(ConnectionImpl.java:825)
	at com.mysql.cj.jdbc.ConnectionImpl.<init>(ConnectionImpl.java:446)
	at com.mysql.cj.jdbc.ConnectionImpl.getInstance(ConnectionImpl.java:239)
	at com.mysql.cj.jdbc.NonRegisteringDriver.connect(NonRegisteringDriver.java:188)
	at com.zaxxer.hikari.util.DriverDataSource.getConnection(DriverDataSource.java:138)
	at com.zaxxer.hikari.pool.PoolBase.newConnection(PoolBase.java:364)
	at com.zaxxer.hikari.pool.PoolBase.newPoolEntry(PoolBase.java:206)
	at com.zaxxer.hikari.pool.HikariPool.createPoolEntry(HikariPool.java:476)
	at com.zaxxer.hikari.pool.HikariPool.checkFailFast(HikariPool.java:561)
	at com.zaxxer.hikari.pool.HikariPool.<init>(HikariPool.java:115)
	at com.zaxxer.hikari.HikariDataSource.getConnection(HikariDataSource.java:112)
	at org.hibernate.engine.jdbc.connections.internal.DatasourceConnectionProviderImpl.getConnection(DatasourceConnectionProviderImpl.java:122)
	at org.hibernate.engine.jdbc.env.internal.JdbcEnvironmentInitiator$ConnectionProviderJdbcConnectionAccess.obtainConnection(JdbcEnvironmentInitiator.java:181)
	at org.hibernate.resource.transaction.backend.jdbc.internal.DdlTransactionIsolatorNonJtaImpl.getIsolatedConnection(DdlTransactionIsolatorNonJtaImpl.java:44)
	... 36 common frames omitted
2025-08-25 11:37:27 [main] INFO  c.a.n.c.env.SearchableProperties - properties search order:PROPERTIES->JVM->ENV->DEFAULT_SETTING
2025-08-25 11:37:27 [main] INFO  c.m.user.UserServiceApplication - Starting UserServiceApplication using Java 1.8.0_451 on WIN-C3D985L1HJN with PID 11992 (D:\CODE\Memorin-rebuild\backend\memorin-user-service\target\classes started by Mechrevo in D:\CODE\Memorin-rebuild\backend\memorin-user-service)
2025-08-25 11:37:27 [main] DEBUG c.m.user.UserServiceApplication - Running with Spring Boot v2.7.18, Spring v5.3.31
2025-08-25 11:37:27 [main] INFO  c.m.user.UserServiceApplication - No active profile set, falling back to 1 default profile: "default"
2025-08-25 11:37:27 [main] INFO  o.s.d.r.c.RepositoryConfigurationDelegate - Multiple Spring Data modules found, entering strict repository configuration mode
2025-08-25 11:37:27 [main] INFO  o.s.d.r.c.RepositoryConfigurationDelegate - Bootstrapping Spring Data JPA repositories in DEFAULT mode.
2025-08-25 11:37:28 [main] INFO  o.s.d.r.c.RepositoryConfigurationDelegate - Finished Spring Data repository scanning in 29 ms. Found 1 JPA repository interfaces.
2025-08-25 11:37:28 [main] INFO  o.s.d.r.c.RepositoryConfigurationDelegate - Multiple Spring Data modules found, entering strict repository configuration mode
2025-08-25 11:37:28 [main] INFO  o.s.d.r.c.RepositoryConfigurationDelegate - Bootstrapping Spring Data Redis repositories in DEFAULT mode.
2025-08-25 11:37:28 [main] INFO  o.s.d.r.c.RepositoryConfigurationExtensionSupport - Spring Data Redis - Could not safely identify store assignment for repository candidate interface com.memorin.user.repository.UserRepository; If you want this repository to be a Redis repository, consider annotating your entities with one of these annotations: org.springframework.data.redis.core.RedisHash (preferred), or consider extending one of the following types with your repository: org.springframework.data.keyvalue.repository.KeyValueRepository
2025-08-25 11:37:28 [main] INFO  o.s.d.r.c.RepositoryConfigurationDelegate - Finished Spring Data repository scanning in 3 ms. Found 0 Redis repository interfaces.
2025-08-25 11:37:28 [main] INFO  o.s.cloud.context.scope.GenericScope - BeanFactory id=54e36200-5f1e-3737-846c-48cc76e1cf23
2025-08-25 11:37:28 [main] INFO  o.s.b.w.e.tomcat.TomcatWebServer - Tomcat initialized with port(s): 8081 (http)
2025-08-25 11:37:28 [main] INFO  o.a.catalina.core.StandardService - Starting service [Tomcat]
2025-08-25 11:37:28 [main] INFO  o.a.catalina.core.StandardEngine - Starting Servlet engine: [Apache Tomcat/9.0.83]
2025-08-25 11:37:28 [main] INFO  o.a.c.c.C.[Tomcat].[localhost].[/] - Initializing Spring embedded WebApplicationContext
2025-08-25 11:37:28 [main] INFO  o.s.b.w.s.c.ServletWebServerApplicationContext - Root WebApplicationContext: initialization completed in 1245 ms
2025-08-25 11:37:28 [main] INFO  o.h.jpa.internal.util.LogHelper - HHH000204: Processing PersistenceUnitInfo [name: default]
2025-08-25 11:37:28 [main] INFO  org.hibernate.Version - HHH000412: Hibernate ORM core version 5.6.15.Final
2025-08-25 11:37:28 [main] INFO  o.h.annotations.common.Version - HCANN000001: Hibernate Commons Annotations {5.1.2.Final}
2025-08-25 11:37:28 [main] INFO  com.zaxxer.hikari.HikariDataSource - MemorinUserPool - Starting...
2025-08-25 11:37:30 [main] ERROR com.zaxxer.hikari.pool.HikariPool - MemorinUserPool - Exception during pool initialization.
java.sql.SQLException: Access denied for user 'memorin_user'@'localhost' (using password: YES)
	at com.mysql.cj.jdbc.exceptions.SQLError.createSQLException(SQLError.java:130)
	at com.mysql.cj.jdbc.exceptions.SQLExceptionsMapping.translateException(SQLExceptionsMapping.java:122)
	at com.mysql.cj.jdbc.ConnectionImpl.createNewIO(ConnectionImpl.java:825)
	at com.mysql.cj.jdbc.ConnectionImpl.<init>(ConnectionImpl.java:446)
	at com.mysql.cj.jdbc.ConnectionImpl.getInstance(ConnectionImpl.java:239)
	at com.mysql.cj.jdbc.NonRegisteringDriver.connect(NonRegisteringDriver.java:188)
	at com.zaxxer.hikari.util.DriverDataSource.getConnection(DriverDataSource.java:138)
	at com.zaxxer.hikari.pool.PoolBase.newConnection(PoolBase.java:364)
	at com.zaxxer.hikari.pool.PoolBase.newPoolEntry(PoolBase.java:206)
	at com.zaxxer.hikari.pool.HikariPool.createPoolEntry(HikariPool.java:476)
	at com.zaxxer.hikari.pool.HikariPool.checkFailFast(HikariPool.java:561)
	at com.zaxxer.hikari.pool.HikariPool.<init>(HikariPool.java:115)
	at com.zaxxer.hikari.HikariDataSource.getConnection(HikariDataSource.java:112)
	at org.hibernate.engine.jdbc.connections.internal.DatasourceConnectionProviderImpl.getConnection(DatasourceConnectionProviderImpl.java:122)
	at org.hibernate.engine.jdbc.env.internal.JdbcEnvironmentInitiator$ConnectionProviderJdbcConnectionAccess.obtainConnection(JdbcEnvironmentInitiator.java:181)
	at org.hibernate.engine.jdbc.env.internal.JdbcEnvironmentInitiator.initiateService(JdbcEnvironmentInitiator.java:68)
	at org.hibernate.engine.jdbc.env.internal.JdbcEnvironmentInitiator.initiateService(JdbcEnvironmentInitiator.java:35)
	at org.hibernate.boot.registry.internal.StandardServiceRegistryImpl.initiateService(StandardServiceRegistryImpl.java:101)
	at org.hibernate.service.internal.AbstractServiceRegistryImpl.createService(AbstractServiceRegistryImpl.java:272)
	at org.hibernate.service.internal.AbstractServiceRegistryImpl.initializeService(AbstractServiceRegistryImpl.java:246)
	at org.hibernate.service.internal.AbstractServiceRegistryImpl.getService(AbstractServiceRegistryImpl.java:223)
	at org.hibernate.id.factory.internal.DefaultIdentifierGeneratorFactory.injectServices(DefaultIdentifierGeneratorFactory.java:175)
	at org.hibernate.service.internal.AbstractServiceRegistryImpl.injectDependencies(AbstractServiceRegistryImpl.java:295)
	at org.hibernate.service.internal.AbstractServiceRegistryImpl.initializeService(AbstractServiceRegistryImpl.java:252)
	at org.hibernate.service.internal.AbstractServiceRegistryImpl.getService(AbstractServiceRegistryImpl.java:223)
	at org.hibernate.boot.internal.InFlightMetadataCollectorImpl.<init>(InFlightMetadataCollectorImpl.java:173)
	at org.hibernate.boot.model.process.spi.MetadataBuildingProcess.complete(MetadataBuildingProcess.java:127)
	at org.hibernate.jpa.boot.internal.EntityManagerFactoryBuilderImpl.metadata(EntityManagerFactoryBuilderImpl.java:1460)
	at org.hibernate.jpa.boot.internal.EntityManagerFactoryBuilderImpl.build(EntityManagerFactoryBuilderImpl.java:1494)
	at org.springframework.orm.jpa.vendor.SpringHibernateJpaPersistenceProvider.createContainerEntityManagerFactory(SpringHibernateJpaPersistenceProvider.java:58)
	at org.springframework.orm.jpa.LocalContainerEntityManagerFactoryBean.createNativeEntityManagerFactory(LocalContainerEntityManagerFactoryBean.java:365)
	at org.springframework.orm.jpa.AbstractEntityManagerFactoryBean.buildNativeEntityManagerFactory(AbstractEntityManagerFactoryBean.java:409)
	at org.springframework.orm.jpa.AbstractEntityManagerFactoryBean.afterPropertiesSet(AbstractEntityManagerFactoryBean.java:396)
	at org.springframework.orm.jpa.LocalContainerEntityManagerFactoryBean.afterPropertiesSet(LocalContainerEntityManagerFactoryBean.java:341)
	at org.springframework.beans.factory.support.AbstractAutowireCapableBeanFactory.invokeInitMethods(AbstractAutowireCapableBeanFactory.java:1863)
	at org.springframework.beans.factory.support.AbstractAutowireCapableBeanFactory.initializeBean(AbstractAutowireCapableBeanFactory.java:1800)
	at org.springframework.beans.factory.support.AbstractAutowireCapableBeanFactory.doCreateBean(AbstractAutowireCapableBeanFactory.java:620)
	at org.springframework.beans.factory.support.AbstractAutowireCapableBeanFactory.createBean(AbstractAutowireCapableBeanFactory.java:542)
	at org.springframework.beans.factory.support.AbstractBeanFactory.lambda$doGetBean$0(AbstractBeanFactory.java:335)
	at org.springframework.beans.factory.support.DefaultSingletonBeanRegistry.getSingleton(DefaultSingletonBeanRegistry.java:234)
	at org.springframework.beans.factory.support.AbstractBeanFactory.doGetBean(AbstractBeanFactory.java:333)
	at org.springframework.beans.factory.support.AbstractBeanFactory.getBean(AbstractBeanFactory.java:208)
	at org.springframework.context.support.AbstractApplicationContext.getBean(AbstractApplicationContext.java:1168)
	at org.springframework.context.support.AbstractApplicationContext.finishBeanFactoryInitialization(AbstractApplicationContext.java:919)
	at org.springframework.context.support.AbstractApplicationContext.refresh(AbstractApplicationContext.java:591)
	at org.springframework.boot.web.servlet.context.ServletWebServerApplicationContext.refresh(ServletWebServerApplicationContext.java:147)
	at org.springframework.boot.SpringApplication.refresh(SpringApplication.java:732)
	at org.springframework.boot.SpringApplication.refreshContext(SpringApplication.java:409)
	at org.springframework.boot.SpringApplication.run(SpringApplication.java:308)
	at org.springframework.boot.SpringApplication.run(SpringApplication.java:1300)
	at org.springframework.boot.SpringApplication.run(SpringApplication.java:1289)
	at com.memorin.user.UserServiceApplication.main(UserServiceApplication.java:19)
2025-08-25 11:37:30 [main] WARN  o.h.e.j.e.i.JdbcEnvironmentInitiator - HHH000342: Could not obtain connection to query metadata
java.sql.SQLException: Access denied for user 'memorin_user'@'localhost' (using password: YES)
	at com.mysql.cj.jdbc.exceptions.SQLError.createSQLException(SQLError.java:130)
	at com.mysql.cj.jdbc.exceptions.SQLExceptionsMapping.translateException(SQLExceptionsMapping.java:122)
	at com.mysql.cj.jdbc.ConnectionImpl.createNewIO(ConnectionImpl.java:825)
	at com.mysql.cj.jdbc.ConnectionImpl.<init>(ConnectionImpl.java:446)
	at com.mysql.cj.jdbc.ConnectionImpl.getInstance(ConnectionImpl.java:239)
	at com.mysql.cj.jdbc.NonRegisteringDriver.connect(NonRegisteringDriver.java:188)
	at com.zaxxer.hikari.util.DriverDataSource.getConnection(DriverDataSource.java:138)
	at com.zaxxer.hikari.pool.PoolBase.newConnection(PoolBase.java:364)
	at com.zaxxer.hikari.pool.PoolBase.newPoolEntry(PoolBase.java:206)
	at com.zaxxer.hikari.pool.HikariPool.createPoolEntry(HikariPool.java:476)
	at com.zaxxer.hikari.pool.HikariPool.checkFailFast(HikariPool.java:561)
	at com.zaxxer.hikari.pool.HikariPool.<init>(HikariPool.java:115)
	at com.zaxxer.hikari.HikariDataSource.getConnection(HikariDataSource.java:112)
	at org.hibernate.engine.jdbc.connections.internal.DatasourceConnectionProviderImpl.getConnection(DatasourceConnectionProviderImpl.java:122)
	at org.hibernate.engine.jdbc.env.internal.JdbcEnvironmentInitiator$ConnectionProviderJdbcConnectionAccess.obtainConnection(JdbcEnvironmentInitiator.java:181)
	at org.hibernate.engine.jdbc.env.internal.JdbcEnvironmentInitiator.initiateService(JdbcEnvironmentInitiator.java:68)
	at org.hibernate.engine.jdbc.env.internal.JdbcEnvironmentInitiator.initiateService(JdbcEnvironmentInitiator.java:35)
	at org.hibernate.boot.registry.internal.StandardServiceRegistryImpl.initiateService(StandardServiceRegistryImpl.java:101)
	at org.hibernate.service.internal.AbstractServiceRegistryImpl.createService(AbstractServiceRegistryImpl.java:272)
	at org.hibernate.service.internal.AbstractServiceRegistryImpl.initializeService(AbstractServiceRegistryImpl.java:246)
	at org.hibernate.service.internal.AbstractServiceRegistryImpl.getService(AbstractServiceRegistryImpl.java:223)
	at org.hibernate.id.factory.internal.DefaultIdentifierGeneratorFactory.injectServices(DefaultIdentifierGeneratorFactory.java:175)
	at org.hibernate.service.internal.AbstractServiceRegistryImpl.injectDependencies(AbstractServiceRegistryImpl.java:295)
	at org.hibernate.service.internal.AbstractServiceRegistryImpl.initializeService(AbstractServiceRegistryImpl.java:252)
	at org.hibernate.service.internal.AbstractServiceRegistryImpl.getService(AbstractServiceRegistryImpl.java:223)
	at org.hibernate.boot.internal.InFlightMetadataCollectorImpl.<init>(InFlightMetadataCollectorImpl.java:173)
	at org.hibernate.boot.model.process.spi.MetadataBuildingProcess.complete(MetadataBuildingProcess.java:127)
	at org.hibernate.jpa.boot.internal.EntityManagerFactoryBuilderImpl.metadata(EntityManagerFactoryBuilderImpl.java:1460)
	at org.hibernate.jpa.boot.internal.EntityManagerFactoryBuilderImpl.build(EntityManagerFactoryBuilderImpl.java:1494)
	at org.springframework.orm.jpa.vendor.SpringHibernateJpaPersistenceProvider.createContainerEntityManagerFactory(SpringHibernateJpaPersistenceProvider.java:58)
	at org.springframework.orm.jpa.LocalContainerEntityManagerFactoryBean.createNativeEntityManagerFactory(LocalContainerEntityManagerFactoryBean.java:365)
	at org.springframework.orm.jpa.AbstractEntityManagerFactoryBean.buildNativeEntityManagerFactory(AbstractEntityManagerFactoryBean.java:409)
	at org.springframework.orm.jpa.AbstractEntityManagerFactoryBean.afterPropertiesSet(AbstractEntityManagerFactoryBean.java:396)
	at org.springframework.orm.jpa.LocalContainerEntityManagerFactoryBean.afterPropertiesSet(LocalContainerEntityManagerFactoryBean.java:341)
	at org.springframework.beans.factory.support.AbstractAutowireCapableBeanFactory.invokeInitMethods(AbstractAutowireCapableBeanFactory.java:1863)
	at org.springframework.beans.factory.support.AbstractAutowireCapableBeanFactory.initializeBean(AbstractAutowireCapableBeanFactory.java:1800)
	at org.springframework.beans.factory.support.AbstractAutowireCapableBeanFactory.doCreateBean(AbstractAutowireCapableBeanFactory.java:620)
	at org.springframework.beans.factory.support.AbstractAutowireCapableBeanFactory.createBean(AbstractAutowireCapableBeanFactory.java:542)
	at org.springframework.beans.factory.support.AbstractBeanFactory.lambda$doGetBean$0(AbstractBeanFactory.java:335)
	at org.springframework.beans.factory.support.DefaultSingletonBeanRegistry.getSingleton(DefaultSingletonBeanRegistry.java:234)
	at org.springframework.beans.factory.support.AbstractBeanFactory.doGetBean(AbstractBeanFactory.java:333)
	at org.springframework.beans.factory.support.AbstractBeanFactory.getBean(AbstractBeanFactory.java:208)
	at org.springframework.context.support.AbstractApplicationContext.getBean(AbstractApplicationContext.java:1168)
	at org.springframework.context.support.AbstractApplicationContext.finishBeanFactoryInitialization(AbstractApplicationContext.java:919)
	at org.springframework.context.support.AbstractApplicationContext.refresh(AbstractApplicationContext.java:591)
	at org.springframework.boot.web.servlet.context.ServletWebServerApplicationContext.refresh(ServletWebServerApplicationContext.java:147)
	at org.springframework.boot.SpringApplication.refresh(SpringApplication.java:732)
	at org.springframework.boot.SpringApplication.refreshContext(SpringApplication.java:409)
	at org.springframework.boot.SpringApplication.run(SpringApplication.java:308)
	at org.springframework.boot.SpringApplication.run(SpringApplication.java:1300)
	at org.springframework.boot.SpringApplication.run(SpringApplication.java:1289)
	at com.memorin.user.UserServiceApplication.main(UserServiceApplication.java:19)
2025-08-25 11:37:30 [main] INFO  org.hibernate.dialect.Dialect - HHH000400: Using dialect: org.hibernate.dialect.MySQL8Dialect
2025-08-25 11:37:30 [main] INFO  com.zaxxer.hikari.HikariDataSource - MemorinUserPool - Starting...
2025-08-25 11:37:31 [main] ERROR com.zaxxer.hikari.pool.HikariPool - MemorinUserPool - Exception during pool initialization.
java.sql.SQLException: Access denied for user 'memorin_user'@'localhost' (using password: YES)
	at com.mysql.cj.jdbc.exceptions.SQLError.createSQLException(SQLError.java:130)
	at com.mysql.cj.jdbc.exceptions.SQLExceptionsMapping.translateException(SQLExceptionsMapping.java:122)
	at com.mysql.cj.jdbc.ConnectionImpl.createNewIO(ConnectionImpl.java:825)
	at com.mysql.cj.jdbc.ConnectionImpl.<init>(ConnectionImpl.java:446)
	at com.mysql.cj.jdbc.ConnectionImpl.getInstance(ConnectionImpl.java:239)
	at com.mysql.cj.jdbc.NonRegisteringDriver.connect(NonRegisteringDriver.java:188)
	at com.zaxxer.hikari.util.DriverDataSource.getConnection(DriverDataSource.java:138)
	at com.zaxxer.hikari.pool.PoolBase.newConnection(PoolBase.java:364)
	at com.zaxxer.hikari.pool.PoolBase.newPoolEntry(PoolBase.java:206)
	at com.zaxxer.hikari.pool.HikariPool.createPoolEntry(HikariPool.java:476)
	at com.zaxxer.hikari.pool.HikariPool.checkFailFast(HikariPool.java:561)
	at com.zaxxer.hikari.pool.HikariPool.<init>(HikariPool.java:115)
	at com.zaxxer.hikari.HikariDataSource.getConnection(HikariDataSource.java:112)
	at org.hibernate.engine.jdbc.connections.internal.DatasourceConnectionProviderImpl.getConnection(DatasourceConnectionProviderImpl.java:122)
	at org.hibernate.engine.jdbc.env.internal.JdbcEnvironmentInitiator$ConnectionProviderJdbcConnectionAccess.obtainConnection(JdbcEnvironmentInitiator.java:181)
	at org.hibernate.resource.transaction.backend.jdbc.internal.DdlTransactionIsolatorNonJtaImpl.getIsolatedConnection(DdlTransactionIsolatorNonJtaImpl.java:44)
	at org.hibernate.tool.schema.internal.exec.ImprovedExtractionContextImpl.getJdbcConnection(ImprovedExtractionContextImpl.java:63)
	at org.hibernate.tool.schema.internal.exec.ImprovedExtractionContextImpl.getJdbcDatabaseMetaData(ImprovedExtractionContextImpl.java:70)
	at org.hibernate.tool.schema.extract.internal.InformationExtractorJdbcDatabaseMetaDataImpl.processTableResultSet(InformationExtractorJdbcDatabaseMetaDataImpl.java:64)
	at org.hibernate.tool.schema.extract.internal.AbstractInformationExtractorImpl.getTables(AbstractInformationExtractorImpl.java:565)
	at org.hibernate.tool.schema.extract.internal.DatabaseInformationImpl.getTablesInformation(DatabaseInformationImpl.java:122)
	at org.hibernate.tool.schema.internal.GroupedSchemaMigratorImpl.performTablesMigration(GroupedSchemaMigratorImpl.java:68)
	at org.hibernate.tool.schema.internal.AbstractSchemaMigrator.performMigration(AbstractSchemaMigrator.java:220)
	at org.hibernate.tool.schema.internal.AbstractSchemaMigrator.doMigration(AbstractSchemaMigrator.java:123)
	at org.hibernate.tool.schema.spi.SchemaManagementToolCoordinator.performDatabaseAction(SchemaManagementToolCoordinator.java:196)
	at org.hibernate.tool.schema.spi.SchemaManagementToolCoordinator.process(SchemaManagementToolCoordinator.java:85)
	at org.hibernate.internal.SessionFactoryImpl.<init>(SessionFactoryImpl.java:335)
	at org.hibernate.boot.internal.SessionFactoryBuilderImpl.build(SessionFactoryBuilderImpl.java:471)
	at org.hibernate.jpa.boot.internal.EntityManagerFactoryBuilderImpl.build(EntityManagerFactoryBuilderImpl.java:1498)
	at org.springframework.orm.jpa.vendor.SpringHibernateJpaPersistenceProvider.createContainerEntityManagerFactory(SpringHibernateJpaPersistenceProvider.java:58)
	at org.springframework.orm.jpa.LocalContainerEntityManagerFactoryBean.createNativeEntityManagerFactory(LocalContainerEntityManagerFactoryBean.java:365)
	at org.springframework.orm.jpa.AbstractEntityManagerFactoryBean.buildNativeEntityManagerFactory(AbstractEntityManagerFactoryBean.java:409)
	at org.springframework.orm.jpa.AbstractEntityManagerFactoryBean.afterPropertiesSet(AbstractEntityManagerFactoryBean.java:396)
	at org.springframework.orm.jpa.LocalContainerEntityManagerFactoryBean.afterPropertiesSet(LocalContainerEntityManagerFactoryBean.java:341)
	at org.springframework.beans.factory.support.AbstractAutowireCapableBeanFactory.invokeInitMethods(AbstractAutowireCapableBeanFactory.java:1863)
	at org.springframework.beans.factory.support.AbstractAutowireCapableBeanFactory.initializeBean(AbstractAutowireCapableBeanFactory.java:1800)
	at org.springframework.beans.factory.support.AbstractAutowireCapableBeanFactory.doCreateBean(AbstractAutowireCapableBeanFactory.java:620)
	at org.springframework.beans.factory.support.AbstractAutowireCapableBeanFactory.createBean(AbstractAutowireCapableBeanFactory.java:542)
	at org.springframework.beans.factory.support.AbstractBeanFactory.lambda$doGetBean$0(AbstractBeanFactory.java:335)
	at org.springframework.beans.factory.support.DefaultSingletonBeanRegistry.getSingleton(DefaultSingletonBeanRegistry.java:234)
	at org.springframework.beans.factory.support.AbstractBeanFactory.doGetBean(AbstractBeanFactory.java:333)
	at org.springframework.beans.factory.support.AbstractBeanFactory.getBean(AbstractBeanFactory.java:208)
	at org.springframework.context.support.AbstractApplicationContext.getBean(AbstractApplicationContext.java:1168)
	at org.springframework.context.support.AbstractApplicationContext.finishBeanFactoryInitialization(AbstractApplicationContext.java:919)
	at org.springframework.context.support.AbstractApplicationContext.refresh(AbstractApplicationContext.java:591)
	at org.springframework.boot.web.servlet.context.ServletWebServerApplicationContext.refresh(ServletWebServerApplicationContext.java:147)
	at org.springframework.boot.SpringApplication.refresh(SpringApplication.java:732)
	at org.springframework.boot.SpringApplication.refreshContext(SpringApplication.java:409)
	at org.springframework.boot.SpringApplication.run(SpringApplication.java:308)
	at org.springframework.boot.SpringApplication.run(SpringApplication.java:1300)
	at org.springframework.boot.SpringApplication.run(SpringApplication.java:1289)
	at com.memorin.user.UserServiceApplication.main(UserServiceApplication.java:19)
2025-08-25 11:37:31 [main] WARN  o.h.e.jdbc.spi.SqlExceptionHelper - SQL Error: 1045, SQLState: 28000
2025-08-25 11:37:31 [main] ERROR o.h.e.jdbc.spi.SqlExceptionHelper - Access denied for user 'memorin_user'@'localhost' (using password: YES)
2025-08-25 11:37:31 [main] ERROR o.s.o.j.LocalContainerEntityManagerFactoryBean - Failed to initialize JPA EntityManagerFactory: [PersistenceUnit: default] Unable to build Hibernate SessionFactory; nested exception is org.hibernate.exception.GenericJDBCException: Unable to open JDBC Connection for DDL execution
2025-08-25 11:37:31 [main] WARN  o.s.b.w.s.c.AnnotationConfigServletWebServerApplicationContext - Exception encountered during context initialization - cancelling refresh attempt: org.springframework.beans.factory.BeanCreationException: Error creating bean with name 'entityManagerFactory' defined in class path resource [org/springframework/boot/autoconfigure/orm/jpa/HibernateJpaConfiguration.class]: Invocation of init method failed; nested exception is javax.persistence.PersistenceException: [PersistenceUnit: default] Unable to build Hibernate SessionFactory; nested exception is org.hibernate.exception.GenericJDBCException: Unable to open JDBC Connection for DDL execution
2025-08-25 11:37:31 [main] INFO  o.a.catalina.core.StandardService - Stopping service [Tomcat]
2025-08-25 11:37:31 [main] INFO  o.s.b.a.l.ConditionEvaluationReportLoggingListener - 

Error starting ApplicationContext. To display the conditions report re-run your application with 'debug' enabled.
2025-08-25 11:37:31 [main] ERROR o.s.boot.SpringApplication - Application run failed
org.springframework.beans.factory.BeanCreationException: Error creating bean with name 'entityManagerFactory' defined in class path resource [org/springframework/boot/autoconfigure/orm/jpa/HibernateJpaConfiguration.class]: Invocation of init method failed; nested exception is javax.persistence.PersistenceException: [PersistenceUnit: default] Unable to build Hibernate SessionFactory; nested exception is org.hibernate.exception.GenericJDBCException: Unable to open JDBC Connection for DDL execution
	at org.springframework.beans.factory.support.AbstractAutowireCapableBeanFactory.initializeBean(AbstractAutowireCapableBeanFactory.java:1804)
	at org.springframework.beans.factory.support.AbstractAutowireCapableBeanFactory.doCreateBean(AbstractAutowireCapableBeanFactory.java:620)
	at org.springframework.beans.factory.support.AbstractAutowireCapableBeanFactory.createBean(AbstractAutowireCapableBeanFactory.java:542)
	at org.springframework.beans.factory.support.AbstractBeanFactory.lambda$doGetBean$0(AbstractBeanFactory.java:335)
	at org.springframework.beans.factory.support.DefaultSingletonBeanRegistry.getSingleton(DefaultSingletonBeanRegistry.java:234)
	at org.springframework.beans.factory.support.AbstractBeanFactory.doGetBean(AbstractBeanFactory.java:333)
	at org.springframework.beans.factory.support.AbstractBeanFactory.getBean(AbstractBeanFactory.java:208)
	at org.springframework.context.support.AbstractApplicationContext.getBean(AbstractApplicationContext.java:1168)
	at org.springframework.context.support.AbstractApplicationContext.finishBeanFactoryInitialization(AbstractApplicationContext.java:919)
	at org.springframework.context.support.AbstractApplicationContext.refresh(AbstractApplicationContext.java:591)
	at org.springframework.boot.web.servlet.context.ServletWebServerApplicationContext.refresh(ServletWebServerApplicationContext.java:147)
	at org.springframework.boot.SpringApplication.refresh(SpringApplication.java:732)
	at org.springframework.boot.SpringApplication.refreshContext(SpringApplication.java:409)
	at org.springframework.boot.SpringApplication.run(SpringApplication.java:308)
	at org.springframework.boot.SpringApplication.run(SpringApplication.java:1300)
	at org.springframework.boot.SpringApplication.run(SpringApplication.java:1289)
	at com.memorin.user.UserServiceApplication.main(UserServiceApplication.java:19)
Caused by: javax.persistence.PersistenceException: [PersistenceUnit: default] Unable to build Hibernate SessionFactory; nested exception is org.hibernate.exception.GenericJDBCException: Unable to open JDBC Connection for DDL execution
	at org.springframework.orm.jpa.AbstractEntityManagerFactoryBean.buildNativeEntityManagerFactory(AbstractEntityManagerFactoryBean.java:421)
	at org.springframework.orm.jpa.AbstractEntityManagerFactoryBean.afterPropertiesSet(AbstractEntityManagerFactoryBean.java:396)
	at org.springframework.orm.jpa.LocalContainerEntityManagerFactoryBean.afterPropertiesSet(LocalContainerEntityManagerFactoryBean.java:341)
	at org.springframework.beans.factory.support.AbstractAutowireCapableBeanFactory.invokeInitMethods(AbstractAutowireCapableBeanFactory.java:1863)
	at org.springframework.beans.factory.support.AbstractAutowireCapableBeanFactory.initializeBean(AbstractAutowireCapableBeanFactory.java:1800)
	... 16 common frames omitted
Caused by: org.hibernate.exception.GenericJDBCException: Unable to open JDBC Connection for DDL execution
	at org.hibernate.exception.internal.StandardSQLExceptionConverter.convert(StandardSQLExceptionConverter.java:42)
	at org.hibernate.engine.jdbc.spi.SqlExceptionHelper.convert(SqlExceptionHelper.java:113)
	at org.hibernate.engine.jdbc.spi.SqlExceptionHelper.convert(SqlExceptionHelper.java:99)
	at org.hibernate.resource.transaction.backend.jdbc.internal.DdlTransactionIsolatorNonJtaImpl.getIsolatedConnection(DdlTransactionIsolatorNonJtaImpl.java:71)
	at org.hibernate.tool.schema.internal.exec.ImprovedExtractionContextImpl.getJdbcConnection(ImprovedExtractionContextImpl.java:63)
	at org.hibernate.tool.schema.internal.exec.ImprovedExtractionContextImpl.getJdbcDatabaseMetaData(ImprovedExtractionContextImpl.java:70)
	at org.hibernate.tool.schema.extract.internal.InformationExtractorJdbcDatabaseMetaDataImpl.processTableResultSet(InformationExtractorJdbcDatabaseMetaDataImpl.java:64)
	at org.hibernate.tool.schema.extract.internal.AbstractInformationExtractorImpl.getTables(AbstractInformationExtractorImpl.java:565)
	at org.hibernate.tool.schema.extract.internal.DatabaseInformationImpl.getTablesInformation(DatabaseInformationImpl.java:122)
	at org.hibernate.tool.schema.internal.GroupedSchemaMigratorImpl.performTablesMigration(GroupedSchemaMigratorImpl.java:68)
	at org.hibernate.tool.schema.internal.AbstractSchemaMigrator.performMigration(AbstractSchemaMigrator.java:220)
	at org.hibernate.tool.schema.internal.AbstractSchemaMigrator.doMigration(AbstractSchemaMigrator.java:123)
	at org.hibernate.tool.schema.spi.SchemaManagementToolCoordinator.performDatabaseAction(SchemaManagementToolCoordinator.java:196)
	at org.hibernate.tool.schema.spi.SchemaManagementToolCoordinator.process(SchemaManagementToolCoordinator.java:85)
	at org.hibernate.internal.SessionFactoryImpl.<init>(SessionFactoryImpl.java:335)
	at org.hibernate.boot.internal.SessionFactoryBuilderImpl.build(SessionFactoryBuilderImpl.java:471)
	at org.hibernate.jpa.boot.internal.EntityManagerFactoryBuilderImpl.build(EntityManagerFactoryBuilderImpl.java:1498)
	at org.springframework.orm.jpa.vendor.SpringHibernateJpaPersistenceProvider.createContainerEntityManagerFactory(SpringHibernateJpaPersistenceProvider.java:58)
	at org.springframework.orm.jpa.LocalContainerEntityManagerFactoryBean.createNativeEntityManagerFactory(LocalContainerEntityManagerFactoryBean.java:365)
	at org.springframework.orm.jpa.AbstractEntityManagerFactoryBean.buildNativeEntityManagerFactory(AbstractEntityManagerFactoryBean.java:409)
	... 20 common frames omitted
Caused by: java.sql.SQLException: Access denied for user 'memorin_user'@'localhost' (using password: YES)
	at com.mysql.cj.jdbc.exceptions.SQLError.createSQLException(SQLError.java:130)
	at com.mysql.cj.jdbc.exceptions.SQLExceptionsMapping.translateException(SQLExceptionsMapping.java:122)
	at com.mysql.cj.jdbc.ConnectionImpl.createNewIO(ConnectionImpl.java:825)
	at com.mysql.cj.jdbc.ConnectionImpl.<init>(ConnectionImpl.java:446)
	at com.mysql.cj.jdbc.ConnectionImpl.getInstance(ConnectionImpl.java:239)
	at com.mysql.cj.jdbc.NonRegisteringDriver.connect(NonRegisteringDriver.java:188)
	at com.zaxxer.hikari.util.DriverDataSource.getConnection(DriverDataSource.java:138)
	at com.zaxxer.hikari.pool.PoolBase.newConnection(PoolBase.java:364)
	at com.zaxxer.hikari.pool.PoolBase.newPoolEntry(PoolBase.java:206)
	at com.zaxxer.hikari.pool.HikariPool.createPoolEntry(HikariPool.java:476)
	at com.zaxxer.hikari.pool.HikariPool.checkFailFast(HikariPool.java:561)
	at com.zaxxer.hikari.pool.HikariPool.<init>(HikariPool.java:115)
	at com.zaxxer.hikari.HikariDataSource.getConnection(HikariDataSource.java:112)
	at org.hibernate.engine.jdbc.connections.internal.DatasourceConnectionProviderImpl.getConnection(DatasourceConnectionProviderImpl.java:122)
	at org.hibernate.engine.jdbc.env.internal.JdbcEnvironmentInitiator$ConnectionProviderJdbcConnectionAccess.obtainConnection(JdbcEnvironmentInitiator.java:181)
	at org.hibernate.resource.transaction.backend.jdbc.internal.DdlTransactionIsolatorNonJtaImpl.getIsolatedConnection(DdlTransactionIsolatorNonJtaImpl.java:44)
	... 36 common frames omitted
2025-08-25 11:38:24 [main] INFO  c.a.n.c.env.SearchableProperties - properties search order:PROPERTIES->JVM->ENV->DEFAULT_SETTING
2025-08-25 11:38:24 [main] INFO  c.m.user.UserServiceApplication - Starting UserServiceApplication using Java 1.8.0_451 on WIN-C3D985L1HJN with PID 22140 (D:\CODE\Memorin-rebuild\backend\memorin-user-service\target\classes started by Mechrevo in D:\CODE\Memorin-rebuild\backend\memorin-user-service)
2025-08-25 11:38:24 [main] DEBUG c.m.user.UserServiceApplication - Running with Spring Boot v2.7.18, Spring v5.3.31
2025-08-25 11:38:24 [main] INFO  c.m.user.UserServiceApplication - No active profile set, falling back to 1 default profile: "default"
2025-08-25 11:38:25 [main] INFO  o.s.d.r.c.RepositoryConfigurationDelegate - Multiple Spring Data modules found, entering strict repository configuration mode
2025-08-25 11:38:25 [main] INFO  o.s.d.r.c.RepositoryConfigurationDelegate - Bootstrapping Spring Data JPA repositories in DEFAULT mode.
2025-08-25 11:38:25 [main] INFO  o.s.d.r.c.RepositoryConfigurationDelegate - Finished Spring Data repository scanning in 30 ms. Found 1 JPA repository interfaces.
2025-08-25 11:38:25 [main] INFO  o.s.d.r.c.RepositoryConfigurationDelegate - Multiple Spring Data modules found, entering strict repository configuration mode
2025-08-25 11:38:25 [main] INFO  o.s.d.r.c.RepositoryConfigurationDelegate - Bootstrapping Spring Data Redis repositories in DEFAULT mode.
2025-08-25 11:38:25 [main] INFO  o.s.d.r.c.RepositoryConfigurationExtensionSupport - Spring Data Redis - Could not safely identify store assignment for repository candidate interface com.memorin.user.repository.UserRepository; If you want this repository to be a Redis repository, consider annotating your entities with one of these annotations: org.springframework.data.redis.core.RedisHash (preferred), or consider extending one of the following types with your repository: org.springframework.data.keyvalue.repository.KeyValueRepository
2025-08-25 11:38:25 [main] INFO  o.s.d.r.c.RepositoryConfigurationDelegate - Finished Spring Data repository scanning in 3 ms. Found 0 Redis repository interfaces.
2025-08-25 11:38:25 [main] INFO  o.s.cloud.context.scope.GenericScope - BeanFactory id=54e36200-5f1e-3737-846c-48cc76e1cf23
2025-08-25 11:38:25 [main] INFO  o.s.b.w.e.tomcat.TomcatWebServer - Tomcat initialized with port(s): 8081 (http)
2025-08-25 11:38:25 [main] INFO  o.a.catalina.core.StandardService - Starting service [Tomcat]
2025-08-25 11:38:25 [main] INFO  o.a.catalina.core.StandardEngine - Starting Servlet engine: [Apache Tomcat/9.0.83]
2025-08-25 11:38:25 [main] INFO  o.a.c.c.C.[Tomcat].[localhost].[/] - Initializing Spring embedded WebApplicationContext
2025-08-25 11:38:25 [main] INFO  o.s.b.w.s.c.ServletWebServerApplicationContext - Root WebApplicationContext: initialization completed in 1216 ms
2025-08-25 11:38:26 [main] INFO  o.h.jpa.internal.util.LogHelper - HHH000204: Processing PersistenceUnitInfo [name: default]
2025-08-25 11:38:26 [main] INFO  org.hibernate.Version - HHH000412: Hibernate ORM core version 5.6.15.Final
2025-08-25 11:38:26 [main] INFO  o.h.annotations.common.Version - HCANN000001: Hibernate Commons Annotations {5.1.2.Final}
2025-08-25 11:38:26 [main] INFO  com.zaxxer.hikari.HikariDataSource - MemorinUserPool - Starting...
2025-08-25 11:38:27 [main] ERROR com.zaxxer.hikari.pool.HikariPool - MemorinUserPool - Exception during pool initialization.
java.sql.SQLException: Access denied for user 'memorin_user'@'localhost' (using password: YES)
	at com.mysql.cj.jdbc.exceptions.SQLError.createSQLException(SQLError.java:130)
	at com.mysql.cj.jdbc.exceptions.SQLExceptionsMapping.translateException(SQLExceptionsMapping.java:122)
	at com.mysql.cj.jdbc.ConnectionImpl.createNewIO(ConnectionImpl.java:825)
	at com.mysql.cj.jdbc.ConnectionImpl.<init>(ConnectionImpl.java:446)
	at com.mysql.cj.jdbc.ConnectionImpl.getInstance(ConnectionImpl.java:239)
	at com.mysql.cj.jdbc.NonRegisteringDriver.connect(NonRegisteringDriver.java:188)
	at com.zaxxer.hikari.util.DriverDataSource.getConnection(DriverDataSource.java:138)
	at com.zaxxer.hikari.pool.PoolBase.newConnection(PoolBase.java:364)
	at com.zaxxer.hikari.pool.PoolBase.newPoolEntry(PoolBase.java:206)
	at com.zaxxer.hikari.pool.HikariPool.createPoolEntry(HikariPool.java:476)
	at com.zaxxer.hikari.pool.HikariPool.checkFailFast(HikariPool.java:561)
	at com.zaxxer.hikari.pool.HikariPool.<init>(HikariPool.java:115)
	at com.zaxxer.hikari.HikariDataSource.getConnection(HikariDataSource.java:112)
	at org.hibernate.engine.jdbc.connections.internal.DatasourceConnectionProviderImpl.getConnection(DatasourceConnectionProviderImpl.java:122)
	at org.hibernate.engine.jdbc.env.internal.JdbcEnvironmentInitiator$ConnectionProviderJdbcConnectionAccess.obtainConnection(JdbcEnvironmentInitiator.java:181)
	at org.hibernate.engine.jdbc.env.internal.JdbcEnvironmentInitiator.initiateService(JdbcEnvironmentInitiator.java:68)
	at org.hibernate.engine.jdbc.env.internal.JdbcEnvironmentInitiator.initiateService(JdbcEnvironmentInitiator.java:35)
	at org.hibernate.boot.registry.internal.StandardServiceRegistryImpl.initiateService(StandardServiceRegistryImpl.java:101)
	at org.hibernate.service.internal.AbstractServiceRegistryImpl.createService(AbstractServiceRegistryImpl.java:272)
	at org.hibernate.service.internal.AbstractServiceRegistryImpl.initializeService(AbstractServiceRegistryImpl.java:246)
	at org.hibernate.service.internal.AbstractServiceRegistryImpl.getService(AbstractServiceRegistryImpl.java:223)
	at org.hibernate.id.factory.internal.DefaultIdentifierGeneratorFactory.injectServices(DefaultIdentifierGeneratorFactory.java:175)
	at org.hibernate.service.internal.AbstractServiceRegistryImpl.injectDependencies(AbstractServiceRegistryImpl.java:295)
	at org.hibernate.service.internal.AbstractServiceRegistryImpl.initializeService(AbstractServiceRegistryImpl.java:252)
	at org.hibernate.service.internal.AbstractServiceRegistryImpl.getService(AbstractServiceRegistryImpl.java:223)
	at org.hibernate.boot.internal.InFlightMetadataCollectorImpl.<init>(InFlightMetadataCollectorImpl.java:173)
	at org.hibernate.boot.model.process.spi.MetadataBuildingProcess.complete(MetadataBuildingProcess.java:127)
	at org.hibernate.jpa.boot.internal.EntityManagerFactoryBuilderImpl.metadata(EntityManagerFactoryBuilderImpl.java:1460)
	at org.hibernate.jpa.boot.internal.EntityManagerFactoryBuilderImpl.build(EntityManagerFactoryBuilderImpl.java:1494)
	at org.springframework.orm.jpa.vendor.SpringHibernateJpaPersistenceProvider.createContainerEntityManagerFactory(SpringHibernateJpaPersistenceProvider.java:58)
	at org.springframework.orm.jpa.LocalContainerEntityManagerFactoryBean.createNativeEntityManagerFactory(LocalContainerEntityManagerFactoryBean.java:365)
	at org.springframework.orm.jpa.AbstractEntityManagerFactoryBean.buildNativeEntityManagerFactory(AbstractEntityManagerFactoryBean.java:409)
	at org.springframework.orm.jpa.AbstractEntityManagerFactoryBean.afterPropertiesSet(AbstractEntityManagerFactoryBean.java:396)
	at org.springframework.orm.jpa.LocalContainerEntityManagerFactoryBean.afterPropertiesSet(LocalContainerEntityManagerFactoryBean.java:341)
	at org.springframework.beans.factory.support.AbstractAutowireCapableBeanFactory.invokeInitMethods(AbstractAutowireCapableBeanFactory.java:1863)
	at org.springframework.beans.factory.support.AbstractAutowireCapableBeanFactory.initializeBean(AbstractAutowireCapableBeanFactory.java:1800)
	at org.springframework.beans.factory.support.AbstractAutowireCapableBeanFactory.doCreateBean(AbstractAutowireCapableBeanFactory.java:620)
	at org.springframework.beans.factory.support.AbstractAutowireCapableBeanFactory.createBean(AbstractAutowireCapableBeanFactory.java:542)
	at org.springframework.beans.factory.support.AbstractBeanFactory.lambda$doGetBean$0(AbstractBeanFactory.java:335)
	at org.springframework.beans.factory.support.DefaultSingletonBeanRegistry.getSingleton(DefaultSingletonBeanRegistry.java:234)
	at org.springframework.beans.factory.support.AbstractBeanFactory.doGetBean(AbstractBeanFactory.java:333)
	at org.springframework.beans.factory.support.AbstractBeanFactory.getBean(AbstractBeanFactory.java:208)
	at org.springframework.context.support.AbstractApplicationContext.getBean(AbstractApplicationContext.java:1168)
	at org.springframework.context.support.AbstractApplicationContext.finishBeanFactoryInitialization(AbstractApplicationContext.java:919)
	at org.springframework.context.support.AbstractApplicationContext.refresh(AbstractApplicationContext.java:591)
	at org.springframework.boot.web.servlet.context.ServletWebServerApplicationContext.refresh(ServletWebServerApplicationContext.java:147)
	at org.springframework.boot.SpringApplication.refresh(SpringApplication.java:732)
	at org.springframework.boot.SpringApplication.refreshContext(SpringApplication.java:409)
	at org.springframework.boot.SpringApplication.run(SpringApplication.java:308)
	at org.springframework.boot.SpringApplication.run(SpringApplication.java:1300)
	at org.springframework.boot.SpringApplication.run(SpringApplication.java:1289)
	at com.memorin.user.UserServiceApplication.main(UserServiceApplication.java:19)
2025-08-25 11:38:27 [main] WARN  o.h.e.j.e.i.JdbcEnvironmentInitiator - HHH000342: Could not obtain connection to query metadata
java.sql.SQLException: Access denied for user 'memorin_user'@'localhost' (using password: YES)
	at com.mysql.cj.jdbc.exceptions.SQLError.createSQLException(SQLError.java:130)
	at com.mysql.cj.jdbc.exceptions.SQLExceptionsMapping.translateException(SQLExceptionsMapping.java:122)
	at com.mysql.cj.jdbc.ConnectionImpl.createNewIO(ConnectionImpl.java:825)
	at com.mysql.cj.jdbc.ConnectionImpl.<init>(ConnectionImpl.java:446)
	at com.mysql.cj.jdbc.ConnectionImpl.getInstance(ConnectionImpl.java:239)
	at com.mysql.cj.jdbc.NonRegisteringDriver.connect(NonRegisteringDriver.java:188)
	at com.zaxxer.hikari.util.DriverDataSource.getConnection(DriverDataSource.java:138)
	at com.zaxxer.hikari.pool.PoolBase.newConnection(PoolBase.java:364)
	at com.zaxxer.hikari.pool.PoolBase.newPoolEntry(PoolBase.java:206)
	at com.zaxxer.hikari.pool.HikariPool.createPoolEntry(HikariPool.java:476)
	at com.zaxxer.hikari.pool.HikariPool.checkFailFast(HikariPool.java:561)
	at com.zaxxer.hikari.pool.HikariPool.<init>(HikariPool.java:115)
	at com.zaxxer.hikari.HikariDataSource.getConnection(HikariDataSource.java:112)
	at org.hibernate.engine.jdbc.connections.internal.DatasourceConnectionProviderImpl.getConnection(DatasourceConnectionProviderImpl.java:122)
	at org.hibernate.engine.jdbc.env.internal.JdbcEnvironmentInitiator$ConnectionProviderJdbcConnectionAccess.obtainConnection(JdbcEnvironmentInitiator.java:181)
	at org.hibernate.engine.jdbc.env.internal.JdbcEnvironmentInitiator.initiateService(JdbcEnvironmentInitiator.java:68)
	at org.hibernate.engine.jdbc.env.internal.JdbcEnvironmentInitiator.initiateService(JdbcEnvironmentInitiator.java:35)
	at org.hibernate.boot.registry.internal.StandardServiceRegistryImpl.initiateService(StandardServiceRegistryImpl.java:101)
	at org.hibernate.service.internal.AbstractServiceRegistryImpl.createService(AbstractServiceRegistryImpl.java:272)
	at org.hibernate.service.internal.AbstractServiceRegistryImpl.initializeService(AbstractServiceRegistryImpl.java:246)
	at org.hibernate.service.internal.AbstractServiceRegistryImpl.getService(AbstractServiceRegistryImpl.java:223)
	at org.hibernate.id.factory.internal.DefaultIdentifierGeneratorFactory.injectServices(DefaultIdentifierGeneratorFactory.java:175)
	at org.hibernate.service.internal.AbstractServiceRegistryImpl.injectDependencies(AbstractServiceRegistryImpl.java:295)
	at org.hibernate.service.internal.AbstractServiceRegistryImpl.initializeService(AbstractServiceRegistryImpl.java:252)
	at org.hibernate.service.internal.AbstractServiceRegistryImpl.getService(AbstractServiceRegistryImpl.java:223)
	at org.hibernate.boot.internal.InFlightMetadataCollectorImpl.<init>(InFlightMetadataCollectorImpl.java:173)
	at org.hibernate.boot.model.process.spi.MetadataBuildingProcess.complete(MetadataBuildingProcess.java:127)
	at org.hibernate.jpa.boot.internal.EntityManagerFactoryBuilderImpl.metadata(EntityManagerFactoryBuilderImpl.java:1460)
	at org.hibernate.jpa.boot.internal.EntityManagerFactoryBuilderImpl.build(EntityManagerFactoryBuilderImpl.java:1494)
	at org.springframework.orm.jpa.vendor.SpringHibernateJpaPersistenceProvider.createContainerEntityManagerFactory(SpringHibernateJpaPersistenceProvider.java:58)
	at org.springframework.orm.jpa.LocalContainerEntityManagerFactoryBean.createNativeEntityManagerFactory(LocalContainerEntityManagerFactoryBean.java:365)
	at org.springframework.orm.jpa.AbstractEntityManagerFactoryBean.buildNativeEntityManagerFactory(AbstractEntityManagerFactoryBean.java:409)
	at org.springframework.orm.jpa.AbstractEntityManagerFactoryBean.afterPropertiesSet(AbstractEntityManagerFactoryBean.java:396)
	at org.springframework.orm.jpa.LocalContainerEntityManagerFactoryBean.afterPropertiesSet(LocalContainerEntityManagerFactoryBean.java:341)
	at org.springframework.beans.factory.support.AbstractAutowireCapableBeanFactory.invokeInitMethods(AbstractAutowireCapableBeanFactory.java:1863)
	at org.springframework.beans.factory.support.AbstractAutowireCapableBeanFactory.initializeBean(AbstractAutowireCapableBeanFactory.java:1800)
	at org.springframework.beans.factory.support.AbstractAutowireCapableBeanFactory.doCreateBean(AbstractAutowireCapableBeanFactory.java:620)
	at org.springframework.beans.factory.support.AbstractAutowireCapableBeanFactory.createBean(AbstractAutowireCapableBeanFactory.java:542)
	at org.springframework.beans.factory.support.AbstractBeanFactory.lambda$doGetBean$0(AbstractBeanFactory.java:335)
	at org.springframework.beans.factory.support.DefaultSingletonBeanRegistry.getSingleton(DefaultSingletonBeanRegistry.java:234)
	at org.springframework.beans.factory.support.AbstractBeanFactory.doGetBean(AbstractBeanFactory.java:333)
	at org.springframework.beans.factory.support.AbstractBeanFactory.getBean(AbstractBeanFactory.java:208)
	at org.springframework.context.support.AbstractApplicationContext.getBean(AbstractApplicationContext.java:1168)
	at org.springframework.context.support.AbstractApplicationContext.finishBeanFactoryInitialization(AbstractApplicationContext.java:919)
	at org.springframework.context.support.AbstractApplicationContext.refresh(AbstractApplicationContext.java:591)
	at org.springframework.boot.web.servlet.context.ServletWebServerApplicationContext.refresh(ServletWebServerApplicationContext.java:147)
	at org.springframework.boot.SpringApplication.refresh(SpringApplication.java:732)
	at org.springframework.boot.SpringApplication.refreshContext(SpringApplication.java:409)
	at org.springframework.boot.SpringApplication.run(SpringApplication.java:308)
	at org.springframework.boot.SpringApplication.run(SpringApplication.java:1300)
	at org.springframework.boot.SpringApplication.run(SpringApplication.java:1289)
	at com.memorin.user.UserServiceApplication.main(UserServiceApplication.java:19)
2025-08-25 11:38:27 [main] INFO  org.hibernate.dialect.Dialect - HHH000400: Using dialect: org.hibernate.dialect.MySQL8Dialect
2025-08-25 11:38:27 [main] INFO  com.zaxxer.hikari.HikariDataSource - MemorinUserPool - Starting...
2025-08-25 11:38:28 [main] ERROR com.zaxxer.hikari.pool.HikariPool - MemorinUserPool - Exception during pool initialization.
java.sql.SQLException: Access denied for user 'memorin_user'@'localhost' (using password: YES)
	at com.mysql.cj.jdbc.exceptions.SQLError.createSQLException(SQLError.java:130)
	at com.mysql.cj.jdbc.exceptions.SQLExceptionsMapping.translateException(SQLExceptionsMapping.java:122)
	at com.mysql.cj.jdbc.ConnectionImpl.createNewIO(ConnectionImpl.java:825)
	at com.mysql.cj.jdbc.ConnectionImpl.<init>(ConnectionImpl.java:446)
	at com.mysql.cj.jdbc.ConnectionImpl.getInstance(ConnectionImpl.java:239)
	at com.mysql.cj.jdbc.NonRegisteringDriver.connect(NonRegisteringDriver.java:188)
	at com.zaxxer.hikari.util.DriverDataSource.getConnection(DriverDataSource.java:138)
	at com.zaxxer.hikari.pool.PoolBase.newConnection(PoolBase.java:364)
	at com.zaxxer.hikari.pool.PoolBase.newPoolEntry(PoolBase.java:206)
	at com.zaxxer.hikari.pool.HikariPool.createPoolEntry(HikariPool.java:476)
	at com.zaxxer.hikari.pool.HikariPool.checkFailFast(HikariPool.java:561)
	at com.zaxxer.hikari.pool.HikariPool.<init>(HikariPool.java:115)
	at com.zaxxer.hikari.HikariDataSource.getConnection(HikariDataSource.java:112)
	at org.hibernate.engine.jdbc.connections.internal.DatasourceConnectionProviderImpl.getConnection(DatasourceConnectionProviderImpl.java:122)
	at org.hibernate.engine.jdbc.env.internal.JdbcEnvironmentInitiator$ConnectionProviderJdbcConnectionAccess.obtainConnection(JdbcEnvironmentInitiator.java:181)
	at org.hibernate.resource.transaction.backend.jdbc.internal.DdlTransactionIsolatorNonJtaImpl.getIsolatedConnection(DdlTransactionIsolatorNonJtaImpl.java:44)
	at org.hibernate.tool.schema.internal.exec.ImprovedExtractionContextImpl.getJdbcConnection(ImprovedExtractionContextImpl.java:63)
	at org.hibernate.tool.schema.internal.exec.ImprovedExtractionContextImpl.getJdbcDatabaseMetaData(ImprovedExtractionContextImpl.java:70)
	at org.hibernate.tool.schema.extract.internal.InformationExtractorJdbcDatabaseMetaDataImpl.processTableResultSet(InformationExtractorJdbcDatabaseMetaDataImpl.java:64)
	at org.hibernate.tool.schema.extract.internal.AbstractInformationExtractorImpl.getTables(AbstractInformationExtractorImpl.java:565)
	at org.hibernate.tool.schema.extract.internal.DatabaseInformationImpl.getTablesInformation(DatabaseInformationImpl.java:122)
	at org.hibernate.tool.schema.internal.GroupedSchemaMigratorImpl.performTablesMigration(GroupedSchemaMigratorImpl.java:68)
	at org.hibernate.tool.schema.internal.AbstractSchemaMigrator.performMigration(AbstractSchemaMigrator.java:220)
	at org.hibernate.tool.schema.internal.AbstractSchemaMigrator.doMigration(AbstractSchemaMigrator.java:123)
	at org.hibernate.tool.schema.spi.SchemaManagementToolCoordinator.performDatabaseAction(SchemaManagementToolCoordinator.java:196)
	at org.hibernate.tool.schema.spi.SchemaManagementToolCoordinator.process(SchemaManagementToolCoordinator.java:85)
	at org.hibernate.internal.SessionFactoryImpl.<init>(SessionFactoryImpl.java:335)
	at org.hibernate.boot.internal.SessionFactoryBuilderImpl.build(SessionFactoryBuilderImpl.java:471)
	at org.hibernate.jpa.boot.internal.EntityManagerFactoryBuilderImpl.build(EntityManagerFactoryBuilderImpl.java:1498)
	at org.springframework.orm.jpa.vendor.SpringHibernateJpaPersistenceProvider.createContainerEntityManagerFactory(SpringHibernateJpaPersistenceProvider.java:58)
	at org.springframework.orm.jpa.LocalContainerEntityManagerFactoryBean.createNativeEntityManagerFactory(LocalContainerEntityManagerFactoryBean.java:365)
	at org.springframework.orm.jpa.AbstractEntityManagerFactoryBean.buildNativeEntityManagerFactory(AbstractEntityManagerFactoryBean.java:409)
	at org.springframework.orm.jpa.AbstractEntityManagerFactoryBean.afterPropertiesSet(AbstractEntityManagerFactoryBean.java:396)
	at org.springframework.orm.jpa.LocalContainerEntityManagerFactoryBean.afterPropertiesSet(LocalContainerEntityManagerFactoryBean.java:341)
	at org.springframework.beans.factory.support.AbstractAutowireCapableBeanFactory.invokeInitMethods(AbstractAutowireCapableBeanFactory.java:1863)
	at org.springframework.beans.factory.support.AbstractAutowireCapableBeanFactory.initializeBean(AbstractAutowireCapableBeanFactory.java:1800)
	at org.springframework.beans.factory.support.AbstractAutowireCapableBeanFactory.doCreateBean(AbstractAutowireCapableBeanFactory.java:620)
	at org.springframework.beans.factory.support.AbstractAutowireCapableBeanFactory.createBean(AbstractAutowireCapableBeanFactory.java:542)
	at org.springframework.beans.factory.support.AbstractBeanFactory.lambda$doGetBean$0(AbstractBeanFactory.java:335)
	at org.springframework.beans.factory.support.DefaultSingletonBeanRegistry.getSingleton(DefaultSingletonBeanRegistry.java:234)
	at org.springframework.beans.factory.support.AbstractBeanFactory.doGetBean(AbstractBeanFactory.java:333)
	at org.springframework.beans.factory.support.AbstractBeanFactory.getBean(AbstractBeanFactory.java:208)
	at org.springframework.context.support.AbstractApplicationContext.getBean(AbstractApplicationContext.java:1168)
	at org.springframework.context.support.AbstractApplicationContext.finishBeanFactoryInitialization(AbstractApplicationContext.java:919)
	at org.springframework.context.support.AbstractApplicationContext.refresh(AbstractApplicationContext.java:591)
	at org.springframework.boot.web.servlet.context.ServletWebServerApplicationContext.refresh(ServletWebServerApplicationContext.java:147)
	at org.springframework.boot.SpringApplication.refresh(SpringApplication.java:732)
	at org.springframework.boot.SpringApplication.refreshContext(SpringApplication.java:409)
	at org.springframework.boot.SpringApplication.run(SpringApplication.java:308)
	at org.springframework.boot.SpringApplication.run(SpringApplication.java:1300)
	at org.springframework.boot.SpringApplication.run(SpringApplication.java:1289)
	at com.memorin.user.UserServiceApplication.main(UserServiceApplication.java:19)
2025-08-25 11:38:28 [main] WARN  o.h.e.jdbc.spi.SqlExceptionHelper - SQL Error: 1045, SQLState: 28000
2025-08-25 11:38:28 [main] ERROR o.h.e.jdbc.spi.SqlExceptionHelper - Access denied for user 'memorin_user'@'localhost' (using password: YES)
2025-08-25 11:38:28 [main] ERROR o.s.o.j.LocalContainerEntityManagerFactoryBean - Failed to initialize JPA EntityManagerFactory: [PersistenceUnit: default] Unable to build Hibernate SessionFactory; nested exception is org.hibernate.exception.GenericJDBCException: Unable to open JDBC Connection for DDL execution
2025-08-25 11:38:28 [main] WARN  o.s.b.w.s.c.AnnotationConfigServletWebServerApplicationContext - Exception encountered during context initialization - cancelling refresh attempt: org.springframework.beans.factory.BeanCreationException: Error creating bean with name 'entityManagerFactory' defined in class path resource [org/springframework/boot/autoconfigure/orm/jpa/HibernateJpaConfiguration.class]: Invocation of init method failed; nested exception is javax.persistence.PersistenceException: [PersistenceUnit: default] Unable to build Hibernate SessionFactory; nested exception is org.hibernate.exception.GenericJDBCException: Unable to open JDBC Connection for DDL execution
2025-08-25 11:38:28 [main] INFO  o.a.catalina.core.StandardService - Stopping service [Tomcat]
2025-08-25 11:38:28 [main] INFO  o.s.b.a.l.ConditionEvaluationReportLoggingListener - 

Error starting ApplicationContext. To display the conditions report re-run your application with 'debug' enabled.
2025-08-25 11:38:28 [main] ERROR o.s.boot.SpringApplication - Application run failed
org.springframework.beans.factory.BeanCreationException: Error creating bean with name 'entityManagerFactory' defined in class path resource [org/springframework/boot/autoconfigure/orm/jpa/HibernateJpaConfiguration.class]: Invocation of init method failed; nested exception is javax.persistence.PersistenceException: [PersistenceUnit: default] Unable to build Hibernate SessionFactory; nested exception is org.hibernate.exception.GenericJDBCException: Unable to open JDBC Connection for DDL execution
	at org.springframework.beans.factory.support.AbstractAutowireCapableBeanFactory.initializeBean(AbstractAutowireCapableBeanFactory.java:1804)
	at org.springframework.beans.factory.support.AbstractAutowireCapableBeanFactory.doCreateBean(AbstractAutowireCapableBeanFactory.java:620)
	at org.springframework.beans.factory.support.AbstractAutowireCapableBeanFactory.createBean(AbstractAutowireCapableBeanFactory.java:542)
	at org.springframework.beans.factory.support.AbstractBeanFactory.lambda$doGetBean$0(AbstractBeanFactory.java:335)
	at org.springframework.beans.factory.support.DefaultSingletonBeanRegistry.getSingleton(DefaultSingletonBeanRegistry.java:234)
	at org.springframework.beans.factory.support.AbstractBeanFactory.doGetBean(AbstractBeanFactory.java:333)
	at org.springframework.beans.factory.support.AbstractBeanFactory.getBean(AbstractBeanFactory.java:208)
	at org.springframework.context.support.AbstractApplicationContext.getBean(AbstractApplicationContext.java:1168)
	at org.springframework.context.support.AbstractApplicationContext.finishBeanFactoryInitialization(AbstractApplicationContext.java:919)
	at org.springframework.context.support.AbstractApplicationContext.refresh(AbstractApplicationContext.java:591)
	at org.springframework.boot.web.servlet.context.ServletWebServerApplicationContext.refresh(ServletWebServerApplicationContext.java:147)
	at org.springframework.boot.SpringApplication.refresh(SpringApplication.java:732)
	at org.springframework.boot.SpringApplication.refreshContext(SpringApplication.java:409)
	at org.springframework.boot.SpringApplication.run(SpringApplication.java:308)
	at org.springframework.boot.SpringApplication.run(SpringApplication.java:1300)
	at org.springframework.boot.SpringApplication.run(SpringApplication.java:1289)
	at com.memorin.user.UserServiceApplication.main(UserServiceApplication.java:19)
Caused by: javax.persistence.PersistenceException: [PersistenceUnit: default] Unable to build Hibernate SessionFactory; nested exception is org.hibernate.exception.GenericJDBCException: Unable to open JDBC Connection for DDL execution
	at org.springframework.orm.jpa.AbstractEntityManagerFactoryBean.buildNativeEntityManagerFactory(AbstractEntityManagerFactoryBean.java:421)
	at org.springframework.orm.jpa.AbstractEntityManagerFactoryBean.afterPropertiesSet(AbstractEntityManagerFactoryBean.java:396)
	at org.springframework.orm.jpa.LocalContainerEntityManagerFactoryBean.afterPropertiesSet(LocalContainerEntityManagerFactoryBean.java:341)
	at org.springframework.beans.factory.support.AbstractAutowireCapableBeanFactory.invokeInitMethods(AbstractAutowireCapableBeanFactory.java:1863)
	at org.springframework.beans.factory.support.AbstractAutowireCapableBeanFactory.initializeBean(AbstractAutowireCapableBeanFactory.java:1800)
	... 16 common frames omitted
Caused by: org.hibernate.exception.GenericJDBCException: Unable to open JDBC Connection for DDL execution
	at org.hibernate.exception.internal.StandardSQLExceptionConverter.convert(StandardSQLExceptionConverter.java:42)
	at org.hibernate.engine.jdbc.spi.SqlExceptionHelper.convert(SqlExceptionHelper.java:113)
	at org.hibernate.engine.jdbc.spi.SqlExceptionHelper.convert(SqlExceptionHelper.java:99)
	at org.hibernate.resource.transaction.backend.jdbc.internal.DdlTransactionIsolatorNonJtaImpl.getIsolatedConnection(DdlTransactionIsolatorNonJtaImpl.java:71)
	at org.hibernate.tool.schema.internal.exec.ImprovedExtractionContextImpl.getJdbcConnection(ImprovedExtractionContextImpl.java:63)
	at org.hibernate.tool.schema.internal.exec.ImprovedExtractionContextImpl.getJdbcDatabaseMetaData(ImprovedExtractionContextImpl.java:70)
	at org.hibernate.tool.schema.extract.internal.InformationExtractorJdbcDatabaseMetaDataImpl.processTableResultSet(InformationExtractorJdbcDatabaseMetaDataImpl.java:64)
	at org.hibernate.tool.schema.extract.internal.AbstractInformationExtractorImpl.getTables(AbstractInformationExtractorImpl.java:565)
	at org.hibernate.tool.schema.extract.internal.DatabaseInformationImpl.getTablesInformation(DatabaseInformationImpl.java:122)
	at org.hibernate.tool.schema.internal.GroupedSchemaMigratorImpl.performTablesMigration(GroupedSchemaMigratorImpl.java:68)
	at org.hibernate.tool.schema.internal.AbstractSchemaMigrator.performMigration(AbstractSchemaMigrator.java:220)
	at org.hibernate.tool.schema.internal.AbstractSchemaMigrator.doMigration(AbstractSchemaMigrator.java:123)
	at org.hibernate.tool.schema.spi.SchemaManagementToolCoordinator.performDatabaseAction(SchemaManagementToolCoordinator.java:196)
	at org.hibernate.tool.schema.spi.SchemaManagementToolCoordinator.process(SchemaManagementToolCoordinator.java:85)
	at org.hibernate.internal.SessionFactoryImpl.<init>(SessionFactoryImpl.java:335)
	at org.hibernate.boot.internal.SessionFactoryBuilderImpl.build(SessionFactoryBuilderImpl.java:471)
	at org.hibernate.jpa.boot.internal.EntityManagerFactoryBuilderImpl.build(EntityManagerFactoryBuilderImpl.java:1498)
	at org.springframework.orm.jpa.vendor.SpringHibernateJpaPersistenceProvider.createContainerEntityManagerFactory(SpringHibernateJpaPersistenceProvider.java:58)
	at org.springframework.orm.jpa.LocalContainerEntityManagerFactoryBean.createNativeEntityManagerFactory(LocalContainerEntityManagerFactoryBean.java:365)
	at org.springframework.orm.jpa.AbstractEntityManagerFactoryBean.buildNativeEntityManagerFactory(AbstractEntityManagerFactoryBean.java:409)
	... 20 common frames omitted
Caused by: java.sql.SQLException: Access denied for user 'memorin_user'@'localhost' (using password: YES)
	at com.mysql.cj.jdbc.exceptions.SQLError.createSQLException(SQLError.java:130)
	at com.mysql.cj.jdbc.exceptions.SQLExceptionsMapping.translateException(SQLExceptionsMapping.java:122)
	at com.mysql.cj.jdbc.ConnectionImpl.createNewIO(ConnectionImpl.java:825)
	at com.mysql.cj.jdbc.ConnectionImpl.<init>(ConnectionImpl.java:446)
	at com.mysql.cj.jdbc.ConnectionImpl.getInstance(ConnectionImpl.java:239)
	at com.mysql.cj.jdbc.NonRegisteringDriver.connect(NonRegisteringDriver.java:188)
	at com.zaxxer.hikari.util.DriverDataSource.getConnection(DriverDataSource.java:138)
	at com.zaxxer.hikari.pool.PoolBase.newConnection(PoolBase.java:364)
	at com.zaxxer.hikari.pool.PoolBase.newPoolEntry(PoolBase.java:206)
	at com.zaxxer.hikari.pool.HikariPool.createPoolEntry(HikariPool.java:476)
	at com.zaxxer.hikari.pool.HikariPool.checkFailFast(HikariPool.java:561)
	at com.zaxxer.hikari.pool.HikariPool.<init>(HikariPool.java:115)
	at com.zaxxer.hikari.HikariDataSource.getConnection(HikariDataSource.java:112)
	at org.hibernate.engine.jdbc.connections.internal.DatasourceConnectionProviderImpl.getConnection(DatasourceConnectionProviderImpl.java:122)
	at org.hibernate.engine.jdbc.env.internal.JdbcEnvironmentInitiator$ConnectionProviderJdbcConnectionAccess.obtainConnection(JdbcEnvironmentInitiator.java:181)
	at org.hibernate.resource.transaction.backend.jdbc.internal.DdlTransactionIsolatorNonJtaImpl.getIsolatedConnection(DdlTransactionIsolatorNonJtaImpl.java:44)
	... 36 common frames omitted
2025-08-25 11:41:16 [main] INFO  c.a.n.c.env.SearchableProperties - properties search order:PROPERTIES->JVM->ENV->DEFAULT_SETTING
2025-08-25 11:41:16 [main] INFO  c.m.user.UserServiceApplication - Starting UserServiceApplication using Java 1.8.0_451 on WIN-C3D985L1HJN with PID 59960 (D:\CODE\Memorin-rebuild\backend\memorin-user-service\target\classes started by Mechrevo in D:\CODE\Memorin-rebuild\backend\memorin-user-service)
2025-08-25 11:41:16 [main] DEBUG c.m.user.UserServiceApplication - Running with Spring Boot v2.7.18, Spring v5.3.31
2025-08-25 11:41:16 [main] INFO  c.m.user.UserServiceApplication - The following 1 profile is active: "dev"
2025-08-25 11:41:16 [main] INFO  o.s.d.r.c.RepositoryConfigurationDelegate - Multiple Spring Data modules found, entering strict repository configuration mode
2025-08-25 11:41:16 [main] INFO  o.s.d.r.c.RepositoryConfigurationDelegate - Bootstrapping Spring Data JPA repositories in DEFAULT mode.
2025-08-25 11:41:16 [main] INFO  o.s.d.r.c.RepositoryConfigurationDelegate - Finished Spring Data repository scanning in 27 ms. Found 1 JPA repository interfaces.
2025-08-25 11:41:16 [main] INFO  o.s.d.r.c.RepositoryConfigurationDelegate - Multiple Spring Data modules found, entering strict repository configuration mode
2025-08-25 11:41:16 [main] INFO  o.s.d.r.c.RepositoryConfigurationDelegate - Bootstrapping Spring Data Redis repositories in DEFAULT mode.
2025-08-25 11:41:16 [main] INFO  o.s.d.r.c.RepositoryConfigurationExtensionSupport - Spring Data Redis - Could not safely identify store assignment for repository candidate interface com.memorin.user.repository.UserRepository; If you want this repository to be a Redis repository, consider annotating your entities with one of these annotations: org.springframework.data.redis.core.RedisHash (preferred), or consider extending one of the following types with your repository: org.springframework.data.keyvalue.repository.KeyValueRepository
2025-08-25 11:41:16 [main] INFO  o.s.d.r.c.RepositoryConfigurationDelegate - Finished Spring Data repository scanning in 3 ms. Found 0 Redis repository interfaces.
2025-08-25 11:41:17 [main] INFO  o.s.cloud.context.scope.GenericScope - BeanFactory id=847b2454-ed8f-32e9-9e5b-27308abbec6b
2025-08-25 11:41:17 [main] INFO  o.s.b.w.e.tomcat.TomcatWebServer - Tomcat initialized with port(s): 8081 (http)
2025-08-25 11:41:17 [main] INFO  o.a.catalina.core.StandardService - Starting service [Tomcat]
2025-08-25 11:41:17 [main] INFO  o.a.catalina.core.StandardEngine - Starting Servlet engine: [Apache Tomcat/9.0.83]
2025-08-25 11:41:17 [main] INFO  o.a.c.c.C.[Tomcat].[localhost].[/] - Initializing Spring embedded WebApplicationContext
2025-08-25 11:41:17 [main] INFO  o.s.b.w.s.c.ServletWebServerApplicationContext - Root WebApplicationContext: initialization completed in 1191 ms
2025-08-25 11:41:17 [main] INFO  com.zaxxer.hikari.HikariDataSource - MemorinUserPool - Starting...
2025-08-25 11:41:17 [main] INFO  com.zaxxer.hikari.HikariDataSource - MemorinUserPool - Start completed.
2025-08-25 11:41:17 [main] INFO  o.s.b.a.h.H2ConsoleAutoConfiguration - H2 console available at '/h2-console'. Database available at 'jdbc:h2:mem:memorin_user'
2025-08-25 11:41:17 [main] INFO  o.h.jpa.internal.util.LogHelper - HHH000204: Processing PersistenceUnitInfo [name: default]
2025-08-25 11:41:17 [main] INFO  org.hibernate.Version - HHH000412: Hibernate ORM core version 5.6.15.Final
2025-08-25 11:41:17 [main] INFO  o.h.annotations.common.Version - HCANN000001: Hibernate Commons Annotations {5.1.2.Final}
2025-08-25 11:41:17 [main] INFO  org.hibernate.dialect.Dialect - HHH000400: Using dialect: org.hibernate.dialect.H2Dialect
2025-08-25 11:41:18 [main] DEBUG org.hibernate.SQL - 
    
    drop table if exists users CASCADE 
2025-08-25 11:41:18 [main] DEBUG org.hibernate.SQL - 
    
    create table users (
       id bigint generated by default as identity,
        created_at timestamp not null,
        email varchar(100) not null,
        password_hash varchar(255) not null,
        status varchar(255) not null,
        updated_at timestamp not null,
        username varchar(50) not null,
        primary key (id)
    )
2025-08-25 11:41:18 [main] DEBUG org.hibernate.SQL - 
    
    alter table users 
       add constraint UK_6dotkott2kjsp8vw4d0m25fb7 unique (email)
2025-08-25 11:41:18 [main] DEBUG org.hibernate.SQL - 
    
    alter table users 
       add constraint UK_r43af9ap4edm43mmtq01oddj6 unique (username)
2025-08-25 11:41:18 [main] INFO  o.h.e.t.j.p.i.JtaPlatformInitiator - HHH000490: Using JtaPlatform implementation: [org.hibernate.engine.transaction.jta.platform.internal.NoJtaPlatform]
2025-08-25 11:41:18 [main] INFO  o.s.o.j.LocalContainerEntityManagerFactoryBean - Initialized JPA EntityManagerFactory for persistence unit 'default'
2025-08-25 11:41:18 [main] WARN  o.s.b.a.s.s.UserDetailsServiceAutoConfiguration - 

Using generated security password: 98a468a5-9ffc-45b3-9b9d-d1a8d55b59c0

This generated password is for development use only. Your security configuration must be updated before running your application in production.

2025-08-25 11:41:18 [main] DEBUG o.s.w.s.m.m.a.RequestMappingHandlerMapping - 20 mappings in 'requestMappingHandlerMapping'
2025-08-25 11:41:18 [main] DEBUG o.s.w.s.h.SimpleUrlHandlerMapping - Patterns [/webjars/**, /**, /swagger-ui*/*swagger-initializer.js, /swagger-ui*/**] in 'resourceHandlerMapping'
2025-08-25 11:41:18 [main] INFO  o.s.b.a.e.web.EndpointLinksResolver - Exposing 3 endpoint(s) beneath base path '/actuator'
2025-08-25 11:41:18 [main] DEBUG o.s.s.w.a.e.ExpressionBasedFilterInvocationSecurityMetadataSource - Adding web access control expression [permitAll] for Ant [pattern='/actuator/**']
2025-08-25 11:41:18 [main] DEBUG o.s.s.w.a.e.ExpressionBasedFilterInvocationSecurityMetadataSource - Adding web access control expression [permitAll] for Ant [pattern='/test/**']
2025-08-25 11:41:18 [main] DEBUG o.s.s.w.a.e.ExpressionBasedFilterInvocationSecurityMetadataSource - Adding web access control expression [permitAll] for Ant [pattern='/auth/**']
2025-08-25 11:41:18 [main] DEBUG o.s.s.w.a.e.ExpressionBasedFilterInvocationSecurityMetadataSource - Adding web access control expression [permitAll] for Ant [pattern='/h2-console/**']
2025-08-25 11:41:18 [main] DEBUG o.s.s.w.a.e.ExpressionBasedFilterInvocationSecurityMetadataSource - Adding web access control expression [permitAll] for Ant [pattern='/error']
2025-08-25 11:41:18 [main] DEBUG o.s.s.w.a.e.ExpressionBasedFilterInvocationSecurityMetadataSource - Adding web access control expression [permitAll] for Ant [pattern='/swagger-ui.html']
2025-08-25 11:41:18 [main] DEBUG o.s.s.w.a.e.ExpressionBasedFilterInvocationSecurityMetadataSource - Adding web access control expression [permitAll] for Ant [pattern='/swagger-ui/**']
2025-08-25 11:41:18 [main] DEBUG o.s.s.w.a.e.ExpressionBasedFilterInvocationSecurityMetadataSource - Adding web access control expression [permitAll] for Ant [pattern='/v3/api-docs/**']
2025-08-25 11:41:18 [main] DEBUG o.s.s.w.a.e.ExpressionBasedFilterInvocationSecurityMetadataSource - Adding web access control expression [permitAll] for Ant [pattern='/webjars/**']
2025-08-25 11:41:18 [main] DEBUG o.s.s.w.a.e.ExpressionBasedFilterInvocationSecurityMetadataSource - Adding web access control expression [authenticated] for any request
2025-08-25 11:41:18 [main] INFO  o.s.s.web.DefaultSecurityFilterChain - Will secure any request with [org.springframework.security.web.context.request.async.WebAsyncManagerIntegrationFilter@490704a5, org.springframework.security.web.context.SecurityContextPersistenceFilter@7f20dfd5, org.springframework.security.web.header.HeaderWriterFilter@47f5ab58, org.springframework.web.filter.CorsFilter@4d682397, org.springframework.security.web.authentication.logout.LogoutFilter@75d402d4, org.springframework.security.web.savedrequest.RequestCacheAwareFilter@5c194652, org.springframework.security.web.servletapi.SecurityContextHolderAwareRequestFilter@3cb376a3, org.springframework.security.web.authentication.AnonymousAuthenticationFilter@444ebefd, org.springframework.security.web.access.ExceptionTranslationFilter@3ff3275b, org.springframework.security.web.access.intercept.FilterSecurityInterceptor@433db56d]
2025-08-25 11:41:18 [main] DEBUG o.s.w.s.m.m.a.RequestMappingHandlerAdapter - ControllerAdvice beans: 0 @ModelAttribute, 0 @InitBinder, 1 RequestBodyAdvice, 1 ResponseBodyAdvice
2025-08-25 11:41:18 [main] DEBUG o.s.w.s.m.m.a.ExceptionHandlerExceptionResolver - ControllerAdvice beans: 2 @ExceptionHandler, 1 ResponseBodyAdvice
2025-08-25 11:41:19 [main] INFO  o.s.b.w.e.tomcat.TomcatWebServer - Tomcat started on port(s): 8081 (http) with context path ''
2025-08-25 11:41:19 [main] INFO  c.m.user.UserServiceApplication - Started UserServiceApplication in 3.81 seconds (JVM running for 4.061)
2025-08-25 11:41:56 [http-nio-8081-exec-1] INFO  o.a.c.c.C.[Tomcat].[localhost].[/] - Initializing Spring DispatcherServlet 'dispatcherServlet'
2025-08-25 11:41:56 [http-nio-8081-exec-1] INFO  o.s.web.servlet.DispatcherServlet - Initializing Servlet 'dispatcherServlet'
2025-08-25 11:41:56 [http-nio-8081-exec-1] DEBUG o.s.web.servlet.DispatcherServlet - Detected StandardServletMultipartResolver
2025-08-25 11:41:56 [http-nio-8081-exec-1] DEBUG o.s.web.servlet.DispatcherServlet - Detected AcceptHeaderLocaleResolver
2025-08-25 11:41:56 [http-nio-8081-exec-1] DEBUG o.s.web.servlet.DispatcherServlet - Detected FixedThemeResolver
2025-08-25 11:41:56 [http-nio-8081-exec-1] DEBUG o.s.web.servlet.DispatcherServlet - Detected org.springframework.web.servlet.view.DefaultRequestToViewNameTranslator@17554316
2025-08-25 11:41:56 [http-nio-8081-exec-1] DEBUG o.s.web.servlet.DispatcherServlet - Detected org.springframework.web.servlet.support.SessionFlashMapManager@4c9bed65
2025-08-25 11:41:56 [http-nio-8081-exec-1] DEBUG o.s.web.servlet.DispatcherServlet - enableLoggingRequestDetails='false': request parameters and headers will be masked to prevent unsafe logging of potentially sensitive data
2025-08-25 11:41:56 [http-nio-8081-exec-1] INFO  o.s.web.servlet.DispatcherServlet - Completed initialization in 2 ms
2025-08-25 11:41:56 [http-nio-8081-exec-1] DEBUG o.s.security.web.FilterChainProxy - Securing GET /actuator/health
2025-08-25 11:41:56 [http-nio-8081-exec-1] DEBUG o.s.s.w.c.SecurityContextPersistenceFilter - Set SecurityContextHolder to empty SecurityContext
2025-08-25 11:41:56 [http-nio-8081-exec-1] DEBUG o.s.s.w.a.AnonymousAuthenticationFilter - Set SecurityContextHolder to anonymous SecurityContext
2025-08-25 11:41:56 [http-nio-8081-exec-1] DEBUG o.s.s.w.a.i.FilterSecurityInterceptor - Authorized filter invocation [GET /actuator/health] with attributes [permitAll]
2025-08-25 11:41:56 [http-nio-8081-exec-1] DEBUG o.s.security.web.FilterChainProxy - Secured GET /actuator/health
2025-08-25 11:41:56 [http-nio-8081-exec-1] DEBUG o.s.web.servlet.DispatcherServlet - GET "/actuator/health", parameters={}
2025-08-25 11:41:56 [http-nio-8081-exec-1] DEBUG o.s.w.s.m.m.a.HttpEntityMethodProcessor - Using 'application/vnd.spring-boot.actuator.v3+json', given [*/*] and supported [application/vnd.spring-boot.actuator.v3+json, application/vnd.spring-boot.actuator.v2+json, application/json]
2025-08-25 11:41:56 [http-nio-8081-exec-1] DEBUG o.s.w.s.m.m.a.HttpEntityMethodProcessor - Writing [org.springframework.boot.actuate.health.SystemHealth@3383c966]
2025-08-25 11:41:56 [http-nio-8081-exec-1] DEBUG o.s.s.w.c.HttpSessionSecurityContextRepository - Did not store anonymous SecurityContext
2025-08-25 11:41:56 [http-nio-8081-exec-1] DEBUG o.s.web.servlet.DispatcherServlet - Completed 200 OK
2025-08-25 11:41:56 [http-nio-8081-exec-1] DEBUG o.s.s.w.c.HttpSessionSecurityContextRepository - Did not store anonymous SecurityContext
2025-08-25 11:41:56 [http-nio-8081-exec-1] DEBUG o.s.s.w.c.SecurityContextPersistenceFilter - Cleared SecurityContextHolder to complete request
2025-08-25 11:42:44 [http-nio-8081-exec-2] DEBUG o.s.security.web.FilterChainProxy - Securing GET /h2-console
2025-08-25 11:42:44 [http-nio-8081-exec-2] DEBUG o.s.s.w.c.SecurityContextPersistenceFilter - Set SecurityContextHolder to empty SecurityContext
2025-08-25 11:42:44 [http-nio-8081-exec-2] DEBUG o.s.w.s.h.SimpleUrlHandlerMapping - Mapped to ResourceHttpRequestHandler [classpath [META-INF/resources/], classpath [resources/], classpath [static/], classpath [public/], ServletContext [/]]
2025-08-25 11:42:44 [http-nio-8081-exec-2] DEBUG o.s.s.w.a.AnonymousAuthenticationFilter - Set SecurityContextHolder to anonymous SecurityContext
2025-08-25 11:42:44 [http-nio-8081-exec-2] DEBUG o.s.s.w.a.i.FilterSecurityInterceptor - Authorized filter invocation [GET /h2-console] with attributes [permitAll]
2025-08-25 11:42:44 [http-nio-8081-exec-2] DEBUG o.s.security.web.FilterChainProxy - Secured GET /h2-console
2025-08-25 11:42:44 [http-nio-8081-exec-2] DEBUG o.s.s.w.c.HttpSessionSecurityContextRepository - Did not store anonymous SecurityContext
2025-08-25 11:42:44 [http-nio-8081-exec-2] DEBUG o.s.s.w.c.HttpSessionSecurityContextRepository - Did not store anonymous SecurityContext
2025-08-25 11:42:44 [http-nio-8081-exec-2] DEBUG o.s.s.w.c.SecurityContextPersistenceFilter - Cleared SecurityContextHolder to complete request
2025-08-25 11:42:44 [http-nio-8081-exec-3] DEBUG o.s.security.web.FilterChainProxy - Securing GET /h2-console/
2025-08-25 11:42:44 [http-nio-8081-exec-3] DEBUG o.s.s.w.c.SecurityContextPersistenceFilter - Set SecurityContextHolder to empty SecurityContext
2025-08-25 11:42:44 [http-nio-8081-exec-3] DEBUG o.s.w.s.h.SimpleUrlHandlerMapping - Mapped to ResourceHttpRequestHandler [classpath [META-INF/resources/], classpath [resources/], classpath [static/], classpath [public/], ServletContext [/]]
2025-08-25 11:42:44 [http-nio-8081-exec-3] DEBUG o.s.s.w.a.AnonymousAuthenticationFilter - Set SecurityContextHolder to anonymous SecurityContext
2025-08-25 11:42:44 [http-nio-8081-exec-3] DEBUG o.s.s.w.a.i.FilterSecurityInterceptor - Authorized filter invocation [GET /h2-console/] with attributes [permitAll]
2025-08-25 11:42:44 [http-nio-8081-exec-3] DEBUG o.s.security.web.FilterChainProxy - Secured GET /h2-console/
2025-08-25 11:42:44 [http-nio-8081-exec-3] DEBUG o.s.s.w.c.HttpSessionSecurityContextRepository - Did not store anonymous SecurityContext
2025-08-25 11:42:44 [http-nio-8081-exec-3] DEBUG o.s.s.w.c.SecurityContextPersistenceFilter - Cleared SecurityContextHolder to complete request
2025-08-25 11:42:44 [http-nio-8081-exec-7] DEBUG o.s.security.web.FilterChainProxy - Securing GET /h2-console/stylesheet.css
2025-08-25 11:42:44 [http-nio-8081-exec-7] DEBUG o.s.s.w.c.SecurityContextPersistenceFilter - Set SecurityContextHolder to empty SecurityContext
2025-08-25 11:42:44 [http-nio-8081-exec-7] DEBUG o.s.w.s.h.SimpleUrlHandlerMapping - Mapped to ResourceHttpRequestHandler [classpath [META-INF/resources/], classpath [resources/], classpath [static/], classpath [public/], ServletContext [/]]
2025-08-25 11:42:44 [http-nio-8081-exec-7] DEBUG o.s.s.w.a.AnonymousAuthenticationFilter - Set SecurityContextHolder to anonymous SecurityContext
2025-08-25 11:42:44 [http-nio-8081-exec-7] DEBUG o.s.s.w.a.i.FilterSecurityInterceptor - Authorized filter invocation [GET /h2-console/stylesheet.css] with attributes [permitAll]
2025-08-25 11:42:44 [http-nio-8081-exec-7] DEBUG o.s.security.web.FilterChainProxy - Secured GET /h2-console/stylesheet.css
2025-08-25 11:42:44 [http-nio-8081-exec-7] DEBUG o.s.s.w.c.HttpSessionSecurityContextRepository - Did not store anonymous SecurityContext
2025-08-25 11:42:44 [http-nio-8081-exec-7] DEBUG o.s.s.w.c.SecurityContextPersistenceFilter - Cleared SecurityContextHolder to complete request
2025-08-25 11:42:44 [http-nio-8081-exec-5] DEBUG o.s.security.web.FilterChainProxy - Securing GET /h2-console/login.jsp?jsessionid=c552d47a6d2694e9be29f91c8c3d4e45
2025-08-25 11:42:44 [http-nio-8081-exec-5] DEBUG o.s.s.w.c.SecurityContextPersistenceFilter - Set SecurityContextHolder to empty SecurityContext
2025-08-25 11:42:44 [http-nio-8081-exec-5] DEBUG o.s.w.s.h.SimpleUrlHandlerMapping - Mapped to ResourceHttpRequestHandler [classpath [META-INF/resources/], classpath [resources/], classpath [static/], classpath [public/], ServletContext [/]]
2025-08-25 11:42:44 [http-nio-8081-exec-5] DEBUG o.s.s.w.a.AnonymousAuthenticationFilter - Set SecurityContextHolder to anonymous SecurityContext
2025-08-25 11:42:44 [http-nio-8081-exec-5] DEBUG o.s.s.w.a.i.FilterSecurityInterceptor - Authorized filter invocation [GET /h2-console/login.jsp?jsessionid=c552d47a6d2694e9be29f91c8c3d4e45] with attributes [permitAll]
2025-08-25 11:42:44 [http-nio-8081-exec-5] DEBUG o.s.security.web.FilterChainProxy - Secured GET /h2-console/login.jsp?jsessionid=c552d47a6d2694e9be29f91c8c3d4e45
2025-08-25 11:42:44 [http-nio-8081-exec-5] DEBUG o.s.s.w.c.HttpSessionSecurityContextRepository - Did not store anonymous SecurityContext
2025-08-25 11:42:44 [http-nio-8081-exec-5] DEBUG o.s.s.w.c.HttpSessionSecurityContextRepository - Did not store anonymous SecurityContext
2025-08-25 11:42:44 [http-nio-8081-exec-5] DEBUG o.s.s.w.c.SecurityContextPersistenceFilter - Cleared SecurityContextHolder to complete request
2025-08-25 11:42:44 [http-nio-8081-exec-6] DEBUG o.s.security.web.FilterChainProxy - Securing GET /h2-console/background.gif
2025-08-25 11:42:44 [http-nio-8081-exec-6] DEBUG o.s.s.w.c.SecurityContextPersistenceFilter - Set SecurityContextHolder to empty SecurityContext
2025-08-25 11:42:44 [http-nio-8081-exec-6] DEBUG o.s.w.s.h.SimpleUrlHandlerMapping - Mapped to ResourceHttpRequestHandler [classpath [META-INF/resources/], classpath [resources/], classpath [static/], classpath [public/], ServletContext [/]]
2025-08-25 11:42:44 [http-nio-8081-exec-6] DEBUG o.s.s.w.a.AnonymousAuthenticationFilter - Set SecurityContextHolder to anonymous SecurityContext
2025-08-25 11:42:44 [http-nio-8081-exec-6] DEBUG o.s.s.w.a.i.FilterSecurityInterceptor - Authorized filter invocation [GET /h2-console/background.gif] with attributes [permitAll]
2025-08-25 11:42:44 [http-nio-8081-exec-6] DEBUG o.s.security.web.FilterChainProxy - Secured GET /h2-console/background.gif
2025-08-25 11:42:44 [http-nio-8081-exec-6] DEBUG o.s.s.w.c.HttpSessionSecurityContextRepository - Did not store anonymous SecurityContext
2025-08-25 11:42:44 [http-nio-8081-exec-6] DEBUG o.s.s.w.c.SecurityContextPersistenceFilter - Cleared SecurityContextHolder to complete request
2025-08-25 11:42:44 [http-nio-8081-exec-4] DEBUG o.s.security.web.FilterChainProxy - Securing GET /favicon.ico
2025-08-25 11:42:44 [http-nio-8081-exec-4] DEBUG o.s.s.w.c.SecurityContextPersistenceFilter - Set SecurityContextHolder to empty SecurityContext
2025-08-25 11:42:44 [http-nio-8081-exec-4] DEBUG o.s.w.s.h.SimpleUrlHandlerMapping - Mapped to ResourceHttpRequestHandler [classpath [META-INF/resources/], classpath [resources/], classpath [static/], classpath [public/], ServletContext [/]]
2025-08-25 11:42:44 [http-nio-8081-exec-4] DEBUG o.s.s.w.a.AnonymousAuthenticationFilter - Set SecurityContextHolder to anonymous SecurityContext
2025-08-25 11:42:44 [http-nio-8081-exec-4] DEBUG o.s.s.w.a.i.FilterSecurityInterceptor - Failed to authorize filter invocation [GET /favicon.ico] with attributes [authenticated]
2025-08-25 11:42:44 [http-nio-8081-exec-4] DEBUG o.s.s.w.a.Http403ForbiddenEntryPoint - Pre-authenticated entry point called. Rejecting access
2025-08-25 11:42:44 [http-nio-8081-exec-4] DEBUG o.s.s.w.c.HttpSessionSecurityContextRepository - Did not store empty SecurityContext
2025-08-25 11:42:44 [http-nio-8081-exec-4] DEBUG o.s.s.w.c.HttpSessionSecurityContextRepository - Did not store empty SecurityContext
2025-08-25 11:42:44 [http-nio-8081-exec-4] DEBUG o.s.s.w.c.SecurityContextPersistenceFilter - Cleared SecurityContextHolder to complete request
2025-08-25 11:42:44 [http-nio-8081-exec-4] DEBUG o.s.security.web.FilterChainProxy - Securing GET /error
2025-08-25 11:42:44 [http-nio-8081-exec-4] DEBUG o.s.s.w.c.SecurityContextPersistenceFilter - Set SecurityContextHolder to empty SecurityContext
2025-08-25 11:42:44 [http-nio-8081-exec-4] DEBUG o.s.s.w.a.AnonymousAuthenticationFilter - Set SecurityContextHolder to anonymous SecurityContext
2025-08-25 11:42:44 [http-nio-8081-exec-4] DEBUG o.s.security.web.FilterChainProxy - Secured GET /error
2025-08-25 11:42:44 [http-nio-8081-exec-4] DEBUG o.s.web.servlet.DispatcherServlet - "ERROR" dispatch for GET "/error", parameters={}
2025-08-25 11:42:44 [http-nio-8081-exec-4] DEBUG o.s.w.s.m.m.a.RequestMappingHandlerMapping - Mapped to org.springframework.boot.autoconfigure.web.servlet.error.BasicErrorController#error(HttpServletRequest)
2025-08-25 11:42:44 [http-nio-8081-exec-4] DEBUG o.s.w.s.m.m.a.HttpEntityMethodProcessor - Using 'application/json;q=0.5', given [image/avif, image/webp, image/png, image/svg+xml, image/*;q=0.8, */*;q=0.5] and supported [application/json, application/*+json, application/json, application/*+json]
2025-08-25 11:42:44 [http-nio-8081-exec-4] DEBUG o.s.w.s.m.m.a.HttpEntityMethodProcessor - Writing [{timestamp=Mon Aug 25 11:42:44 CST 2025, status=403, error=Forbidden, path=/favicon.ico}]
2025-08-25 11:42:44 [http-nio-8081-exec-4] DEBUG o.s.s.w.c.HttpSessionSecurityContextRepository - Did not store anonymous SecurityContext
2025-08-25 11:42:44 [http-nio-8081-exec-4] DEBUG o.s.web.servlet.DispatcherServlet - Exiting from "ERROR" dispatch, status 403
2025-08-25 11:42:44 [http-nio-8081-exec-4] DEBUG o.s.s.w.c.HttpSessionSecurityContextRepository - Did not store anonymous SecurityContext
2025-08-25 11:42:44 [http-nio-8081-exec-4] DEBUG o.s.s.w.c.SecurityContextPersistenceFilter - Cleared SecurityContextHolder to complete request
2025-08-25 11:44:36 [http-nio-8081-exec-9] DEBUG o.s.security.web.FilterChainProxy - Securing GET /test/ping
2025-08-25 11:44:36 [http-nio-8081-exec-9] DEBUG o.s.s.w.c.SecurityContextPersistenceFilter - Set SecurityContextHolder to empty SecurityContext
2025-08-25 11:44:36 [http-nio-8081-exec-9] DEBUG o.s.w.s.m.m.a.RequestMappingHandlerMapping - Mapped to com.memorin.user.controller.TestController#ping()
2025-08-25 11:44:36 [http-nio-8081-exec-9] DEBUG o.s.s.w.a.AnonymousAuthenticationFilter - Set SecurityContextHolder to anonymous SecurityContext
2025-08-25 11:44:36 [http-nio-8081-exec-9] DEBUG o.s.s.w.a.i.FilterSecurityInterceptor - Authorized filter invocation [GET /test/ping] with attributes [permitAll]
2025-08-25 11:44:36 [http-nio-8081-exec-9] DEBUG o.s.security.web.FilterChainProxy - Secured GET /test/ping
2025-08-25 11:44:36 [http-nio-8081-exec-9] DEBUG o.s.web.servlet.DispatcherServlet - GET "/test/ping", parameters={}
2025-08-25 11:44:36 [http-nio-8081-exec-9] DEBUG o.s.w.s.m.m.a.RequestMappingHandlerMapping - Mapped to com.memorin.user.controller.TestController#ping()
2025-08-25 11:44:36 [http-nio-8081-exec-9] DEBUG org.hibernate.SQL - 
    /* select
        count(*) 
    from
        User x */ select
            count(*) as col_0_0_ 
        from
            users user0_
2025-08-25 11:44:36 [http-nio-8081-exec-9] DEBUG o.s.w.s.m.m.a.HttpEntityMethodProcessor - Using 'application/json', given [*/*] and supported [application/json, application/*+json, application/json, application/*+json]
2025-08-25 11:44:36 [http-nio-8081-exec-9] DEBUG o.s.w.s.m.m.a.HttpEntityMethodProcessor - Writing [{userCount=0, port=8081, service=memorin-user-service, message=用户服务运行正常, status=success, timestamp=2 (truncated)...]
2025-08-25 11:44:36 [http-nio-8081-exec-9] DEBUG o.s.s.w.c.HttpSessionSecurityContextRepository - Did not store anonymous SecurityContext
2025-08-25 11:44:36 [http-nio-8081-exec-9] DEBUG o.s.web.servlet.DispatcherServlet - Completed 200 OK
2025-08-25 11:44:36 [http-nio-8081-exec-9] DEBUG o.s.s.w.c.HttpSessionSecurityContextRepository - Did not store anonymous SecurityContext
2025-08-25 11:44:36 [http-nio-8081-exec-9] DEBUG o.s.s.w.c.SecurityContextPersistenceFilter - Cleared SecurityContextHolder to complete request
2025-08-25 11:44:40 [http-nio-8081-exec-1] DEBUG o.s.security.web.FilterChainProxy - Securing GET /actuator/health
2025-08-25 11:44:40 [http-nio-8081-exec-1] DEBUG o.s.s.w.c.SecurityContextPersistenceFilter - Set SecurityContextHolder to empty SecurityContext
2025-08-25 11:44:40 [http-nio-8081-exec-1] DEBUG o.s.s.w.a.AnonymousAuthenticationFilter - Set SecurityContextHolder to anonymous SecurityContext
2025-08-25 11:44:40 [http-nio-8081-exec-1] DEBUG o.s.s.w.a.i.FilterSecurityInterceptor - Authorized filter invocation [GET /actuator/health] with attributes [permitAll]
2025-08-25 11:44:40 [http-nio-8081-exec-1] DEBUG o.s.security.web.FilterChainProxy - Secured GET /actuator/health
2025-08-25 11:44:40 [http-nio-8081-exec-1] DEBUG o.s.web.servlet.DispatcherServlet - GET "/actuator/health", parameters={}
2025-08-25 11:44:40 [http-nio-8081-exec-1] DEBUG o.s.w.s.m.m.a.HttpEntityMethodProcessor - Using 'application/vnd.spring-boot.actuator.v3+json', given [*/*] and supported [application/vnd.spring-boot.actuator.v3+json, application/vnd.spring-boot.actuator.v2+json, application/json]
2025-08-25 11:44:40 [http-nio-8081-exec-1] DEBUG o.s.w.s.m.m.a.HttpEntityMethodProcessor - Writing [org.springframework.boot.actuate.health.SystemHealth@71759d1f]
2025-08-25 11:44:40 [http-nio-8081-exec-1] DEBUG o.s.s.w.c.HttpSessionSecurityContextRepository - Did not store anonymous SecurityContext
2025-08-25 11:44:40 [http-nio-8081-exec-1] DEBUG o.s.web.servlet.DispatcherServlet - Completed 200 OK
2025-08-25 11:44:40 [http-nio-8081-exec-1] DEBUG o.s.s.w.c.HttpSessionSecurityContextRepository - Did not store anonymous SecurityContext
2025-08-25 11:44:40 [http-nio-8081-exec-1] DEBUG o.s.s.w.c.SecurityContextPersistenceFilter - Cleared SecurityContextHolder to complete request
2025-08-25 11:44:52 [http-nio-8081-exec-3] DEBUG o.s.security.web.FilterChainProxy - Securing GET /test/database/test
2025-08-25 11:44:52 [http-nio-8081-exec-3] DEBUG o.s.s.w.c.SecurityContextPersistenceFilter - Set SecurityContextHolder to empty SecurityContext
2025-08-25 11:44:52 [http-nio-8081-exec-3] DEBUG o.s.w.s.m.m.a.RequestMappingHandlerMapping - Mapped to com.memorin.user.controller.TestController#testDatabase()
2025-08-25 11:44:52 [http-nio-8081-exec-3] DEBUG o.s.s.w.a.AnonymousAuthenticationFilter - Set SecurityContextHolder to anonymous SecurityContext
2025-08-25 11:44:52 [http-nio-8081-exec-3] DEBUG o.s.s.w.a.i.FilterSecurityInterceptor - Authorized filter invocation [GET /test/database/test] with attributes [permitAll]
2025-08-25 11:44:52 [http-nio-8081-exec-3] DEBUG o.s.security.web.FilterChainProxy - Secured GET /test/database/test
2025-08-25 11:44:52 [http-nio-8081-exec-3] DEBUG o.s.web.servlet.DispatcherServlet - GET "/test/database/test", parameters={}
2025-08-25 11:44:52 [http-nio-8081-exec-3] DEBUG o.s.w.s.m.m.a.RequestMappingHandlerMapping - Mapped to com.memorin.user.controller.TestController#testDatabase()
2025-08-25 11:44:52 [http-nio-8081-exec-3] DEBUG org.hibernate.SQL - 
    /* select
        count(*) 
    from
        User x */ select
            count(*) as col_0_0_ 
        from
            users user0_
2025-08-25 11:44:52 [http-nio-8081-exec-3] DEBUG o.s.w.s.m.m.a.HttpEntityMethodProcessor - Using 'application/json', given [*/*] and supported [application/json, application/*+json, application/json, application/*+json]
2025-08-25 11:44:52 [http-nio-8081-exec-3] DEBUG o.s.w.s.m.m.a.HttpEntityMethodProcessor - Writing [{userCount=0, success=true, message=数据库连接正常, timestamp=2025-08-25T11:44:52.469}]
2025-08-25 11:44:52 [http-nio-8081-exec-3] DEBUG o.s.s.w.c.HttpSessionSecurityContextRepository - Did not store anonymous SecurityContext
2025-08-25 11:44:52 [http-nio-8081-exec-3] DEBUG o.s.web.servlet.DispatcherServlet - Completed 200 OK
2025-08-25 11:44:52 [http-nio-8081-exec-3] DEBUG o.s.s.w.c.HttpSessionSecurityContextRepository - Did not store anonymous SecurityContext
2025-08-25 11:44:52 [http-nio-8081-exec-3] DEBUG o.s.s.w.c.SecurityContextPersistenceFilter - Cleared SecurityContextHolder to complete request
2025-08-25 11:45:03 [http-nio-8081-exec-5] DEBUG o.s.security.web.FilterChainProxy - Securing POST /auth/register
2025-08-25 11:45:03 [http-nio-8081-exec-5] DEBUG o.s.s.w.c.SecurityContextPersistenceFilter - Set SecurityContextHolder to empty SecurityContext
2025-08-25 11:45:03 [http-nio-8081-exec-5] DEBUG o.s.w.s.m.m.a.RequestMappingHandlerMapping - Mapped to com.memorin.user.controller.AuthController#register(RegisterRequest)
2025-08-25 11:45:03 [http-nio-8081-exec-5] DEBUG o.s.s.w.a.AnonymousAuthenticationFilter - Set SecurityContextHolder to anonymous SecurityContext
2025-08-25 11:45:03 [http-nio-8081-exec-5] DEBUG o.s.s.w.a.i.FilterSecurityInterceptor - Authorized filter invocation [POST /auth/register] with attributes [permitAll]
2025-08-25 11:45:03 [http-nio-8081-exec-5] DEBUG o.s.security.web.FilterChainProxy - Secured POST /auth/register
2025-08-25 11:45:03 [http-nio-8081-exec-5] DEBUG o.s.web.servlet.DispatcherServlet - POST "/auth/register", parameters={}
2025-08-25 11:45:03 [http-nio-8081-exec-5] DEBUG o.s.w.s.m.m.a.RequestMappingHandlerMapping - Mapped to com.memorin.user.controller.AuthController#register(RegisterRequest)
2025-08-25 11:45:03 [http-nio-8081-exec-5] DEBUG o.s.w.s.m.m.a.RequestResponseBodyMethodProcessor - Read "application/json;charset=UTF-8" to [RegisterRequest{username='testuser', email='test@example.com', password='[PROTECTED]', nickname='测试用 (truncated)...]
2025-08-25 11:45:03 [http-nio-8081-exec-5] DEBUG org.hibernate.SQL - 
    /* select
        generatedAlias0 
    from
        User as generatedAlias0 
    where
        generatedAlias0.username=:param0 */ select
            user0_.id as id1_0_,
            user0_.created_at as created_2_0_,
            user0_.email as email3_0_,
            user0_.password_hash as password4_0_,
            user0_.status as status5_0_,
            user0_.updated_at as updated_6_0_,
            user0_.username as username7_0_ 
        from
            users user0_ 
        where
            user0_.username=?
2025-08-25 11:45:03 [http-nio-8081-exec-5] TRACE o.h.type.descriptor.sql.BasicBinder - binding parameter [1] as [VARCHAR] - [testuser]
2025-08-25 11:45:03 [http-nio-8081-exec-5] DEBUG org.hibernate.SQL - 
    /* select
        generatedAlias0 
    from
        User as generatedAlias0 
    where
        generatedAlias0.email=:param0 */ select
            user0_.id as id1_0_,
            user0_.created_at as created_2_0_,
            user0_.email as email3_0_,
            user0_.password_hash as password4_0_,
            user0_.status as status5_0_,
            user0_.updated_at as updated_6_0_,
            user0_.username as username7_0_ 
        from
            users user0_ 
        where
            user0_.email=?
2025-08-25 11:45:03 [http-nio-8081-exec-5] TRACE o.h.type.descriptor.sql.BasicBinder - binding parameter [1] as [VARCHAR] - [test@example.com]
2025-08-25 11:45:03 [http-nio-8081-exec-5] DEBUG org.hibernate.SQL - 
    /* insert com.memorin.user.entity.User
        */ insert 
        into
            users
            (id, created_at, email, password_hash, status, updated_at, username) 
        values
            (default, ?, ?, ?, ?, ?, ?)
2025-08-25 11:45:03 [http-nio-8081-exec-5] TRACE o.h.type.descriptor.sql.BasicBinder - binding parameter [1] as [TIMESTAMP] - [2025-08-25T11:45:03.147]
2025-08-25 11:45:03 [http-nio-8081-exec-5] TRACE o.h.type.descriptor.sql.BasicBinder - binding parameter [2] as [VARCHAR] - [test@example.com]
2025-08-25 11:45:03 [http-nio-8081-exec-5] TRACE o.h.type.descriptor.sql.BasicBinder - binding parameter [3] as [VARCHAR] - [$2a$10$IwQ.rZ6Sqe9.22SlhfaDk.rrW8j6JHXZbB0oIWE1oCaL/Go4BthL6]
2025-08-25 11:45:03 [http-nio-8081-exec-5] TRACE o.h.type.descriptor.sql.BasicBinder - binding parameter [4] as [VARCHAR] - [ACTIVE]
2025-08-25 11:45:03 [http-nio-8081-exec-5] TRACE o.h.type.descriptor.sql.BasicBinder - binding parameter [5] as [TIMESTAMP] - [2025-08-25T11:45:03.147]
2025-08-25 11:45:03 [http-nio-8081-exec-5] TRACE o.h.type.descriptor.sql.BasicBinder - binding parameter [6] as [VARCHAR] - [testuser]
2025-08-25 11:45:03 [http-nio-8081-exec-5] DEBUG o.s.w.s.m.m.a.HttpEntityMethodProcessor - Using 'application/json', given [*/*] and supported [application/json, application/*+json, application/json, application/*+json]
2025-08-25 11:45:03 [http-nio-8081-exec-5] DEBUG o.s.w.s.m.m.a.HttpEntityMethodProcessor - Writing [{createdAt=2025-08-25T11:45:03.147, success=true, message=用户注册成功, userId=1, email=test@example.com,  (truncated)...]
2025-08-25 11:45:03 [http-nio-8081-exec-5] DEBUG o.s.s.w.c.HttpSessionSecurityContextRepository - Did not store anonymous SecurityContext
2025-08-25 11:45:03 [http-nio-8081-exec-5] DEBUG o.s.web.servlet.DispatcherServlet - Completed 200 OK
2025-08-25 11:45:03 [http-nio-8081-exec-5] DEBUG o.s.s.w.c.HttpSessionSecurityContextRepository - Did not store anonymous SecurityContext
2025-08-25 11:45:03 [http-nio-8081-exec-5] DEBUG o.s.s.w.c.SecurityContextPersistenceFilter - Cleared SecurityContextHolder to complete request
2025-08-25 11:45:08 [http-nio-8081-exec-4] DEBUG o.s.security.web.FilterChainProxy - Securing POST /auth/login
2025-08-25 11:45:08 [http-nio-8081-exec-4] DEBUG o.s.s.w.c.SecurityContextPersistenceFilter - Set SecurityContextHolder to empty SecurityContext
2025-08-25 11:45:08 [http-nio-8081-exec-4] DEBUG o.s.w.s.m.m.a.RequestMappingHandlerMapping - Mapped to com.memorin.user.controller.AuthController#login(LoginRequest)
2025-08-25 11:45:08 [http-nio-8081-exec-4] DEBUG o.s.s.w.a.AnonymousAuthenticationFilter - Set SecurityContextHolder to anonymous SecurityContext
2025-08-25 11:45:08 [http-nio-8081-exec-4] DEBUG o.s.s.w.a.i.FilterSecurityInterceptor - Authorized filter invocation [POST /auth/login] with attributes [permitAll]
2025-08-25 11:45:08 [http-nio-8081-exec-4] DEBUG o.s.security.web.FilterChainProxy - Secured POST /auth/login
2025-08-25 11:45:08 [http-nio-8081-exec-4] DEBUG o.s.web.servlet.DispatcherServlet - POST "/auth/login", parameters={}
2025-08-25 11:45:08 [http-nio-8081-exec-4] DEBUG o.s.w.s.m.m.a.RequestMappingHandlerMapping - Mapped to com.memorin.user.controller.AuthController#login(LoginRequest)
2025-08-25 11:45:08 [http-nio-8081-exec-4] DEBUG o.s.w.s.m.m.a.RequestResponseBodyMethodProcessor - Read "application/json;charset=UTF-8" to [LoginRequest{username='testuser', password='[PROTECTED]'}]
2025-08-25 11:45:08 [http-nio-8081-exec-4] DEBUG org.hibernate.SQL - 
    /* select
        generatedAlias0 
    from
        User as generatedAlias0 
    where
        generatedAlias0.username=:param0 */ select
            user0_.id as id1_0_,
            user0_.created_at as created_2_0_,
            user0_.email as email3_0_,
            user0_.password_hash as password4_0_,
            user0_.status as status5_0_,
            user0_.updated_at as updated_6_0_,
            user0_.username as username7_0_ 
        from
            users user0_ 
        where
            user0_.username=?
2025-08-25 11:45:08 [http-nio-8081-exec-4] TRACE o.h.type.descriptor.sql.BasicBinder - binding parameter [1] as [VARCHAR] - [testuser]
2025-08-25 11:45:08 [http-nio-8081-exec-4] DEBUG org.hibernate.SQL - 
    /* update
        com.memorin.user.entity.User */ update
            users 
        set
            email=?,
            password_hash=?,
            status=?,
            updated_at=?,
            username=? 
        where
            id=?
2025-08-25 11:45:08 [http-nio-8081-exec-4] TRACE o.h.type.descriptor.sql.BasicBinder - binding parameter [1] as [VARCHAR] - [test@example.com]
2025-08-25 11:45:08 [http-nio-8081-exec-4] TRACE o.h.type.descriptor.sql.BasicBinder - binding parameter [2] as [VARCHAR] - [$2a$10$IwQ.rZ6Sqe9.22SlhfaDk.rrW8j6JHXZbB0oIWE1oCaL/Go4BthL6]
2025-08-25 11:45:08 [http-nio-8081-exec-4] TRACE o.h.type.descriptor.sql.BasicBinder - binding parameter [3] as [VARCHAR] - [ACTIVE]
2025-08-25 11:45:08 [http-nio-8081-exec-4] TRACE o.h.type.descriptor.sql.BasicBinder - binding parameter [4] as [TIMESTAMP] - [2025-08-25T11:45:08.313]
2025-08-25 11:45:08 [http-nio-8081-exec-4] TRACE o.h.type.descriptor.sql.BasicBinder - binding parameter [5] as [VARCHAR] - [testuser]
2025-08-25 11:45:08 [http-nio-8081-exec-4] TRACE o.h.type.descriptor.sql.BasicBinder - binding parameter [6] as [BIGINT] - [1]
2025-08-25 11:45:08 [http-nio-8081-exec-4] DEBUG o.s.w.s.m.m.a.HttpEntityMethodProcessor - Using 'application/json', given [*/*] and supported [application/json, application/*+json, application/json, application/*+json]
2025-08-25 11:45:08 [http-nio-8081-exec-4] DEBUG o.s.w.s.m.m.a.HttpEntityMethodProcessor - Writing [com.memorin.user.dto.response.LoginResponse@2e31b40f]
2025-08-25 11:45:08 [http-nio-8081-exec-4] DEBUG o.s.s.w.c.HttpSessionSecurityContextRepository - Did not store anonymous SecurityContext
2025-08-25 11:45:08 [http-nio-8081-exec-4] DEBUG o.s.web.servlet.DispatcherServlet - Completed 200 OK
2025-08-25 11:45:08 [http-nio-8081-exec-4] DEBUG o.s.s.w.c.HttpSessionSecurityContextRepository - Did not store anonymous SecurityContext
2025-08-25 11:45:08 [http-nio-8081-exec-4] DEBUG o.s.s.w.c.SecurityContextPersistenceFilter - Cleared SecurityContextHolder to complete request
2025-08-25 11:45:48 [http-nio-8081-exec-9] DEBUG o.s.security.web.FilterChainProxy - Securing POST /auth/verify
2025-08-25 11:45:48 [http-nio-8081-exec-9] DEBUG o.s.s.w.c.SecurityContextPersistenceFilter - Set SecurityContextHolder to empty SecurityContext
2025-08-25 11:45:48 [http-nio-8081-exec-9] DEBUG o.s.w.s.m.m.a.RequestMappingHandlerMapping - Mapped to com.memorin.user.controller.AuthController#verifyToken(Map)
2025-08-25 11:45:48 [http-nio-8081-exec-9] DEBUG o.s.s.w.a.AnonymousAuthenticationFilter - Set SecurityContextHolder to anonymous SecurityContext
2025-08-25 11:45:48 [http-nio-8081-exec-9] DEBUG o.s.s.w.a.i.FilterSecurityInterceptor - Authorized filter invocation [POST /auth/verify] with attributes [permitAll]
2025-08-25 11:45:48 [http-nio-8081-exec-9] DEBUG o.s.security.web.FilterChainProxy - Secured POST /auth/verify
2025-08-25 11:45:48 [http-nio-8081-exec-9] DEBUG o.s.web.servlet.DispatcherServlet - POST "/auth/verify", parameters={}
2025-08-25 11:45:48 [http-nio-8081-exec-9] DEBUG o.s.w.s.m.m.a.RequestMappingHandlerMapping - Mapped to com.memorin.user.controller.AuthController#verifyToken(Map)
2025-08-25 11:45:48 [http-nio-8081-exec-9] DEBUG o.s.w.s.m.m.a.RequestResponseBodyMethodProcessor - Read "application/json;charset=UTF-8" to [{}]
2025-08-25 11:45:48 [http-nio-8081-exec-9] DEBUG o.s.w.s.m.m.a.ExceptionHandlerExceptionResolver - Using @ExceptionHandler com.memorin.user.exception.GlobalExceptionHandler#handleUserException(UserException, WebRequest)
2025-08-25 11:45:48 [http-nio-8081-exec-9] ERROR c.m.u.e.GlobalExceptionHandler - 用户服务异常: 令牌不能为空
com.memorin.user.exception.UserException$ValidationException: 令牌不能为空
	at com.memorin.user.controller.AuthController.verifyToken(AuthController.java:126)
	at sun.reflect.NativeMethodAccessorImpl.invoke0(Native Method)
	at sun.reflect.NativeMethodAccessorImpl.invoke(NativeMethodAccessorImpl.java:62)
	at sun.reflect.DelegatingMethodAccessorImpl.invoke(DelegatingMethodAccessorImpl.java:43)
	at java.lang.reflect.Method.invoke(Method.java:498)
	at org.springframework.web.method.support.InvocableHandlerMethod.doInvoke(InvocableHandlerMethod.java:205)
	at org.springframework.web.method.support.InvocableHandlerMethod.invokeForRequest(InvocableHandlerMethod.java:150)
	at org.springframework.web.servlet.mvc.method.annotation.ServletInvocableHandlerMethod.invokeAndHandle(ServletInvocableHandlerMethod.java:117)
	at org.springframework.web.servlet.mvc.method.annotation.RequestMappingHandlerAdapter.invokeHandlerMethod(RequestMappingHandlerAdapter.java:895)
	at org.springframework.web.servlet.mvc.method.annotation.RequestMappingHandlerAdapter.handleInternal(RequestMappingHandlerAdapter.java:808)
	at org.springframework.web.servlet.mvc.method.AbstractHandlerMethodAdapter.handle(AbstractHandlerMethodAdapter.java:87)
	at org.springframework.web.servlet.DispatcherServlet.doDispatch(DispatcherServlet.java:1072)
	at org.springframework.web.servlet.DispatcherServlet.doService(DispatcherServlet.java:965)
	at org.springframework.web.servlet.FrameworkServlet.processRequest(FrameworkServlet.java:1006)
	at org.springframework.web.servlet.FrameworkServlet.doPost(FrameworkServlet.java:909)
	at javax.servlet.http.HttpServlet.service(HttpServlet.java:555)
	at org.springframework.web.servlet.FrameworkServlet.service(FrameworkServlet.java:883)
	at javax.servlet.http.HttpServlet.service(HttpServlet.java:623)
	at org.apache.catalina.core.ApplicationFilterChain.internalDoFilter(ApplicationFilterChain.java:209)
	at org.apache.catalina.core.ApplicationFilterChain.doFilter(ApplicationFilterChain.java:153)
	at org.apache.tomcat.websocket.server.WsFilter.doFilter(WsFilter.java:51)
	at org.apache.catalina.core.ApplicationFilterChain.internalDoFilter(ApplicationFilterChain.java:178)
	at org.apache.catalina.core.ApplicationFilterChain.doFilter(ApplicationFilterChain.java:153)
	at org.springframework.security.web.FilterChainProxy$VirtualFilterChain.doFilter(FilterChainProxy.java:337)
	at org.springframework.security.web.access.intercept.FilterSecurityInterceptor.invoke(FilterSecurityInterceptor.java:115)
	at org.springframework.security.web.access.intercept.FilterSecurityInterceptor.doFilter(FilterSecurityInterceptor.java:81)
	at org.springframework.security.web.FilterChainProxy$VirtualFilterChain.doFilter(FilterChainProxy.java:346)
	at org.springframework.security.web.access.ExceptionTranslationFilter.doFilter(ExceptionTranslationFilter.java:122)
	at org.springframework.security.web.access.ExceptionTranslationFilter.doFilter(ExceptionTranslationFilter.java:116)
	at org.springframework.security.web.FilterChainProxy$VirtualFilterChain.doFilter(FilterChainProxy.java:346)
	at org.springframework.security.web.authentication.AnonymousAuthenticationFilter.doFilter(AnonymousAuthenticationFilter.java:109)
	at org.springframework.security.web.FilterChainProxy$VirtualFilterChain.doFilter(FilterChainProxy.java:346)
	at org.springframework.security.web.servletapi.SecurityContextHolderAwareRequestFilter.doFilter(SecurityContextHolderAwareRequestFilter.java:149)
	at org.springframework.security.web.FilterChainProxy$VirtualFilterChain.doFilter(FilterChainProxy.java:346)
	at org.springframework.security.web.savedrequest.RequestCacheAwareFilter.doFilter(RequestCacheAwareFilter.java:63)
	at org.springframework.security.web.FilterChainProxy$VirtualFilterChain.doFilter(FilterChainProxy.java:346)
	at org.springframework.security.web.authentication.logout.LogoutFilter.doFilter(LogoutFilter.java:103)
	at org.springframework.security.web.authentication.logout.LogoutFilter.doFilter(LogoutFilter.java:89)
	at org.springframework.security.web.FilterChainProxy$VirtualFilterChain.doFilter(FilterChainProxy.java:346)
	at org.springframework.web.filter.CorsFilter.doFilterInternal(CorsFilter.java:91)
	at org.springframework.web.filter.OncePerRequestFilter.doFilter(OncePerRequestFilter.java:117)
	at org.springframework.security.web.FilterChainProxy$VirtualFilterChain.doFilter(FilterChainProxy.java:346)
	at org.springframework.security.web.header.HeaderWriterFilter.doHeadersAfter(HeaderWriterFilter.java:90)
	at org.springframework.security.web.header.HeaderWriterFilter.doFilterInternal(HeaderWriterFilter.java:75)
	at org.springframework.web.filter.OncePerRequestFilter.doFilter(OncePerRequestFilter.java:117)
	at org.springframework.security.web.FilterChainProxy$VirtualFilterChain.doFilter(FilterChainProxy.java:346)
	at org.springframework.security.web.context.SecurityContextPersistenceFilter.doFilter(SecurityContextPersistenceFilter.java:112)
	at org.springframework.security.web.context.SecurityContextPersistenceFilter.doFilter(SecurityContextPersistenceFilter.java:82)
	at org.springframework.security.web.FilterChainProxy$VirtualFilterChain.doFilter(FilterChainProxy.java:346)
	at org.springframework.security.web.context.request.async.WebAsyncManagerIntegrationFilter.doFilterInternal(WebAsyncManagerIntegrationFilter.java:55)
	at org.springframework.web.filter.OncePerRequestFilter.doFilter(OncePerRequestFilter.java:117)
	at org.springframework.security.web.FilterChainProxy$VirtualFilterChain.doFilter(FilterChainProxy.java:346)
	at org.springframework.security.web.FilterChainProxy.doFilterInternal(FilterChainProxy.java:221)
	at org.springframework.security.web.FilterChainProxy.doFilter(FilterChainProxy.java:186)
	at org.springframework.web.filter.DelegatingFilterProxy.invokeDelegate(DelegatingFilterProxy.java:354)
	at org.springframework.web.filter.DelegatingFilterProxy.doFilter(DelegatingFilterProxy.java:267)
	at org.apache.catalina.core.ApplicationFilterChain.internalDoFilter(ApplicationFilterChain.java:178)
	at org.apache.catalina.core.ApplicationFilterChain.doFilter(ApplicationFilterChain.java:153)
	at org.springframework.web.filter.RequestContextFilter.doFilterInternal(RequestContextFilter.java:100)
	at org.springframework.web.filter.OncePerRequestFilter.doFilter(OncePerRequestFilter.java:117)
	at org.apache.catalina.core.ApplicationFilterChain.internalDoFilter(ApplicationFilterChain.java:178)
	at org.apache.catalina.core.ApplicationFilterChain.doFilter(ApplicationFilterChain.java:153)
	at org.springframework.web.filter.FormContentFilter.doFilterInternal(FormContentFilter.java:93)
	at org.springframework.web.filter.OncePerRequestFilter.doFilter(OncePerRequestFilter.java:117)
	at org.apache.catalina.core.ApplicationFilterChain.internalDoFilter(ApplicationFilterChain.java:178)
	at org.apache.catalina.core.ApplicationFilterChain.doFilter(ApplicationFilterChain.java:153)
	at org.springframework.boot.actuate.metrics.web.servlet.WebMvcMetricsFilter.doFilterInternal(WebMvcMetricsFilter.java:96)
	at org.springframework.web.filter.OncePerRequestFilter.doFilter(OncePerRequestFilter.java:117)
	at org.apache.catalina.core.ApplicationFilterChain.internalDoFilter(ApplicationFilterChain.java:178)
	at org.apache.catalina.core.ApplicationFilterChain.doFilter(ApplicationFilterChain.java:153)
	at org.springframework.web.filter.CharacterEncodingFilter.doFilterInternal(CharacterEncodingFilter.java:201)
	at org.springframework.web.filter.OncePerRequestFilter.doFilter(OncePerRequestFilter.java:117)
	at org.apache.catalina.core.ApplicationFilterChain.internalDoFilter(ApplicationFilterChain.java:178)
	at org.apache.catalina.core.ApplicationFilterChain.doFilter(ApplicationFilterChain.java:153)
	at org.apache.catalina.core.StandardWrapperValve.invoke(StandardWrapperValve.java:168)
	at org.apache.catalina.core.StandardContextValve.invoke(StandardContextValve.java:90)
	at org.apache.catalina.authenticator.AuthenticatorBase.invoke(AuthenticatorBase.java:481)
	at org.apache.catalina.core.StandardHostValve.invoke(StandardHostValve.java:130)
	at org.apache.catalina.valves.ErrorReportValve.invoke(ErrorReportValve.java:93)
	at org.apache.catalina.core.StandardEngineValve.invoke(StandardEngineValve.java:74)
	at org.apache.catalina.connector.CoyoteAdapter.service(CoyoteAdapter.java:342)
	at org.apache.coyote.http11.Http11Processor.service(Http11Processor.java:390)
	at org.apache.coyote.AbstractProcessorLight.process(AbstractProcessorLight.java:63)
	at org.apache.coyote.AbstractProtocol$ConnectionHandler.process(AbstractProtocol.java:928)
	at org.apache.tomcat.util.net.NioEndpoint$SocketProcessor.doRun(NioEndpoint.java:1794)
	at org.apache.tomcat.util.net.SocketProcessorBase.run(SocketProcessorBase.java:52)
	at org.apache.tomcat.util.threads.ThreadPoolExecutor.runWorker(ThreadPoolExecutor.java:1191)
	at org.apache.tomcat.util.threads.ThreadPoolExecutor$Worker.run(ThreadPoolExecutor.java:659)
	at org.apache.tomcat.util.threads.TaskThread$WrappingRunnable.run(TaskThread.java:61)
	at java.lang.Thread.run(Thread.java:750)
2025-08-25 11:45:48 [http-nio-8081-exec-9] DEBUG o.s.w.s.m.m.a.HttpEntityMethodProcessor - Using 'application/json', given [*/*] and supported [application/json, application/*+json, application/json, application/*+json]
2025-08-25 11:45:48 [http-nio-8081-exec-9] DEBUG o.s.w.s.m.m.a.HttpEntityMethodProcessor - Writing [{path=uri=/auth/verify, success=false, error=VALIDATION_ERROR, message=令牌不能为空, timestamp=2025-08-25T (truncated)...]
2025-08-25 11:45:48 [http-nio-8081-exec-9] DEBUG o.s.s.w.c.HttpSessionSecurityContextRepository - Did not store anonymous SecurityContext
2025-08-25 11:45:48 [http-nio-8081-exec-9] DEBUG o.s.w.s.m.m.a.ExceptionHandlerExceptionResolver - Resolved [com.memorin.user.exception.UserException$ValidationException: 令牌不能为空]
2025-08-25 11:45:48 [http-nio-8081-exec-9] DEBUG o.s.web.servlet.DispatcherServlet - Completed 400 BAD_REQUEST
2025-08-25 11:45:48 [http-nio-8081-exec-9] DEBUG o.s.s.w.c.HttpSessionSecurityContextRepository - Did not store anonymous SecurityContext
2025-08-25 11:45:48 [http-nio-8081-exec-9] DEBUG o.s.s.w.c.SecurityContextPersistenceFilter - Cleared SecurityContextHolder to complete request
2025-08-25 11:45:51 [http-nio-8081-exec-10] DEBUG o.s.security.web.FilterChainProxy - Securing GET /test/users
2025-08-25 11:45:51 [http-nio-8081-exec-10] DEBUG o.s.s.w.c.SecurityContextPersistenceFilter - Set SecurityContextHolder to empty SecurityContext
2025-08-25 11:45:51 [http-nio-8081-exec-10] DEBUG o.s.w.s.m.m.a.RequestMappingHandlerMapping - Mapped to com.memorin.user.controller.TestController#getAllUsers()
2025-08-25 11:45:51 [http-nio-8081-exec-10] DEBUG o.s.s.w.a.AnonymousAuthenticationFilter - Set SecurityContextHolder to anonymous SecurityContext
2025-08-25 11:45:51 [http-nio-8081-exec-10] DEBUG o.s.s.w.a.i.FilterSecurityInterceptor - Authorized filter invocation [GET /test/users] with attributes [permitAll]
2025-08-25 11:45:51 [http-nio-8081-exec-10] DEBUG o.s.security.web.FilterChainProxy - Secured GET /test/users
2025-08-25 11:45:51 [http-nio-8081-exec-10] DEBUG o.s.web.servlet.DispatcherServlet - GET "/test/users", parameters={}
2025-08-25 11:45:51 [http-nio-8081-exec-10] DEBUG o.s.w.s.m.m.a.RequestMappingHandlerMapping - Mapped to com.memorin.user.controller.TestController#getAllUsers()
2025-08-25 11:45:51 [http-nio-8081-exec-10] DEBUG org.hibernate.SQL - 
    /* select
        generatedAlias0 
    from
        User as generatedAlias0 */ select
            user0_.id as id1_0_,
            user0_.created_at as created_2_0_,
            user0_.email as email3_0_,
            user0_.password_hash as password4_0_,
            user0_.status as status5_0_,
            user0_.updated_at as updated_6_0_,
            user0_.username as username7_0_ 
        from
            users user0_
2025-08-25 11:45:51 [http-nio-8081-exec-10] DEBUG o.s.w.s.m.m.a.HttpEntityMethodProcessor - Using 'application/json', given [*/*] and supported [application/json, application/*+json, application/json, application/*+json]
2025-08-25 11:45:51 [http-nio-8081-exec-10] DEBUG o.s.w.s.m.m.a.HttpEntityMethodProcessor - Writing [{success=true, count=1, message=获取用户列表成功, users=[User{id=1, username='testuser', email='test@example (truncated)...]
2025-08-25 11:45:51 [http-nio-8081-exec-10] DEBUG o.s.s.w.c.HttpSessionSecurityContextRepository - Did not store anonymous SecurityContext
2025-08-25 11:45:51 [http-nio-8081-exec-10] DEBUG o.s.web.servlet.DispatcherServlet - Completed 200 OK
2025-08-25 11:45:51 [http-nio-8081-exec-10] DEBUG o.s.s.w.c.HttpSessionSecurityContextRepository - Did not store anonymous SecurityContext
2025-08-25 11:45:51 [http-nio-8081-exec-10] DEBUG o.s.s.w.c.SecurityContextPersistenceFilter - Cleared SecurityContextHolder to complete request
2025-08-25 11:45:53 [http-nio-8081-exec-2] DEBUG o.s.security.web.FilterChainProxy - Securing GET /test/user/1
2025-08-25 11:45:53 [http-nio-8081-exec-2] DEBUG o.s.s.w.c.SecurityContextPersistenceFilter - Set SecurityContextHolder to empty SecurityContext
2025-08-25 11:45:53 [http-nio-8081-exec-2] DEBUG o.s.w.s.m.m.a.RequestMappingHandlerMapping - Mapped to com.memorin.user.controller.TestController#getUser(String)
2025-08-25 11:45:53 [http-nio-8081-exec-2] DEBUG o.s.s.w.a.AnonymousAuthenticationFilter - Set SecurityContextHolder to anonymous SecurityContext
2025-08-25 11:45:53 [http-nio-8081-exec-2] DEBUG o.s.s.w.a.i.FilterSecurityInterceptor - Authorized filter invocation [GET /test/user/1] with attributes [permitAll]
2025-08-25 11:45:53 [http-nio-8081-exec-2] DEBUG o.s.security.web.FilterChainProxy - Secured GET /test/user/1
2025-08-25 11:45:53 [http-nio-8081-exec-2] DEBUG o.s.web.servlet.DispatcherServlet - GET "/test/user/1", parameters={}
2025-08-25 11:45:53 [http-nio-8081-exec-2] DEBUG o.s.w.s.m.m.a.RequestMappingHandlerMapping - Mapped to com.memorin.user.controller.TestController#getUser(String)
2025-08-25 11:45:53 [http-nio-8081-exec-2] DEBUG o.s.w.s.m.m.a.HttpEntityMethodProcessor - Using 'application/json', given [*/*] and supported [application/json, application/*+json, application/json, application/*+json]
2025-08-25 11:45:53 [http-nio-8081-exec-2] DEBUG o.s.w.s.m.m.a.HttpEntityMethodProcessor - Writing [{message=获取用户信息, userId=1, timestamp=2025-08-25T11:45:53.438}]
2025-08-25 11:45:53 [http-nio-8081-exec-2] DEBUG o.s.s.w.c.HttpSessionSecurityContextRepository - Did not store anonymous SecurityContext
2025-08-25 11:45:53 [http-nio-8081-exec-2] DEBUG o.s.web.servlet.DispatcherServlet - Completed 200 OK
2025-08-25 11:45:53 [http-nio-8081-exec-2] DEBUG o.s.s.w.c.HttpSessionSecurityContextRepository - Did not store anonymous SecurityContext
2025-08-25 11:45:53 [http-nio-8081-exec-2] DEBUG o.s.s.w.c.SecurityContextPersistenceFilter - Cleared SecurityContextHolder to complete request
2025-08-25 11:46:11 [http-nio-8081-exec-7] DEBUG o.s.security.web.FilterChainProxy - Securing POST /auth/verify
2025-08-25 11:46:11 [http-nio-8081-exec-7] DEBUG o.s.s.w.c.SecurityContextPersistenceFilter - Set SecurityContextHolder to empty SecurityContext
2025-08-25 11:46:11 [http-nio-8081-exec-7] DEBUG o.s.w.s.m.m.a.RequestMappingHandlerMapping - Mapped to com.memorin.user.controller.AuthController#verifyToken(Map)
2025-08-25 11:46:11 [http-nio-8081-exec-7] DEBUG o.s.s.w.a.AnonymousAuthenticationFilter - Set SecurityContextHolder to anonymous SecurityContext
2025-08-25 11:46:11 [http-nio-8081-exec-7] DEBUG o.s.s.w.a.i.FilterSecurityInterceptor - Authorized filter invocation [POST /auth/verify] with attributes [permitAll]
2025-08-25 11:46:11 [http-nio-8081-exec-7] DEBUG o.s.security.web.FilterChainProxy - Secured POST /auth/verify
2025-08-25 11:46:11 [http-nio-8081-exec-7] DEBUG o.s.web.servlet.DispatcherServlet - POST "/auth/verify", parameters={}
2025-08-25 11:46:11 [http-nio-8081-exec-7] DEBUG o.s.w.s.m.m.a.RequestMappingHandlerMapping - Mapped to com.memorin.user.controller.AuthController#verifyToken(Map)
2025-08-25 11:46:11 [http-nio-8081-exec-7] DEBUG o.s.w.s.m.m.a.RequestResponseBodyMethodProcessor - Read "application/json;charset=UTF-8" to [{token=eyJhbGciOiJIUzI1NiJ9.eyJ1c2VySWQiOjEsInN1YiI6InRlc3R1c2VyIiwiaWF0IjoxNzU2MDkzNTA4LCJleHAiOjE4 (truncated)...]
2025-08-25 11:46:11 [http-nio-8081-exec-7] DEBUG o.s.w.s.m.m.a.HttpEntityMethodProcessor - Using 'application/json', given [*/*] and supported [application/json, application/*+json, application/json, application/*+json]
2025-08-25 11:46:11 [http-nio-8081-exec-7] DEBUG o.s.w.s.m.m.a.HttpEntityMethodProcessor - Writing [{success=true, message=令牌验证功能待实现}]
2025-08-25 11:46:11 [http-nio-8081-exec-7] DEBUG o.s.s.w.c.HttpSessionSecurityContextRepository - Did not store anonymous SecurityContext
2025-08-25 11:46:11 [http-nio-8081-exec-7] DEBUG o.s.web.servlet.DispatcherServlet - Completed 200 OK
2025-08-25 11:46:11 [http-nio-8081-exec-7] DEBUG o.s.s.w.c.HttpSessionSecurityContextRepository - Did not store anonymous SecurityContext
2025-08-25 11:46:11 [http-nio-8081-exec-7] DEBUG o.s.s.w.c.SecurityContextPersistenceFilter - Cleared SecurityContextHolder to complete request
2025-08-25 11:46:15 [http-nio-8081-exec-6] DEBUG o.s.security.web.FilterChainProxy - Securing GET /test/user/username/testuser
2025-08-25 11:46:15 [http-nio-8081-exec-6] DEBUG o.s.s.w.c.SecurityContextPersistenceFilter - Set SecurityContextHolder to empty SecurityContext
2025-08-25 11:46:15 [http-nio-8081-exec-6] DEBUG o.s.w.s.m.m.a.RequestMappingHandlerMapping - Mapped to com.memorin.user.controller.TestController#getUserByUsername(String)
2025-08-25 11:46:15 [http-nio-8081-exec-6] DEBUG o.s.s.w.a.AnonymousAuthenticationFilter - Set SecurityContextHolder to anonymous SecurityContext
2025-08-25 11:46:15 [http-nio-8081-exec-6] DEBUG o.s.s.w.a.i.FilterSecurityInterceptor - Authorized filter invocation [GET /test/user/username/testuser] with attributes [permitAll]
2025-08-25 11:46:15 [http-nio-8081-exec-6] DEBUG o.s.security.web.FilterChainProxy - Secured GET /test/user/username/testuser
2025-08-25 11:46:15 [http-nio-8081-exec-6] DEBUG o.s.web.servlet.DispatcherServlet - GET "/test/user/username/testuser", parameters={}
2025-08-25 11:46:15 [http-nio-8081-exec-6] DEBUG o.s.w.s.m.m.a.RequestMappingHandlerMapping - Mapped to com.memorin.user.controller.TestController#getUserByUsername(String)
2025-08-25 11:46:15 [http-nio-8081-exec-6] DEBUG org.hibernate.SQL - 
    /* select
        generatedAlias0 
    from
        User as generatedAlias0 
    where
        generatedAlias0.username=:param0 */ select
            user0_.id as id1_0_,
            user0_.created_at as created_2_0_,
            user0_.email as email3_0_,
            user0_.password_hash as password4_0_,
            user0_.status as status5_0_,
            user0_.updated_at as updated_6_0_,
            user0_.username as username7_0_ 
        from
            users user0_ 
        where
            user0_.username=?
2025-08-25 11:46:15 [http-nio-8081-exec-6] TRACE o.h.type.descriptor.sql.BasicBinder - binding parameter [1] as [VARCHAR] - [testuser]
2025-08-25 11:46:15 [http-nio-8081-exec-6] DEBUG o.s.w.s.m.m.a.HttpEntityMethodProcessor - Using 'application/json', given [*/*] and supported [application/json, application/*+json, application/json, application/*+json]
2025-08-25 11:46:15 [http-nio-8081-exec-6] DEBUG o.s.w.s.m.m.a.HttpEntityMethodProcessor - Writing [{success=true, message=获取用户成功, user=User{id=1, username='testuser', email='test@example.com', status (truncated)...]
2025-08-25 11:46:15 [http-nio-8081-exec-6] DEBUG o.s.s.w.c.HttpSessionSecurityContextRepository - Did not store anonymous SecurityContext
2025-08-25 11:46:15 [http-nio-8081-exec-6] DEBUG o.s.web.servlet.DispatcherServlet - Completed 200 OK
2025-08-25 11:46:15 [http-nio-8081-exec-6] DEBUG o.s.s.w.c.HttpSessionSecurityContextRepository - Did not store anonymous SecurityContext
2025-08-25 11:46:15 [http-nio-8081-exec-6] DEBUG o.s.s.w.c.SecurityContextPersistenceFilter - Cleared SecurityContextHolder to complete request
2025-08-25 11:46:17 [http-nio-8081-exec-8] DEBUG o.s.security.web.FilterChainProxy - Securing GET /test/info
2025-08-25 11:46:17 [http-nio-8081-exec-8] DEBUG o.s.s.w.c.SecurityContextPersistenceFilter - Set SecurityContextHolder to empty SecurityContext
2025-08-25 11:46:17 [http-nio-8081-exec-8] DEBUG o.s.w.s.m.m.a.RequestMappingHandlerMapping - Mapped to com.memorin.user.controller.TestController#info()
2025-08-25 11:46:17 [http-nio-8081-exec-8] DEBUG o.s.s.w.a.AnonymousAuthenticationFilter - Set SecurityContextHolder to anonymous SecurityContext
2025-08-25 11:46:17 [http-nio-8081-exec-8] DEBUG o.s.s.w.a.i.FilterSecurityInterceptor - Authorized filter invocation [GET /test/info] with attributes [permitAll]
2025-08-25 11:46:17 [http-nio-8081-exec-8] DEBUG o.s.security.web.FilterChainProxy - Secured GET /test/info
2025-08-25 11:46:17 [http-nio-8081-exec-8] DEBUG o.s.web.servlet.DispatcherServlet - GET "/test/info", parameters={}
2025-08-25 11:46:17 [http-nio-8081-exec-8] DEBUG o.s.w.s.m.m.a.RequestMappingHandlerMapping - Mapped to com.memorin.user.controller.TestController#info()
2025-08-25 11:46:17 [http-nio-8081-exec-8] DEBUG o.s.w.s.m.m.a.HttpEntityMethodProcessor - Using 'application/json', given [*/*] and supported [application/json, application/*+json, application/json, application/*+json]
2025-08-25 11:46:17 [http-nio-8081-exec-8] DEBUG o.s.w.s.m.m.a.HttpEntityMethodProcessor - Writing [{application=memorin-user-service, port=8081, java.version=1.8.0_451, os.name=Windows 11, descriptio (truncated)...]
2025-08-25 11:46:17 [http-nio-8081-exec-8] DEBUG o.s.s.w.c.HttpSessionSecurityContextRepository - Did not store anonymous SecurityContext
2025-08-25 11:46:17 [http-nio-8081-exec-8] DEBUG o.s.web.servlet.DispatcherServlet - Completed 200 OK
2025-08-25 11:46:17 [http-nio-8081-exec-8] DEBUG o.s.s.w.c.HttpSessionSecurityContextRepository - Did not store anonymous SecurityContext
2025-08-25 11:46:17 [http-nio-8081-exec-8] DEBUG o.s.s.w.c.SecurityContextPersistenceFilter - Cleared SecurityContextHolder to complete request
2025-08-25 11:46:25 [http-nio-8081-exec-10] DEBUG o.s.security.web.FilterChainProxy - Securing POST /test/user/create
2025-08-25 11:46:25 [http-nio-8081-exec-10] DEBUG o.s.s.w.c.SecurityContextPersistenceFilter - Set SecurityContextHolder to empty SecurityContext
2025-08-25 11:46:25 [http-nio-8081-exec-10] DEBUG o.s.w.s.m.m.a.RequestMappingHandlerMapping - Mapped to com.memorin.user.controller.TestController#createUser(Map)
2025-08-25 11:46:25 [http-nio-8081-exec-10] DEBUG o.s.s.w.a.AnonymousAuthenticationFilter - Set SecurityContextHolder to anonymous SecurityContext
2025-08-25 11:46:25 [http-nio-8081-exec-10] DEBUG o.s.s.w.a.i.FilterSecurityInterceptor - Authorized filter invocation [POST /test/user/create] with attributes [permitAll]
2025-08-25 11:46:25 [http-nio-8081-exec-10] DEBUG o.s.security.web.FilterChainProxy - Secured POST /test/user/create
2025-08-25 11:46:25 [http-nio-8081-exec-10] DEBUG o.s.web.servlet.DispatcherServlet - POST "/test/user/create", parameters={}
2025-08-25 11:46:25 [http-nio-8081-exec-10] DEBUG o.s.w.s.m.m.a.RequestMappingHandlerMapping - Mapped to com.memorin.user.controller.TestController#createUser(Map)
2025-08-25 11:46:25 [http-nio-8081-exec-10] DEBUG o.s.w.s.m.m.a.RequestResponseBodyMethodProcessor - Read "application/json;charset=UTF-8" to [{username=testuser2, email=test2@example.com, password=Test123456, nickname=测试用户2, phone=13800138001 (truncated)...]
2025-08-25 11:46:25 [http-nio-8081-exec-10] DEBUG org.hibernate.SQL - 
    /* select
        generatedAlias0 
    from
        User as generatedAlias0 
    where
        generatedAlias0.username=:param0 */ select
            user0_.id as id1_0_,
            user0_.created_at as created_2_0_,
            user0_.email as email3_0_,
            user0_.password_hash as password4_0_,
            user0_.status as status5_0_,
            user0_.updated_at as updated_6_0_,
            user0_.username as username7_0_ 
        from
            users user0_ 
        where
            user0_.username=?
2025-08-25 11:46:25 [http-nio-8081-exec-10] TRACE o.h.type.descriptor.sql.BasicBinder - binding parameter [1] as [VARCHAR] - [testuser2]
2025-08-25 11:46:25 [http-nio-8081-exec-10] DEBUG org.hibernate.SQL - 
    /* select
        generatedAlias0 
    from
        User as generatedAlias0 
    where
        generatedAlias0.email=:param0 */ select
            user0_.id as id1_0_,
            user0_.created_at as created_2_0_,
            user0_.email as email3_0_,
            user0_.password_hash as password4_0_,
            user0_.status as status5_0_,
            user0_.updated_at as updated_6_0_,
            user0_.username as username7_0_ 
        from
            users user0_ 
        where
            user0_.email=?
2025-08-25 11:46:25 [http-nio-8081-exec-10] TRACE o.h.type.descriptor.sql.BasicBinder - binding parameter [1] as [VARCHAR] - [test2@example.com]
2025-08-25 11:46:25 [http-nio-8081-exec-10] DEBUG org.hibernate.SQL - 
    /* insert com.memorin.user.entity.User
        */ insert 
        into
            users
            (id, created_at, email, password_hash, status, updated_at, username) 
        values
            (default, ?, ?, ?, ?, ?, ?)
2025-08-25 11:46:25 [http-nio-8081-exec-10] TRACE o.h.type.descriptor.sql.BasicBinder - binding parameter [1] as [TIMESTAMP] - [2025-08-25T11:46:25.552]
2025-08-25 11:46:25 [http-nio-8081-exec-10] TRACE o.h.type.descriptor.sql.BasicBinder - binding parameter [2] as [VARCHAR] - [test2@example.com]
2025-08-25 11:46:25 [http-nio-8081-exec-10] TRACE o.h.type.descriptor.sql.BasicBinder - binding parameter [3] as [VARCHAR] - [$2a$10$sCpbSPowVOzlZ8QIEZAUf.PrYxvHwELBLd7Oyf2GJv3y01IeJ4i5K]
2025-08-25 11:46:25 [http-nio-8081-exec-10] TRACE o.h.type.descriptor.sql.BasicBinder - binding parameter [4] as [VARCHAR] - [ACTIVE]
2025-08-25 11:46:25 [http-nio-8081-exec-10] TRACE o.h.type.descriptor.sql.BasicBinder - binding parameter [5] as [TIMESTAMP] - [2025-08-25T11:46:25.552]
2025-08-25 11:46:25 [http-nio-8081-exec-10] TRACE o.h.type.descriptor.sql.BasicBinder - binding parameter [6] as [VARCHAR] - [testuser2]
2025-08-25 11:46:25 [http-nio-8081-exec-10] DEBUG o.s.w.s.m.m.a.HttpEntityMethodProcessor - Using 'application/json', given [*/*] and supported [application/json, application/*+json, application/json, application/*+json]
2025-08-25 11:46:25 [http-nio-8081-exec-10] DEBUG o.s.w.s.m.m.a.HttpEntityMethodProcessor - Writing [{createdAt=2025-08-25T11:46:25.552, success=true, message=用户创建成功, userId=2, email=test2@example.com, (truncated)...]
2025-08-25 11:46:25 [http-nio-8081-exec-10] DEBUG o.s.s.w.c.HttpSessionSecurityContextRepository - Did not store anonymous SecurityContext
2025-08-25 11:46:25 [http-nio-8081-exec-10] DEBUG o.s.web.servlet.DispatcherServlet - Completed 200 OK
2025-08-25 11:46:25 [http-nio-8081-exec-10] DEBUG o.s.s.w.c.HttpSessionSecurityContextRepository - Did not store anonymous SecurityContext
2025-08-25 11:46:25 [http-nio-8081-exec-10] DEBUG o.s.s.w.c.SecurityContextPersistenceFilter - Cleared SecurityContextHolder to complete request
2025-08-25 11:46:28 [http-nio-8081-exec-2] DEBUG o.s.security.web.FilterChainProxy - Securing POST /test/echo
2025-08-25 11:46:28 [http-nio-8081-exec-2] DEBUG o.s.s.w.c.SecurityContextPersistenceFilter - Set SecurityContextHolder to empty SecurityContext
2025-08-25 11:46:28 [http-nio-8081-exec-2] DEBUG o.s.w.s.m.m.a.RequestMappingHandlerMapping - Mapped to com.memorin.user.controller.TestController#echo(Map)
2025-08-25 11:46:28 [http-nio-8081-exec-2] DEBUG o.s.s.w.a.AnonymousAuthenticationFilter - Set SecurityContextHolder to anonymous SecurityContext
2025-08-25 11:46:28 [http-nio-8081-exec-2] DEBUG o.s.s.w.a.i.FilterSecurityInterceptor - Authorized filter invocation [POST /test/echo] with attributes [permitAll]
2025-08-25 11:46:28 [http-nio-8081-exec-2] DEBUG o.s.security.web.FilterChainProxy - Secured POST /test/echo
2025-08-25 11:46:28 [http-nio-8081-exec-2] DEBUG o.s.web.servlet.DispatcherServlet - POST "/test/echo", parameters={}
2025-08-25 11:46:28 [http-nio-8081-exec-2] DEBUG o.s.w.s.m.m.a.RequestMappingHandlerMapping - Mapped to com.memorin.user.controller.TestController#echo(Map)
2025-08-25 11:46:28 [http-nio-8081-exec-2] DEBUG o.s.w.s.m.m.a.RequestResponseBodyMethodProcessor - Read "application/json;charset=UTF-8" to [{message=Hello World}]
2025-08-25 11:46:28 [http-nio-8081-exec-2] DEBUG o.s.w.s.m.m.a.HttpEntityMethodProcessor - Using 'application/json', given [*/*] and supported [application/json, application/*+json, application/json, application/*+json]
2025-08-25 11:46:28 [http-nio-8081-exec-2] DEBUG o.s.w.s.m.m.a.HttpEntityMethodProcessor - Writing [{received={message=Hello World}, message=数据回显成功, timestamp=2025-08-25T11:46:28.602}]
2025-08-25 11:46:28 [http-nio-8081-exec-2] DEBUG o.s.s.w.c.HttpSessionSecurityContextRepository - Did not store anonymous SecurityContext
2025-08-25 11:46:28 [http-nio-8081-exec-2] DEBUG o.s.web.servlet.DispatcherServlet - Completed 200 OK
2025-08-25 11:46:28 [http-nio-8081-exec-2] DEBUG o.s.s.w.c.HttpSessionSecurityContextRepository - Did not store anonymous SecurityContext
2025-08-25 11:46:28 [http-nio-8081-exec-2] DEBUG o.s.s.w.c.SecurityContextPersistenceFilter - Cleared SecurityContextHolder to complete request
2025-08-25 11:46:31 [http-nio-8081-exec-7] DEBUG o.s.security.web.FilterChainProxy - Securing GET /test/search?query=test
2025-08-25 11:46:31 [http-nio-8081-exec-7] DEBUG o.s.s.w.c.SecurityContextPersistenceFilter - Set SecurityContextHolder to empty SecurityContext
2025-08-25 11:46:31 [http-nio-8081-exec-7] DEBUG o.s.w.s.m.m.a.RequestMappingHandlerMapping - Mapped to com.memorin.user.controller.TestController#search(String, int, int)
2025-08-25 11:46:31 [http-nio-8081-exec-7] DEBUG o.s.s.w.a.AnonymousAuthenticationFilter - Set SecurityContextHolder to anonymous SecurityContext
2025-08-25 11:46:31 [http-nio-8081-exec-7] DEBUG o.s.s.w.a.i.FilterSecurityInterceptor - Authorized filter invocation [GET /test/search?query=test] with attributes [permitAll]
2025-08-25 11:46:31 [http-nio-8081-exec-7] DEBUG o.s.security.web.FilterChainProxy - Secured GET /test/search?query=test
2025-08-25 11:46:31 [http-nio-8081-exec-7] DEBUG o.s.web.servlet.DispatcherServlet - GET "/test/search?query=test", parameters={masked}
2025-08-25 11:46:31 [http-nio-8081-exec-7] DEBUG o.s.w.s.m.m.a.RequestMappingHandlerMapping - Mapped to com.memorin.user.controller.TestController#search(String, int, int)
2025-08-25 11:46:31 [http-nio-8081-exec-7] DEBUG o.s.w.s.m.m.a.HttpEntityMethodProcessor - Using 'application/json', given [*/*] and supported [application/json, application/*+json, application/json, application/*+json]
2025-08-25 11:46:31 [http-nio-8081-exec-7] DEBUG o.s.w.s.m.m.a.HttpEntityMethodProcessor - Writing [{size=10, page=1, keyword=null, message=搜索用户, timestamp=2025-08-25T11:46:31.203}]
2025-08-25 11:46:31 [http-nio-8081-exec-7] DEBUG o.s.s.w.c.HttpSessionSecurityContextRepository - Did not store anonymous SecurityContext
2025-08-25 11:46:31 [http-nio-8081-exec-7] DEBUG o.s.web.servlet.DispatcherServlet - Completed 200 OK
2025-08-25 11:46:31 [http-nio-8081-exec-7] DEBUG o.s.s.w.c.HttpSessionSecurityContextRepository - Did not store anonymous SecurityContext
2025-08-25 11:46:31 [http-nio-8081-exec-7] DEBUG o.s.s.w.c.SecurityContextPersistenceFilter - Cleared SecurityContextHolder to complete request
2025-08-25 11:46:37 [http-nio-8081-exec-6] DEBUG o.s.security.web.FilterChainProxy - Securing POST /test/password/verify
2025-08-25 11:46:37 [http-nio-8081-exec-6] DEBUG o.s.s.w.c.SecurityContextPersistenceFilter - Set SecurityContextHolder to empty SecurityContext
2025-08-25 11:46:37 [http-nio-8081-exec-6] DEBUG o.s.w.s.m.m.a.RequestMappingHandlerMapping - Mapped to com.memorin.user.controller.TestController#testPasswordVerification(Map)
2025-08-25 11:46:37 [http-nio-8081-exec-6] DEBUG o.s.s.w.a.AnonymousAuthenticationFilter - Set SecurityContextHolder to anonymous SecurityContext
2025-08-25 11:46:37 [http-nio-8081-exec-6] DEBUG o.s.s.w.a.i.FilterSecurityInterceptor - Authorized filter invocation [POST /test/password/verify] with attributes [permitAll]
2025-08-25 11:46:37 [http-nio-8081-exec-6] DEBUG o.s.security.web.FilterChainProxy - Secured POST /test/password/verify
2025-08-25 11:46:37 [http-nio-8081-exec-6] DEBUG o.s.web.servlet.DispatcherServlet - POST "/test/password/verify", parameters={}
2025-08-25 11:46:37 [http-nio-8081-exec-6] DEBUG o.s.w.s.m.m.a.RequestMappingHandlerMapping - Mapped to com.memorin.user.controller.TestController#testPasswordVerification(Map)
2025-08-25 11:46:37 [http-nio-8081-exec-6] DEBUG o.s.w.s.m.m.a.RequestResponseBodyMethodProcessor - Read "application/json;charset=UTF-8" to [{username=testuser, password=Test123456}]
2025-08-25 11:46:37 [http-nio-8081-exec-6] DEBUG o.s.w.s.m.m.a.HttpEntityMethodProcessor - Using 'application/json', given [*/*] and supported [application/json, application/*+json, application/json, application/*+json]
2025-08-25 11:46:37 [http-nio-8081-exec-6] DEBUG o.s.w.s.m.m.a.HttpEntityMethodProcessor - Writing [{plainPassword=Test123456, success=true, wrongPasswordMatch=false, encodedPassword=$2a$10$cY2W9lEyc7 (truncated)...]
2025-08-25 11:46:37 [http-nio-8081-exec-6] DEBUG o.s.s.w.c.HttpSessionSecurityContextRepository - Did not store anonymous SecurityContext
2025-08-25 11:46:37 [http-nio-8081-exec-6] DEBUG o.s.web.servlet.DispatcherServlet - Completed 200 OK
2025-08-25 11:46:37 [http-nio-8081-exec-6] DEBUG o.s.s.w.c.HttpSessionSecurityContextRepository - Did not store anonymous SecurityContext
2025-08-25 11:46:37 [http-nio-8081-exec-6] DEBUG o.s.s.w.c.SecurityContextPersistenceFilter - Cleared SecurityContextHolder to complete request
2025-08-25 14:14:29 [http-nio-8081-exec-8] DEBUG o.s.security.web.FilterChainProxy - Securing GET /actuator/health
2025-08-25 14:14:29 [http-nio-8081-exec-8] DEBUG o.s.s.w.c.SecurityContextPersistenceFilter - Set SecurityContextHolder to empty SecurityContext
2025-08-25 14:14:29 [http-nio-8081-exec-8] DEBUG o.s.s.w.a.AnonymousAuthenticationFilter - Set SecurityContextHolder to anonymous SecurityContext
2025-08-25 14:14:29 [http-nio-8081-exec-8] DEBUG o.s.s.w.a.i.FilterSecurityInterceptor - Authorized filter invocation [GET /actuator/health] with attributes [permitAll]
2025-08-25 14:14:29 [http-nio-8081-exec-8] DEBUG o.s.security.web.FilterChainProxy - Secured GET /actuator/health
2025-08-25 14:14:29 [http-nio-8081-exec-8] DEBUG o.s.web.servlet.DispatcherServlet - GET "/actuator/health", parameters={}
2025-08-25 14:14:29 [http-nio-8081-exec-8] DEBUG o.s.w.s.m.m.a.HttpEntityMethodProcessor - Using 'application/vnd.spring-boot.actuator.v3+json', given [*/*] and supported [application/vnd.spring-boot.actuator.v3+json, application/vnd.spring-boot.actuator.v2+json, application/json]
2025-08-25 14:14:29 [http-nio-8081-exec-8] DEBUG o.s.w.s.m.m.a.HttpEntityMethodProcessor - Writing [org.springframework.boot.actuate.health.SystemHealth@674b3c96]
2025-08-25 14:14:29 [http-nio-8081-exec-8] DEBUG o.s.s.w.c.HttpSessionSecurityContextRepository - Did not store anonymous SecurityContext
2025-08-25 14:14:29 [http-nio-8081-exec-8] DEBUG o.s.web.servlet.DispatcherServlet - Completed 200 OK
2025-08-25 14:14:29 [http-nio-8081-exec-8] DEBUG o.s.s.w.c.HttpSessionSecurityContextRepository - Did not store anonymous SecurityContext
2025-08-25 14:14:29 [http-nio-8081-exec-8] DEBUG o.s.s.w.c.SecurityContextPersistenceFilter - Cleared SecurityContextHolder to complete request
2025-08-25 14:14:58 [http-nio-8081-exec-10] DEBUG o.s.security.web.FilterChainProxy - Securing POST /api/auth/register
2025-08-25 14:14:58 [http-nio-8081-exec-10] DEBUG o.s.s.w.c.SecurityContextPersistenceFilter - Set SecurityContextHolder to empty SecurityContext
2025-08-25 14:14:58 [http-nio-8081-exec-10] DEBUG o.s.w.s.h.SimpleUrlHandlerMapping - Mapped to ResourceHttpRequestHandler [classpath [META-INF/resources/], classpath [resources/], classpath [static/], classpath [public/], ServletContext [/]]
2025-08-25 14:14:58 [http-nio-8081-exec-10] DEBUG o.s.s.w.a.AnonymousAuthenticationFilter - Set SecurityContextHolder to anonymous SecurityContext
2025-08-25 14:14:58 [http-nio-8081-exec-10] DEBUG o.s.s.w.a.i.FilterSecurityInterceptor - Failed to authorize filter invocation [POST /api/auth/register] with attributes [authenticated]
2025-08-25 14:14:58 [http-nio-8081-exec-10] DEBUG o.s.s.w.s.HttpSessionRequestCache - Saved request http://localhost:8081/api/auth/register to session
2025-08-25 14:14:58 [http-nio-8081-exec-10] DEBUG o.s.s.w.a.Http403ForbiddenEntryPoint - Pre-authenticated entry point called. Rejecting access
2025-08-25 14:14:58 [http-nio-8081-exec-10] DEBUG o.s.s.w.c.HttpSessionSecurityContextRepository - Did not store empty SecurityContext
2025-08-25 14:14:58 [http-nio-8081-exec-10] DEBUG o.s.s.w.c.HttpSessionSecurityContextRepository - Did not store empty SecurityContext
2025-08-25 14:14:58 [http-nio-8081-exec-10] DEBUG o.s.s.w.c.SecurityContextPersistenceFilter - Cleared SecurityContextHolder to complete request
2025-08-25 14:14:58 [http-nio-8081-exec-10] DEBUG o.s.security.web.FilterChainProxy - Securing POST /error
2025-08-25 14:14:58 [http-nio-8081-exec-10] DEBUG o.s.s.w.c.SecurityContextPersistenceFilter - Set SecurityContextHolder to empty SecurityContext
2025-08-25 14:14:58 [http-nio-8081-exec-10] DEBUG o.s.s.w.a.AnonymousAuthenticationFilter - Set SecurityContextHolder to anonymous SecurityContext
2025-08-25 14:14:58 [http-nio-8081-exec-10] DEBUG o.s.security.web.FilterChainProxy - Secured POST /error
2025-08-25 14:14:58 [http-nio-8081-exec-10] DEBUG o.s.web.servlet.DispatcherServlet - "ERROR" dispatch for POST "/error", parameters={}
2025-08-25 14:14:58 [http-nio-8081-exec-10] DEBUG o.s.w.s.m.m.a.RequestMappingHandlerMapping - Mapped to org.springframework.boot.autoconfigure.web.servlet.error.BasicErrorController#error(HttpServletRequest)
2025-08-25 14:14:58 [http-nio-8081-exec-10] DEBUG o.s.w.s.m.m.a.HttpEntityMethodProcessor - Using 'application/json', given [*/*] and supported [application/json, application/*+json, application/json, application/*+json]
2025-08-25 14:14:58 [http-nio-8081-exec-10] DEBUG o.s.w.s.m.m.a.HttpEntityMethodProcessor - Writing [{timestamp=Mon Aug 25 14:14:58 CST 2025, status=403, error=Forbidden, path=/api/auth/register}]
2025-08-25 14:14:58 [http-nio-8081-exec-10] DEBUG o.s.s.w.c.HttpSessionSecurityContextRepository - Did not store anonymous SecurityContext
2025-08-25 14:14:58 [http-nio-8081-exec-10] DEBUG o.s.web.servlet.DispatcherServlet - Exiting from "ERROR" dispatch, status 403
2025-08-25 14:14:58 [http-nio-8081-exec-10] DEBUG o.s.s.w.c.HttpSessionSecurityContextRepository - Did not store anonymous SecurityContext
2025-08-25 14:14:58 [http-nio-8081-exec-10] DEBUG o.s.s.w.c.SecurityContextPersistenceFilter - Cleared SecurityContextHolder to complete request
2025-08-25 14:15:05 [http-nio-8081-exec-1] DEBUG o.s.security.web.FilterChainProxy - Securing POST /api/auth/register
2025-08-25 14:15:05 [http-nio-8081-exec-1] DEBUG o.s.s.w.c.SecurityContextPersistenceFilter - Set SecurityContextHolder to empty SecurityContext
2025-08-25 14:15:05 [http-nio-8081-exec-1] DEBUG o.s.w.s.h.SimpleUrlHandlerMapping - Mapped to ResourceHttpRequestHandler [classpath [META-INF/resources/], classpath [resources/], classpath [static/], classpath [public/], ServletContext [/]]
2025-08-25 14:15:05 [http-nio-8081-exec-1] DEBUG o.s.s.w.a.AnonymousAuthenticationFilter - Set SecurityContextHolder to anonymous SecurityContext
2025-08-25 14:15:05 [http-nio-8081-exec-1] DEBUG o.s.s.w.a.i.FilterSecurityInterceptor - Failed to authorize filter invocation [POST /api/auth/register] with attributes [authenticated]
2025-08-25 14:15:05 [http-nio-8081-exec-1] DEBUG o.s.s.w.s.HttpSessionRequestCache - Saved request http://localhost:8081/api/auth/register to session
2025-08-25 14:15:05 [http-nio-8081-exec-1] DEBUG o.s.s.w.a.Http403ForbiddenEntryPoint - Pre-authenticated entry point called. Rejecting access
2025-08-25 14:15:05 [http-nio-8081-exec-1] DEBUG o.s.s.w.c.HttpSessionSecurityContextRepository - Did not store empty SecurityContext
2025-08-25 14:15:05 [http-nio-8081-exec-1] DEBUG o.s.s.w.c.HttpSessionSecurityContextRepository - Did not store empty SecurityContext
2025-08-25 14:15:05 [http-nio-8081-exec-1] DEBUG o.s.s.w.c.SecurityContextPersistenceFilter - Cleared SecurityContextHolder to complete request
2025-08-25 14:15:05 [http-nio-8081-exec-1] DEBUG o.s.security.web.FilterChainProxy - Securing POST /error
2025-08-25 14:15:05 [http-nio-8081-exec-1] DEBUG o.s.s.w.c.SecurityContextPersistenceFilter - Set SecurityContextHolder to empty SecurityContext
2025-08-25 14:15:05 [http-nio-8081-exec-1] DEBUG o.s.s.w.a.AnonymousAuthenticationFilter - Set SecurityContextHolder to anonymous SecurityContext
2025-08-25 14:15:05 [http-nio-8081-exec-1] DEBUG o.s.security.web.FilterChainProxy - Secured POST /error
2025-08-25 14:15:05 [http-nio-8081-exec-1] DEBUG o.s.web.servlet.DispatcherServlet - "ERROR" dispatch for POST "/error", parameters={}
2025-08-25 14:15:05 [http-nio-8081-exec-1] DEBUG o.s.w.s.m.m.a.RequestMappingHandlerMapping - Mapped to org.springframework.boot.autoconfigure.web.servlet.error.BasicErrorController#error(HttpServletRequest)
2025-08-25 14:15:05 [http-nio-8081-exec-1] DEBUG o.s.w.s.m.m.a.HttpEntityMethodProcessor - Using 'application/json', given [*/*] and supported [application/json, application/*+json, application/json, application/*+json]
2025-08-25 14:15:05 [http-nio-8081-exec-1] DEBUG o.s.w.s.m.m.a.HttpEntityMethodProcessor - Writing [{timestamp=Mon Aug 25 14:15:05 CST 2025, status=403, error=Forbidden, path=/api/auth/register}]
2025-08-25 14:15:05 [http-nio-8081-exec-1] DEBUG o.s.s.w.c.HttpSessionSecurityContextRepository - Did not store anonymous SecurityContext
2025-08-25 14:15:05 [http-nio-8081-exec-1] DEBUG o.s.web.servlet.DispatcherServlet - Exiting from "ERROR" dispatch, status 403
2025-08-25 14:15:05 [http-nio-8081-exec-1] DEBUG o.s.s.w.c.HttpSessionSecurityContextRepository - Did not store anonymous SecurityContext
2025-08-25 14:15:05 [http-nio-8081-exec-1] DEBUG o.s.s.w.c.SecurityContextPersistenceFilter - Cleared SecurityContextHolder to complete request
2025-08-25 14:15:11 [http-nio-8081-exec-3] DEBUG o.s.security.web.FilterChainProxy - Securing GET /api/test/info
2025-08-25 14:15:11 [http-nio-8081-exec-3] DEBUG o.s.s.w.c.SecurityContextPersistenceFilter - Set SecurityContextHolder to empty SecurityContext
2025-08-25 14:15:11 [http-nio-8081-exec-3] DEBUG o.s.w.s.h.SimpleUrlHandlerMapping - Mapped to ResourceHttpRequestHandler [classpath [META-INF/resources/], classpath [resources/], classpath [static/], classpath [public/], ServletContext [/]]
2025-08-25 14:15:11 [http-nio-8081-exec-3] DEBUG o.s.s.w.a.AnonymousAuthenticationFilter - Set SecurityContextHolder to anonymous SecurityContext
2025-08-25 14:15:11 [http-nio-8081-exec-3] DEBUG o.s.s.w.a.i.FilterSecurityInterceptor - Failed to authorize filter invocation [GET /api/test/info] with attributes [authenticated]
2025-08-25 14:15:11 [http-nio-8081-exec-3] DEBUG o.s.s.w.s.HttpSessionRequestCache - Saved request http://localhost:8081/api/test/info to session
2025-08-25 14:15:11 [http-nio-8081-exec-3] DEBUG o.s.s.w.a.Http403ForbiddenEntryPoint - Pre-authenticated entry point called. Rejecting access
2025-08-25 14:15:11 [http-nio-8081-exec-3] DEBUG o.s.s.w.c.HttpSessionSecurityContextRepository - Did not store empty SecurityContext
2025-08-25 14:15:11 [http-nio-8081-exec-3] DEBUG o.s.s.w.c.HttpSessionSecurityContextRepository - Did not store empty SecurityContext
2025-08-25 14:15:11 [http-nio-8081-exec-3] DEBUG o.s.s.w.c.SecurityContextPersistenceFilter - Cleared SecurityContextHolder to complete request
2025-08-25 14:15:11 [http-nio-8081-exec-3] DEBUG o.s.security.web.FilterChainProxy - Securing GET /error
2025-08-25 14:15:11 [http-nio-8081-exec-3] DEBUG o.s.s.w.c.SecurityContextPersistenceFilter - Set SecurityContextHolder to empty SecurityContext
2025-08-25 14:15:11 [http-nio-8081-exec-3] DEBUG o.s.s.w.a.AnonymousAuthenticationFilter - Set SecurityContextHolder to anonymous SecurityContext
2025-08-25 14:15:11 [http-nio-8081-exec-3] DEBUG o.s.security.web.FilterChainProxy - Secured GET /error
2025-08-25 14:15:11 [http-nio-8081-exec-3] DEBUG o.s.web.servlet.DispatcherServlet - "ERROR" dispatch for GET "/error", parameters={}
2025-08-25 14:15:11 [http-nio-8081-exec-3] DEBUG o.s.w.s.m.m.a.RequestMappingHandlerMapping - Mapped to org.springframework.boot.autoconfigure.web.servlet.error.BasicErrorController#error(HttpServletRequest)
2025-08-25 14:15:11 [http-nio-8081-exec-3] DEBUG o.s.w.s.m.m.a.HttpEntityMethodProcessor - Using 'application/json', given [*/*] and supported [application/json, application/*+json, application/json, application/*+json]
2025-08-25 14:15:11 [http-nio-8081-exec-3] DEBUG o.s.w.s.m.m.a.HttpEntityMethodProcessor - Writing [{timestamp=Mon Aug 25 14:15:11 CST 2025, status=403, error=Forbidden, path=/api/test/info}]
2025-08-25 14:15:11 [http-nio-8081-exec-3] DEBUG o.s.s.w.c.HttpSessionSecurityContextRepository - Did not store anonymous SecurityContext
2025-08-25 14:15:11 [http-nio-8081-exec-3] DEBUG o.s.web.servlet.DispatcherServlet - Exiting from "ERROR" dispatch, status 403
2025-08-25 14:15:11 [http-nio-8081-exec-3] DEBUG o.s.s.w.c.HttpSessionSecurityContextRepository - Did not store anonymous SecurityContext
2025-08-25 14:15:11 [http-nio-8081-exec-3] DEBUG o.s.s.w.c.SecurityContextPersistenceFilter - Cleared SecurityContextHolder to complete request
2025-08-25 14:16:15 [http-nio-8081-exec-5] DEBUG o.s.security.web.FilterChainProxy - Securing GET /actuator/health
2025-08-25 14:16:15 [http-nio-8081-exec-5] DEBUG o.s.s.w.c.SecurityContextPersistenceFilter - Set SecurityContextHolder to empty SecurityContext
2025-08-25 14:16:15 [http-nio-8081-exec-5] DEBUG o.s.s.w.a.AnonymousAuthenticationFilter - Set SecurityContextHolder to anonymous SecurityContext
2025-08-25 14:16:15 [http-nio-8081-exec-5] DEBUG o.s.s.w.a.i.FilterSecurityInterceptor - Authorized filter invocation [GET /actuator/health] with attributes [permitAll]
2025-08-25 14:16:15 [http-nio-8081-exec-5] DEBUG o.s.security.web.FilterChainProxy - Secured GET /actuator/health
2025-08-25 14:16:15 [http-nio-8081-exec-5] DEBUG o.s.web.servlet.DispatcherServlet - GET "/actuator/health", parameters={}
2025-08-25 14:16:15 [http-nio-8081-exec-5] DEBUG o.s.w.s.m.m.a.HttpEntityMethodProcessor - Using 'application/vnd.spring-boot.actuator.v3+json', given [*/*] and supported [application/vnd.spring-boot.actuator.v3+json, application/vnd.spring-boot.actuator.v2+json, application/json]
2025-08-25 14:16:15 [http-nio-8081-exec-5] DEBUG o.s.w.s.m.m.a.HttpEntityMethodProcessor - Writing [org.springframework.boot.actuate.health.SystemHealth@524662c5]
2025-08-25 14:16:15 [http-nio-8081-exec-5] DEBUG o.s.s.w.c.HttpSessionSecurityContextRepository - Did not store anonymous SecurityContext
2025-08-25 14:16:15 [http-nio-8081-exec-5] DEBUG o.s.web.servlet.DispatcherServlet - Completed 200 OK
2025-08-25 14:16:15 [http-nio-8081-exec-5] DEBUG o.s.s.w.c.HttpSessionSecurityContextRepository - Did not store anonymous SecurityContext
2025-08-25 14:16:15 [http-nio-8081-exec-5] DEBUG o.s.s.w.c.SecurityContextPersistenceFilter - Cleared SecurityContextHolder to complete request
2025-08-25 14:16:29 [http-nio-8081-exec-4] DEBUG o.s.security.web.FilterChainProxy - Securing GET /actuator/health
2025-08-25 14:16:29 [http-nio-8081-exec-4] DEBUG o.s.s.w.c.SecurityContextPersistenceFilter - Set SecurityContextHolder to empty SecurityContext
2025-08-25 14:16:29 [http-nio-8081-exec-4] DEBUG o.s.s.w.a.AnonymousAuthenticationFilter - Set SecurityContextHolder to anonymous SecurityContext
2025-08-25 14:16:29 [http-nio-8081-exec-4] DEBUG o.s.s.w.a.i.FilterSecurityInterceptor - Authorized filter invocation [GET /actuator/health] with attributes [permitAll]
2025-08-25 14:16:29 [http-nio-8081-exec-4] DEBUG o.s.security.web.FilterChainProxy - Secured GET /actuator/health
2025-08-25 14:16:29 [http-nio-8081-exec-4] DEBUG o.s.web.servlet.DispatcherServlet - GET "/actuator/health", parameters={}
2025-08-25 14:16:29 [http-nio-8081-exec-4] DEBUG o.s.w.s.m.m.a.HttpEntityMethodProcessor - Using 'application/vnd.spring-boot.actuator.v3+json', given [*/*] and supported [application/vnd.spring-boot.actuator.v3+json, application/vnd.spring-boot.actuator.v2+json, application/json]
2025-08-25 14:16:29 [http-nio-8081-exec-4] DEBUG o.s.w.s.m.m.a.HttpEntityMethodProcessor - Writing [org.springframework.boot.actuate.health.SystemHealth@192983e3]
2025-08-25 14:16:29 [http-nio-8081-exec-4] DEBUG o.s.s.w.c.HttpSessionSecurityContextRepository - Did not store anonymous SecurityContext
2025-08-25 14:16:29 [http-nio-8081-exec-4] DEBUG o.s.web.servlet.DispatcherServlet - Completed 200 OK
2025-08-25 14:16:29 [http-nio-8081-exec-4] DEBUG o.s.s.w.c.HttpSessionSecurityContextRepository - Did not store anonymous SecurityContext
2025-08-25 14:16:29 [http-nio-8081-exec-4] DEBUG o.s.s.w.c.SecurityContextPersistenceFilter - Cleared SecurityContextHolder to complete request
2025-08-25 14:16:30 [http-nio-8081-exec-9] DEBUG o.s.security.web.FilterChainProxy - Securing POST /api/auth/register
2025-08-25 14:16:30 [http-nio-8081-exec-9] DEBUG o.s.s.w.c.SecurityContextPersistenceFilter - Set SecurityContextHolder to empty SecurityContext
2025-08-25 14:16:30 [http-nio-8081-exec-9] DEBUG o.s.w.s.h.SimpleUrlHandlerMapping - Mapped to ResourceHttpRequestHandler [classpath [META-INF/resources/], classpath [resources/], classpath [static/], classpath [public/], ServletContext [/]]
2025-08-25 14:16:30 [http-nio-8081-exec-9] DEBUG o.s.s.w.a.AnonymousAuthenticationFilter - Set SecurityContextHolder to anonymous SecurityContext
2025-08-25 14:16:30 [http-nio-8081-exec-9] DEBUG o.s.s.w.a.i.FilterSecurityInterceptor - Failed to authorize filter invocation [POST /api/auth/register] with attributes [authenticated]
2025-08-25 14:16:30 [http-nio-8081-exec-9] DEBUG o.s.s.w.s.HttpSessionRequestCache - Saved request http://localhost:8081/api/auth/register to session
2025-08-25 14:16:30 [http-nio-8081-exec-9] DEBUG o.s.s.w.a.Http403ForbiddenEntryPoint - Pre-authenticated entry point called. Rejecting access
2025-08-25 14:16:30 [http-nio-8081-exec-9] DEBUG o.s.s.w.c.HttpSessionSecurityContextRepository - Did not store empty SecurityContext
2025-08-25 14:16:30 [http-nio-8081-exec-9] DEBUG o.s.s.w.c.HttpSessionSecurityContextRepository - Did not store empty SecurityContext
2025-08-25 14:16:30 [http-nio-8081-exec-9] DEBUG o.s.s.w.c.SecurityContextPersistenceFilter - Cleared SecurityContextHolder to complete request
2025-08-25 14:16:30 [http-nio-8081-exec-9] DEBUG o.s.security.web.FilterChainProxy - Securing POST /error
2025-08-25 14:16:30 [http-nio-8081-exec-9] DEBUG o.s.s.w.c.SecurityContextPersistenceFilter - Set SecurityContextHolder to empty SecurityContext
2025-08-25 14:16:30 [http-nio-8081-exec-9] DEBUG o.s.s.w.a.AnonymousAuthenticationFilter - Set SecurityContextHolder to anonymous SecurityContext
2025-08-25 14:16:30 [http-nio-8081-exec-9] DEBUG o.s.security.web.FilterChainProxy - Secured POST /error
2025-08-25 14:16:30 [http-nio-8081-exec-9] DEBUG o.s.web.servlet.DispatcherServlet - "ERROR" dispatch for POST "/error", parameters={}
2025-08-25 14:16:30 [http-nio-8081-exec-9] DEBUG o.s.w.s.m.m.a.RequestMappingHandlerMapping - Mapped to org.springframework.boot.autoconfigure.web.servlet.error.BasicErrorController#error(HttpServletRequest)
2025-08-25 14:16:30 [http-nio-8081-exec-9] DEBUG o.s.w.s.m.m.a.HttpEntityMethodProcessor - Using 'application/json', given [*/*] and supported [application/json, application/*+json, application/json, application/*+json]
2025-08-25 14:16:30 [http-nio-8081-exec-9] DEBUG o.s.w.s.m.m.a.HttpEntityMethodProcessor - Writing [{timestamp=Mon Aug 25 14:16:30 CST 2025, status=403, error=Forbidden, path=/api/auth/register}]
2025-08-25 14:16:30 [http-nio-8081-exec-9] DEBUG o.s.s.w.c.HttpSessionSecurityContextRepository - Did not store anonymous SecurityContext
2025-08-25 14:16:30 [http-nio-8081-exec-9] DEBUG o.s.web.servlet.DispatcherServlet - Exiting from "ERROR" dispatch, status 403
2025-08-25 14:16:30 [http-nio-8081-exec-9] DEBUG o.s.s.w.c.HttpSessionSecurityContextRepository - Did not store anonymous SecurityContext
2025-08-25 14:16:30 [http-nio-8081-exec-9] DEBUG o.s.s.w.c.SecurityContextPersistenceFilter - Cleared SecurityContextHolder to complete request
2025-08-25 14:17:37 [http-nio-8081-exec-1] DEBUG o.s.security.web.FilterChainProxy - Securing GET /actuator/health
2025-08-25 14:17:37 [http-nio-8081-exec-1] DEBUG o.s.s.w.c.SecurityContextPersistenceFilter - Set SecurityContextHolder to empty SecurityContext
2025-08-25 14:17:37 [http-nio-8081-exec-1] DEBUG o.s.s.w.a.AnonymousAuthenticationFilter - Set SecurityContextHolder to anonymous SecurityContext
2025-08-25 14:17:37 [http-nio-8081-exec-1] DEBUG o.s.s.w.a.i.FilterSecurityInterceptor - Authorized filter invocation [GET /actuator/health] with attributes [permitAll]
2025-08-25 14:17:37 [http-nio-8081-exec-1] DEBUG o.s.security.web.FilterChainProxy - Secured GET /actuator/health
2025-08-25 14:17:37 [http-nio-8081-exec-1] DEBUG o.s.web.servlet.DispatcherServlet - GET "/actuator/health", parameters={}
2025-08-25 14:17:37 [http-nio-8081-exec-1] DEBUG o.s.w.s.m.m.a.HttpEntityMethodProcessor - Using 'application/vnd.spring-boot.actuator.v3+json', given [*/*] and supported [application/vnd.spring-boot.actuator.v3+json, application/vnd.spring-boot.actuator.v2+json, application/json]
2025-08-25 14:17:37 [http-nio-8081-exec-1] DEBUG o.s.w.s.m.m.a.HttpEntityMethodProcessor - Writing [org.springframework.boot.actuate.health.SystemHealth@163de21d]
2025-08-25 14:17:37 [http-nio-8081-exec-1] DEBUG o.s.s.w.c.HttpSessionSecurityContextRepository - Did not store anonymous SecurityContext
2025-08-25 14:17:37 [http-nio-8081-exec-1] DEBUG o.s.web.servlet.DispatcherServlet - Completed 200 OK
2025-08-25 14:17:37 [http-nio-8081-exec-1] DEBUG o.s.s.w.c.HttpSessionSecurityContextRepository - Did not store anonymous SecurityContext
2025-08-25 14:17:37 [http-nio-8081-exec-1] DEBUG o.s.s.w.c.SecurityContextPersistenceFilter - Cleared SecurityContextHolder to complete request
2025-08-25 14:30:10 [main] INFO  c.a.n.c.env.SearchableProperties - properties search order:PROPERTIES->JVM->ENV->DEFAULT_SETTING
2025-08-25 14:30:10 [main] INFO  c.m.user.UserServiceApplication - Starting UserServiceApplication using Java 1.8.0_451 on WIN-C3D985L1HJN with PID 58788 (D:\CODE\Memorin-rebuild\backend\memorin-user-service\target\classes started by Mechrevo in D:\CODE\Memorin-rebuild\backend\memorin-user-service)
2025-08-25 14:30:10 [main] DEBUG c.m.user.UserServiceApplication - Running with Spring Boot v2.7.18, Spring v5.3.31
2025-08-25 14:30:10 [main] INFO  c.m.user.UserServiceApplication - No active profile set, falling back to 1 default profile: "default"
2025-08-25 14:30:11 [main] INFO  o.s.d.r.c.RepositoryConfigurationDelegate - Multiple Spring Data modules found, entering strict repository configuration mode
2025-08-25 14:30:11 [main] INFO  o.s.d.r.c.RepositoryConfigurationDelegate - Bootstrapping Spring Data JPA repositories in DEFAULT mode.
2025-08-25 14:30:11 [main] INFO  o.s.d.r.c.RepositoryConfigurationDelegate - Finished Spring Data repository scanning in 29 ms. Found 1 JPA repository interfaces.
2025-08-25 14:30:11 [main] INFO  o.s.d.r.c.RepositoryConfigurationDelegate - Multiple Spring Data modules found, entering strict repository configuration mode
2025-08-25 14:30:11 [main] INFO  o.s.d.r.c.RepositoryConfigurationDelegate - Bootstrapping Spring Data Redis repositories in DEFAULT mode.
2025-08-25 14:30:11 [main] INFO  o.s.d.r.c.RepositoryConfigurationExtensionSupport - Spring Data Redis - Could not safely identify store assignment for repository candidate interface com.memorin.user.repository.UserRepository; If you want this repository to be a Redis repository, consider annotating your entities with one of these annotations: org.springframework.data.redis.core.RedisHash (preferred), or consider extending one of the following types with your repository: org.springframework.data.keyvalue.repository.KeyValueRepository
2025-08-25 14:30:11 [main] INFO  o.s.d.r.c.RepositoryConfigurationDelegate - Finished Spring Data repository scanning in 3 ms. Found 0 Redis repository interfaces.
2025-08-25 14:30:11 [main] INFO  o.s.cloud.context.scope.GenericScope - BeanFactory id=54e36200-5f1e-3737-846c-48cc76e1cf23
2025-08-25 14:30:12 [main] INFO  o.s.b.w.e.tomcat.TomcatWebServer - Tomcat initialized with port(s): 8081 (http)
2025-08-25 14:30:12 [main] INFO  o.a.catalina.core.StandardService - Starting service [Tomcat]
2025-08-25 14:30:12 [main] INFO  o.a.catalina.core.StandardEngine - Starting Servlet engine: [Apache Tomcat/9.0.83]
2025-08-25 14:30:12 [main] INFO  o.a.c.c.C.[Tomcat].[localhost].[/] - Initializing Spring embedded WebApplicationContext
2025-08-25 14:30:12 [main] INFO  o.s.b.w.s.c.ServletWebServerApplicationContext - Root WebApplicationContext: initialization completed in 1342 ms
2025-08-25 14:30:12 [main] INFO  o.h.jpa.internal.util.LogHelper - HHH000204: Processing PersistenceUnitInfo [name: default]
2025-08-25 14:30:12 [main] INFO  org.hibernate.Version - HHH000412: Hibernate ORM core version 5.6.15.Final
2025-08-25 14:30:12 [main] INFO  o.h.annotations.common.Version - HCANN000001: Hibernate Commons Annotations {5.1.2.Final}
2025-08-25 14:30:12 [main] INFO  com.zaxxer.hikari.HikariDataSource - MemorinUserPool - Starting...
2025-08-25 14:30:13 [main] ERROR com.zaxxer.hikari.pool.HikariPool - MemorinUserPool - Exception during pool initialization.
java.sql.SQLException: Access denied for user 'memorin_user'@'localhost' (using password: YES)
	at com.mysql.cj.jdbc.exceptions.SQLError.createSQLException(SQLError.java:130)
	at com.mysql.cj.jdbc.exceptions.SQLExceptionsMapping.translateException(SQLExceptionsMapping.java:122)
	at com.mysql.cj.jdbc.ConnectionImpl.createNewIO(ConnectionImpl.java:825)
	at com.mysql.cj.jdbc.ConnectionImpl.<init>(ConnectionImpl.java:446)
	at com.mysql.cj.jdbc.ConnectionImpl.getInstance(ConnectionImpl.java:239)
	at com.mysql.cj.jdbc.NonRegisteringDriver.connect(NonRegisteringDriver.java:188)
	at com.zaxxer.hikari.util.DriverDataSource.getConnection(DriverDataSource.java:138)
	at com.zaxxer.hikari.pool.PoolBase.newConnection(PoolBase.java:364)
	at com.zaxxer.hikari.pool.PoolBase.newPoolEntry(PoolBase.java:206)
	at com.zaxxer.hikari.pool.HikariPool.createPoolEntry(HikariPool.java:476)
	at com.zaxxer.hikari.pool.HikariPool.checkFailFast(HikariPool.java:561)
	at com.zaxxer.hikari.pool.HikariPool.<init>(HikariPool.java:115)
	at com.zaxxer.hikari.HikariDataSource.getConnection(HikariDataSource.java:112)
	at org.hibernate.engine.jdbc.connections.internal.DatasourceConnectionProviderImpl.getConnection(DatasourceConnectionProviderImpl.java:122)
	at org.hibernate.engine.jdbc.env.internal.JdbcEnvironmentInitiator$ConnectionProviderJdbcConnectionAccess.obtainConnection(JdbcEnvironmentInitiator.java:181)
	at org.hibernate.engine.jdbc.env.internal.JdbcEnvironmentInitiator.initiateService(JdbcEnvironmentInitiator.java:68)
	at org.hibernate.engine.jdbc.env.internal.JdbcEnvironmentInitiator.initiateService(JdbcEnvironmentInitiator.java:35)
	at org.hibernate.boot.registry.internal.StandardServiceRegistryImpl.initiateService(StandardServiceRegistryImpl.java:101)
	at org.hibernate.service.internal.AbstractServiceRegistryImpl.createService(AbstractServiceRegistryImpl.java:272)
	at org.hibernate.service.internal.AbstractServiceRegistryImpl.initializeService(AbstractServiceRegistryImpl.java:246)
	at org.hibernate.service.internal.AbstractServiceRegistryImpl.getService(AbstractServiceRegistryImpl.java:223)
	at org.hibernate.id.factory.internal.DefaultIdentifierGeneratorFactory.injectServices(DefaultIdentifierGeneratorFactory.java:175)
	at org.hibernate.service.internal.AbstractServiceRegistryImpl.injectDependencies(AbstractServiceRegistryImpl.java:295)
	at org.hibernate.service.internal.AbstractServiceRegistryImpl.initializeService(AbstractServiceRegistryImpl.java:252)
	at org.hibernate.service.internal.AbstractServiceRegistryImpl.getService(AbstractServiceRegistryImpl.java:223)
	at org.hibernate.boot.internal.InFlightMetadataCollectorImpl.<init>(InFlightMetadataCollectorImpl.java:173)
	at org.hibernate.boot.model.process.spi.MetadataBuildingProcess.complete(MetadataBuildingProcess.java:127)
	at org.hibernate.jpa.boot.internal.EntityManagerFactoryBuilderImpl.metadata(EntityManagerFactoryBuilderImpl.java:1460)
	at org.hibernate.jpa.boot.internal.EntityManagerFactoryBuilderImpl.build(EntityManagerFactoryBuilderImpl.java:1494)
	at org.springframework.orm.jpa.vendor.SpringHibernateJpaPersistenceProvider.createContainerEntityManagerFactory(SpringHibernateJpaPersistenceProvider.java:58)
	at org.springframework.orm.jpa.LocalContainerEntityManagerFactoryBean.createNativeEntityManagerFactory(LocalContainerEntityManagerFactoryBean.java:365)
	at org.springframework.orm.jpa.AbstractEntityManagerFactoryBean.buildNativeEntityManagerFactory(AbstractEntityManagerFactoryBean.java:409)
	at org.springframework.orm.jpa.AbstractEntityManagerFactoryBean.afterPropertiesSet(AbstractEntityManagerFactoryBean.java:396)
	at org.springframework.orm.jpa.LocalContainerEntityManagerFactoryBean.afterPropertiesSet(LocalContainerEntityManagerFactoryBean.java:341)
	at org.springframework.beans.factory.support.AbstractAutowireCapableBeanFactory.invokeInitMethods(AbstractAutowireCapableBeanFactory.java:1863)
	at org.springframework.beans.factory.support.AbstractAutowireCapableBeanFactory.initializeBean(AbstractAutowireCapableBeanFactory.java:1800)
	at org.springframework.beans.factory.support.AbstractAutowireCapableBeanFactory.doCreateBean(AbstractAutowireCapableBeanFactory.java:620)
	at org.springframework.beans.factory.support.AbstractAutowireCapableBeanFactory.createBean(AbstractAutowireCapableBeanFactory.java:542)
	at org.springframework.beans.factory.support.AbstractBeanFactory.lambda$doGetBean$0(AbstractBeanFactory.java:335)
	at org.springframework.beans.factory.support.DefaultSingletonBeanRegistry.getSingleton(DefaultSingletonBeanRegistry.java:234)
	at org.springframework.beans.factory.support.AbstractBeanFactory.doGetBean(AbstractBeanFactory.java:333)
	at org.springframework.beans.factory.support.AbstractBeanFactory.getBean(AbstractBeanFactory.java:208)
	at org.springframework.context.support.AbstractApplicationContext.getBean(AbstractApplicationContext.java:1168)
	at org.springframework.context.support.AbstractApplicationContext.finishBeanFactoryInitialization(AbstractApplicationContext.java:919)
	at org.springframework.context.support.AbstractApplicationContext.refresh(AbstractApplicationContext.java:591)
	at org.springframework.boot.web.servlet.context.ServletWebServerApplicationContext.refresh(ServletWebServerApplicationContext.java:147)
	at org.springframework.boot.SpringApplication.refresh(SpringApplication.java:732)
	at org.springframework.boot.SpringApplication.refreshContext(SpringApplication.java:409)
	at org.springframework.boot.SpringApplication.run(SpringApplication.java:308)
	at org.springframework.boot.SpringApplication.run(SpringApplication.java:1300)
	at org.springframework.boot.SpringApplication.run(SpringApplication.java:1289)
	at com.memorin.user.UserServiceApplication.main(UserServiceApplication.java:19)
2025-08-25 14:30:13 [main] WARN  o.h.e.j.e.i.JdbcEnvironmentInitiator - HHH000342: Could not obtain connection to query metadata
java.sql.SQLException: Access denied for user 'memorin_user'@'localhost' (using password: YES)
	at com.mysql.cj.jdbc.exceptions.SQLError.createSQLException(SQLError.java:130)
	at com.mysql.cj.jdbc.exceptions.SQLExceptionsMapping.translateException(SQLExceptionsMapping.java:122)
	at com.mysql.cj.jdbc.ConnectionImpl.createNewIO(ConnectionImpl.java:825)
	at com.mysql.cj.jdbc.ConnectionImpl.<init>(ConnectionImpl.java:446)
	at com.mysql.cj.jdbc.ConnectionImpl.getInstance(ConnectionImpl.java:239)
	at com.mysql.cj.jdbc.NonRegisteringDriver.connect(NonRegisteringDriver.java:188)
	at com.zaxxer.hikari.util.DriverDataSource.getConnection(DriverDataSource.java:138)
	at com.zaxxer.hikari.pool.PoolBase.newConnection(PoolBase.java:364)
	at com.zaxxer.hikari.pool.PoolBase.newPoolEntry(PoolBase.java:206)
	at com.zaxxer.hikari.pool.HikariPool.createPoolEntry(HikariPool.java:476)
	at com.zaxxer.hikari.pool.HikariPool.checkFailFast(HikariPool.java:561)
	at com.zaxxer.hikari.pool.HikariPool.<init>(HikariPool.java:115)
	at com.zaxxer.hikari.HikariDataSource.getConnection(HikariDataSource.java:112)
	at org.hibernate.engine.jdbc.connections.internal.DatasourceConnectionProviderImpl.getConnection(DatasourceConnectionProviderImpl.java:122)
	at org.hibernate.engine.jdbc.env.internal.JdbcEnvironmentInitiator$ConnectionProviderJdbcConnectionAccess.obtainConnection(JdbcEnvironmentInitiator.java:181)
	at org.hibernate.engine.jdbc.env.internal.JdbcEnvironmentInitiator.initiateService(JdbcEnvironmentInitiator.java:68)
	at org.hibernate.engine.jdbc.env.internal.JdbcEnvironmentInitiator.initiateService(JdbcEnvironmentInitiator.java:35)
	at org.hibernate.boot.registry.internal.StandardServiceRegistryImpl.initiateService(StandardServiceRegistryImpl.java:101)
	at org.hibernate.service.internal.AbstractServiceRegistryImpl.createService(AbstractServiceRegistryImpl.java:272)
	at org.hibernate.service.internal.AbstractServiceRegistryImpl.initializeService(AbstractServiceRegistryImpl.java:246)
	at org.hibernate.service.internal.AbstractServiceRegistryImpl.getService(AbstractServiceRegistryImpl.java:223)
	at org.hibernate.id.factory.internal.DefaultIdentifierGeneratorFactory.injectServices(DefaultIdentifierGeneratorFactory.java:175)
	at org.hibernate.service.internal.AbstractServiceRegistryImpl.injectDependencies(AbstractServiceRegistryImpl.java:295)
	at org.hibernate.service.internal.AbstractServiceRegistryImpl.initializeService(AbstractServiceRegistryImpl.java:252)
	at org.hibernate.service.internal.AbstractServiceRegistryImpl.getService(AbstractServiceRegistryImpl.java:223)
	at org.hibernate.boot.internal.InFlightMetadataCollectorImpl.<init>(InFlightMetadataCollectorImpl.java:173)
	at org.hibernate.boot.model.process.spi.MetadataBuildingProcess.complete(MetadataBuildingProcess.java:127)
	at org.hibernate.jpa.boot.internal.EntityManagerFactoryBuilderImpl.metadata(EntityManagerFactoryBuilderImpl.java:1460)
	at org.hibernate.jpa.boot.internal.EntityManagerFactoryBuilderImpl.build(EntityManagerFactoryBuilderImpl.java:1494)
	at org.springframework.orm.jpa.vendor.SpringHibernateJpaPersistenceProvider.createContainerEntityManagerFactory(SpringHibernateJpaPersistenceProvider.java:58)
	at org.springframework.orm.jpa.LocalContainerEntityManagerFactoryBean.createNativeEntityManagerFactory(LocalContainerEntityManagerFactoryBean.java:365)
	at org.springframework.orm.jpa.AbstractEntityManagerFactoryBean.buildNativeEntityManagerFactory(AbstractEntityManagerFactoryBean.java:409)
	at org.springframework.orm.jpa.AbstractEntityManagerFactoryBean.afterPropertiesSet(AbstractEntityManagerFactoryBean.java:396)
	at org.springframework.orm.jpa.LocalContainerEntityManagerFactoryBean.afterPropertiesSet(LocalContainerEntityManagerFactoryBean.java:341)
	at org.springframework.beans.factory.support.AbstractAutowireCapableBeanFactory.invokeInitMethods(AbstractAutowireCapableBeanFactory.java:1863)
	at org.springframework.beans.factory.support.AbstractAutowireCapableBeanFactory.initializeBean(AbstractAutowireCapableBeanFactory.java:1800)
	at org.springframework.beans.factory.support.AbstractAutowireCapableBeanFactory.doCreateBean(AbstractAutowireCapableBeanFactory.java:620)
	at org.springframework.beans.factory.support.AbstractAutowireCapableBeanFactory.createBean(AbstractAutowireCapableBeanFactory.java:542)
	at org.springframework.beans.factory.support.AbstractBeanFactory.lambda$doGetBean$0(AbstractBeanFactory.java:335)
	at org.springframework.beans.factory.support.DefaultSingletonBeanRegistry.getSingleton(DefaultSingletonBeanRegistry.java:234)
	at org.springframework.beans.factory.support.AbstractBeanFactory.doGetBean(AbstractBeanFactory.java:333)
	at org.springframework.beans.factory.support.AbstractBeanFactory.getBean(AbstractBeanFactory.java:208)
	at org.springframework.context.support.AbstractApplicationContext.getBean(AbstractApplicationContext.java:1168)
	at org.springframework.context.support.AbstractApplicationContext.finishBeanFactoryInitialization(AbstractApplicationContext.java:919)
	at org.springframework.context.support.AbstractApplicationContext.refresh(AbstractApplicationContext.java:591)
	at org.springframework.boot.web.servlet.context.ServletWebServerApplicationContext.refresh(ServletWebServerApplicationContext.java:147)
	at org.springframework.boot.SpringApplication.refresh(SpringApplication.java:732)
	at org.springframework.boot.SpringApplication.refreshContext(SpringApplication.java:409)
	at org.springframework.boot.SpringApplication.run(SpringApplication.java:308)
	at org.springframework.boot.SpringApplication.run(SpringApplication.java:1300)
	at org.springframework.boot.SpringApplication.run(SpringApplication.java:1289)
	at com.memorin.user.UserServiceApplication.main(UserServiceApplication.java:19)
2025-08-25 14:30:13 [main] INFO  org.hibernate.dialect.Dialect - HHH000400: Using dialect: org.hibernate.dialect.MySQL8Dialect
2025-08-25 14:30:14 [main] INFO  com.zaxxer.hikari.HikariDataSource - MemorinUserPool - Starting...
2025-08-25 14:30:15 [main] ERROR com.zaxxer.hikari.pool.HikariPool - MemorinUserPool - Exception during pool initialization.
java.sql.SQLException: Access denied for user 'memorin_user'@'localhost' (using password: YES)
	at com.mysql.cj.jdbc.exceptions.SQLError.createSQLException(SQLError.java:130)
	at com.mysql.cj.jdbc.exceptions.SQLExceptionsMapping.translateException(SQLExceptionsMapping.java:122)
	at com.mysql.cj.jdbc.ConnectionImpl.createNewIO(ConnectionImpl.java:825)
	at com.mysql.cj.jdbc.ConnectionImpl.<init>(ConnectionImpl.java:446)
	at com.mysql.cj.jdbc.ConnectionImpl.getInstance(ConnectionImpl.java:239)
	at com.mysql.cj.jdbc.NonRegisteringDriver.connect(NonRegisteringDriver.java:188)
	at com.zaxxer.hikari.util.DriverDataSource.getConnection(DriverDataSource.java:138)
	at com.zaxxer.hikari.pool.PoolBase.newConnection(PoolBase.java:364)
	at com.zaxxer.hikari.pool.PoolBase.newPoolEntry(PoolBase.java:206)
	at com.zaxxer.hikari.pool.HikariPool.createPoolEntry(HikariPool.java:476)
	at com.zaxxer.hikari.pool.HikariPool.checkFailFast(HikariPool.java:561)
	at com.zaxxer.hikari.pool.HikariPool.<init>(HikariPool.java:115)
	at com.zaxxer.hikari.HikariDataSource.getConnection(HikariDataSource.java:112)
	at org.hibernate.engine.jdbc.connections.internal.DatasourceConnectionProviderImpl.getConnection(DatasourceConnectionProviderImpl.java:122)
	at org.hibernate.engine.jdbc.env.internal.JdbcEnvironmentInitiator$ConnectionProviderJdbcConnectionAccess.obtainConnection(JdbcEnvironmentInitiator.java:181)
	at org.hibernate.resource.transaction.backend.jdbc.internal.DdlTransactionIsolatorNonJtaImpl.getIsolatedConnection(DdlTransactionIsolatorNonJtaImpl.java:44)
	at org.hibernate.tool.schema.internal.exec.ImprovedExtractionContextImpl.getJdbcConnection(ImprovedExtractionContextImpl.java:63)
	at org.hibernate.tool.schema.internal.exec.ImprovedExtractionContextImpl.getJdbcDatabaseMetaData(ImprovedExtractionContextImpl.java:70)
	at org.hibernate.tool.schema.extract.internal.InformationExtractorJdbcDatabaseMetaDataImpl.processTableResultSet(InformationExtractorJdbcDatabaseMetaDataImpl.java:64)
	at org.hibernate.tool.schema.extract.internal.AbstractInformationExtractorImpl.getTables(AbstractInformationExtractorImpl.java:565)
	at org.hibernate.tool.schema.extract.internal.DatabaseInformationImpl.getTablesInformation(DatabaseInformationImpl.java:122)
	at org.hibernate.tool.schema.internal.GroupedSchemaMigratorImpl.performTablesMigration(GroupedSchemaMigratorImpl.java:68)
	at org.hibernate.tool.schema.internal.AbstractSchemaMigrator.performMigration(AbstractSchemaMigrator.java:220)
	at org.hibernate.tool.schema.internal.AbstractSchemaMigrator.doMigration(AbstractSchemaMigrator.java:123)
	at org.hibernate.tool.schema.spi.SchemaManagementToolCoordinator.performDatabaseAction(SchemaManagementToolCoordinator.java:196)
	at org.hibernate.tool.schema.spi.SchemaManagementToolCoordinator.process(SchemaManagementToolCoordinator.java:85)
	at org.hibernate.internal.SessionFactoryImpl.<init>(SessionFactoryImpl.java:335)
	at org.hibernate.boot.internal.SessionFactoryBuilderImpl.build(SessionFactoryBuilderImpl.java:471)
	at org.hibernate.jpa.boot.internal.EntityManagerFactoryBuilderImpl.build(EntityManagerFactoryBuilderImpl.java:1498)
	at org.springframework.orm.jpa.vendor.SpringHibernateJpaPersistenceProvider.createContainerEntityManagerFactory(SpringHibernateJpaPersistenceProvider.java:58)
	at org.springframework.orm.jpa.LocalContainerEntityManagerFactoryBean.createNativeEntityManagerFactory(LocalContainerEntityManagerFactoryBean.java:365)
	at org.springframework.orm.jpa.AbstractEntityManagerFactoryBean.buildNativeEntityManagerFactory(AbstractEntityManagerFactoryBean.java:409)
	at org.springframework.orm.jpa.AbstractEntityManagerFactoryBean.afterPropertiesSet(AbstractEntityManagerFactoryBean.java:396)
	at org.springframework.orm.jpa.LocalContainerEntityManagerFactoryBean.afterPropertiesSet(LocalContainerEntityManagerFactoryBean.java:341)
	at org.springframework.beans.factory.support.AbstractAutowireCapableBeanFactory.invokeInitMethods(AbstractAutowireCapableBeanFactory.java:1863)
	at org.springframework.beans.factory.support.AbstractAutowireCapableBeanFactory.initializeBean(AbstractAutowireCapableBeanFactory.java:1800)
	at org.springframework.beans.factory.support.AbstractAutowireCapableBeanFactory.doCreateBean(AbstractAutowireCapableBeanFactory.java:620)
	at org.springframework.beans.factory.support.AbstractAutowireCapableBeanFactory.createBean(AbstractAutowireCapableBeanFactory.java:542)
	at org.springframework.beans.factory.support.AbstractBeanFactory.lambda$doGetBean$0(AbstractBeanFactory.java:335)
	at org.springframework.beans.factory.support.DefaultSingletonBeanRegistry.getSingleton(DefaultSingletonBeanRegistry.java:234)
	at org.springframework.beans.factory.support.AbstractBeanFactory.doGetBean(AbstractBeanFactory.java:333)
	at org.springframework.beans.factory.support.AbstractBeanFactory.getBean(AbstractBeanFactory.java:208)
	at org.springframework.context.support.AbstractApplicationContext.getBean(AbstractApplicationContext.java:1168)
	at org.springframework.context.support.AbstractApplicationContext.finishBeanFactoryInitialization(AbstractApplicationContext.java:919)
	at org.springframework.context.support.AbstractApplicationContext.refresh(AbstractApplicationContext.java:591)
	at org.springframework.boot.web.servlet.context.ServletWebServerApplicationContext.refresh(ServletWebServerApplicationContext.java:147)
	at org.springframework.boot.SpringApplication.refresh(SpringApplication.java:732)
	at org.springframework.boot.SpringApplication.refreshContext(SpringApplication.java:409)
	at org.springframework.boot.SpringApplication.run(SpringApplication.java:308)
	at org.springframework.boot.SpringApplication.run(SpringApplication.java:1300)
	at org.springframework.boot.SpringApplication.run(SpringApplication.java:1289)
	at com.memorin.user.UserServiceApplication.main(UserServiceApplication.java:19)
2025-08-25 14:30:15 [main] WARN  o.h.e.jdbc.spi.SqlExceptionHelper - SQL Error: 1045, SQLState: 28000
2025-08-25 14:30:15 [main] ERROR o.h.e.jdbc.spi.SqlExceptionHelper - Access denied for user 'memorin_user'@'localhost' (using password: YES)
2025-08-25 14:30:15 [main] ERROR o.s.o.j.LocalContainerEntityManagerFactoryBean - Failed to initialize JPA EntityManagerFactory: [PersistenceUnit: default] Unable to build Hibernate SessionFactory; nested exception is org.hibernate.exception.GenericJDBCException: Unable to open JDBC Connection for DDL execution
2025-08-25 14:30:15 [main] WARN  o.s.b.w.s.c.AnnotationConfigServletWebServerApplicationContext - Exception encountered during context initialization - cancelling refresh attempt: org.springframework.beans.factory.BeanCreationException: Error creating bean with name 'entityManagerFactory' defined in class path resource [org/springframework/boot/autoconfigure/orm/jpa/HibernateJpaConfiguration.class]: Invocation of init method failed; nested exception is javax.persistence.PersistenceException: [PersistenceUnit: default] Unable to build Hibernate SessionFactory; nested exception is org.hibernate.exception.GenericJDBCException: Unable to open JDBC Connection for DDL execution
2025-08-25 14:30:15 [main] INFO  o.a.catalina.core.StandardService - Stopping service [Tomcat]
2025-08-25 14:30:15 [main] INFO  o.s.b.a.l.ConditionEvaluationReportLoggingListener - 

Error starting ApplicationContext. To display the conditions report re-run your application with 'debug' enabled.
2025-08-25 14:30:15 [main] ERROR o.s.boot.SpringApplication - Application run failed
org.springframework.beans.factory.BeanCreationException: Error creating bean with name 'entityManagerFactory' defined in class path resource [org/springframework/boot/autoconfigure/orm/jpa/HibernateJpaConfiguration.class]: Invocation of init method failed; nested exception is javax.persistence.PersistenceException: [PersistenceUnit: default] Unable to build Hibernate SessionFactory; nested exception is org.hibernate.exception.GenericJDBCException: Unable to open JDBC Connection for DDL execution
	at org.springframework.beans.factory.support.AbstractAutowireCapableBeanFactory.initializeBean(AbstractAutowireCapableBeanFactory.java:1804)
	at org.springframework.beans.factory.support.AbstractAutowireCapableBeanFactory.doCreateBean(AbstractAutowireCapableBeanFactory.java:620)
	at org.springframework.beans.factory.support.AbstractAutowireCapableBeanFactory.createBean(AbstractAutowireCapableBeanFactory.java:542)
	at org.springframework.beans.factory.support.AbstractBeanFactory.lambda$doGetBean$0(AbstractBeanFactory.java:335)
	at org.springframework.beans.factory.support.DefaultSingletonBeanRegistry.getSingleton(DefaultSingletonBeanRegistry.java:234)
	at org.springframework.beans.factory.support.AbstractBeanFactory.doGetBean(AbstractBeanFactory.java:333)
	at org.springframework.beans.factory.support.AbstractBeanFactory.getBean(AbstractBeanFactory.java:208)
	at org.springframework.context.support.AbstractApplicationContext.getBean(AbstractApplicationContext.java:1168)
	at org.springframework.context.support.AbstractApplicationContext.finishBeanFactoryInitialization(AbstractApplicationContext.java:919)
	at org.springframework.context.support.AbstractApplicationContext.refresh(AbstractApplicationContext.java:591)
	at org.springframework.boot.web.servlet.context.ServletWebServerApplicationContext.refresh(ServletWebServerApplicationContext.java:147)
	at org.springframework.boot.SpringApplication.refresh(SpringApplication.java:732)
	at org.springframework.boot.SpringApplication.refreshContext(SpringApplication.java:409)
	at org.springframework.boot.SpringApplication.run(SpringApplication.java:308)
	at org.springframework.boot.SpringApplication.run(SpringApplication.java:1300)
	at org.springframework.boot.SpringApplication.run(SpringApplication.java:1289)
	at com.memorin.user.UserServiceApplication.main(UserServiceApplication.java:19)
Caused by: javax.persistence.PersistenceException: [PersistenceUnit: default] Unable to build Hibernate SessionFactory; nested exception is org.hibernate.exception.GenericJDBCException: Unable to open JDBC Connection for DDL execution
	at org.springframework.orm.jpa.AbstractEntityManagerFactoryBean.buildNativeEntityManagerFactory(AbstractEntityManagerFactoryBean.java:421)
	at org.springframework.orm.jpa.AbstractEntityManagerFactoryBean.afterPropertiesSet(AbstractEntityManagerFactoryBean.java:396)
	at org.springframework.orm.jpa.LocalContainerEntityManagerFactoryBean.afterPropertiesSet(LocalContainerEntityManagerFactoryBean.java:341)
	at org.springframework.beans.factory.support.AbstractAutowireCapableBeanFactory.invokeInitMethods(AbstractAutowireCapableBeanFactory.java:1863)
	at org.springframework.beans.factory.support.AbstractAutowireCapableBeanFactory.initializeBean(AbstractAutowireCapableBeanFactory.java:1800)
	... 16 common frames omitted
Caused by: org.hibernate.exception.GenericJDBCException: Unable to open JDBC Connection for DDL execution
	at org.hibernate.exception.internal.StandardSQLExceptionConverter.convert(StandardSQLExceptionConverter.java:42)
	at org.hibernate.engine.jdbc.spi.SqlExceptionHelper.convert(SqlExceptionHelper.java:113)
	at org.hibernate.engine.jdbc.spi.SqlExceptionHelper.convert(SqlExceptionHelper.java:99)
	at org.hibernate.resource.transaction.backend.jdbc.internal.DdlTransactionIsolatorNonJtaImpl.getIsolatedConnection(DdlTransactionIsolatorNonJtaImpl.java:71)
	at org.hibernate.tool.schema.internal.exec.ImprovedExtractionContextImpl.getJdbcConnection(ImprovedExtractionContextImpl.java:63)
	at org.hibernate.tool.schema.internal.exec.ImprovedExtractionContextImpl.getJdbcDatabaseMetaData(ImprovedExtractionContextImpl.java:70)
	at org.hibernate.tool.schema.extract.internal.InformationExtractorJdbcDatabaseMetaDataImpl.processTableResultSet(InformationExtractorJdbcDatabaseMetaDataImpl.java:64)
	at org.hibernate.tool.schema.extract.internal.AbstractInformationExtractorImpl.getTables(AbstractInformationExtractorImpl.java:565)
	at org.hibernate.tool.schema.extract.internal.DatabaseInformationImpl.getTablesInformation(DatabaseInformationImpl.java:122)
	at org.hibernate.tool.schema.internal.GroupedSchemaMigratorImpl.performTablesMigration(GroupedSchemaMigratorImpl.java:68)
	at org.hibernate.tool.schema.internal.AbstractSchemaMigrator.performMigration(AbstractSchemaMigrator.java:220)
	at org.hibernate.tool.schema.internal.AbstractSchemaMigrator.doMigration(AbstractSchemaMigrator.java:123)
	at org.hibernate.tool.schema.spi.SchemaManagementToolCoordinator.performDatabaseAction(SchemaManagementToolCoordinator.java:196)
	at org.hibernate.tool.schema.spi.SchemaManagementToolCoordinator.process(SchemaManagementToolCoordinator.java:85)
	at org.hibernate.internal.SessionFactoryImpl.<init>(SessionFactoryImpl.java:335)
	at org.hibernate.boot.internal.SessionFactoryBuilderImpl.build(SessionFactoryBuilderImpl.java:471)
	at org.hibernate.jpa.boot.internal.EntityManagerFactoryBuilderImpl.build(EntityManagerFactoryBuilderImpl.java:1498)
	at org.springframework.orm.jpa.vendor.SpringHibernateJpaPersistenceProvider.createContainerEntityManagerFactory(SpringHibernateJpaPersistenceProvider.java:58)
	at org.springframework.orm.jpa.LocalContainerEntityManagerFactoryBean.createNativeEntityManagerFactory(LocalContainerEntityManagerFactoryBean.java:365)
	at org.springframework.orm.jpa.AbstractEntityManagerFactoryBean.buildNativeEntityManagerFactory(AbstractEntityManagerFactoryBean.java:409)
	... 20 common frames omitted
Caused by: java.sql.SQLException: Access denied for user 'memorin_user'@'localhost' (using password: YES)
	at com.mysql.cj.jdbc.exceptions.SQLError.createSQLException(SQLError.java:130)
	at com.mysql.cj.jdbc.exceptions.SQLExceptionsMapping.translateException(SQLExceptionsMapping.java:122)
	at com.mysql.cj.jdbc.ConnectionImpl.createNewIO(ConnectionImpl.java:825)
	at com.mysql.cj.jdbc.ConnectionImpl.<init>(ConnectionImpl.java:446)
	at com.mysql.cj.jdbc.ConnectionImpl.getInstance(ConnectionImpl.java:239)
	at com.mysql.cj.jdbc.NonRegisteringDriver.connect(NonRegisteringDriver.java:188)
	at com.zaxxer.hikari.util.DriverDataSource.getConnection(DriverDataSource.java:138)
	at com.zaxxer.hikari.pool.PoolBase.newConnection(PoolBase.java:364)
	at com.zaxxer.hikari.pool.PoolBase.newPoolEntry(PoolBase.java:206)
	at com.zaxxer.hikari.pool.HikariPool.createPoolEntry(HikariPool.java:476)
	at com.zaxxer.hikari.pool.HikariPool.checkFailFast(HikariPool.java:561)
	at com.zaxxer.hikari.pool.HikariPool.<init>(HikariPool.java:115)
	at com.zaxxer.hikari.HikariDataSource.getConnection(HikariDataSource.java:112)
	at org.hibernate.engine.jdbc.connections.internal.DatasourceConnectionProviderImpl.getConnection(DatasourceConnectionProviderImpl.java:122)
	at org.hibernate.engine.jdbc.env.internal.JdbcEnvironmentInitiator$ConnectionProviderJdbcConnectionAccess.obtainConnection(JdbcEnvironmentInitiator.java:181)
	at org.hibernate.resource.transaction.backend.jdbc.internal.DdlTransactionIsolatorNonJtaImpl.getIsolatedConnection(DdlTransactionIsolatorNonJtaImpl.java:44)
	... 36 common frames omitted
2025-08-25 14:30:42 [http-nio-8081-exec-3] DEBUG o.s.security.web.FilterChainProxy - Securing GET /actuator/health
2025-08-25 14:30:42 [http-nio-8081-exec-3] DEBUG o.s.s.w.c.SecurityContextPersistenceFilter - Set SecurityContextHolder to empty SecurityContext
2025-08-25 14:30:42 [http-nio-8081-exec-3] DEBUG o.s.s.w.a.AnonymousAuthenticationFilter - Set SecurityContextHolder to anonymous SecurityContext
2025-08-25 14:30:42 [http-nio-8081-exec-3] DEBUG o.s.s.w.a.i.FilterSecurityInterceptor - Authorized filter invocation [GET /actuator/health] with attributes [permitAll]
2025-08-25 14:30:42 [http-nio-8081-exec-3] DEBUG o.s.security.web.FilterChainProxy - Secured GET /actuator/health
2025-08-25 14:30:42 [http-nio-8081-exec-3] DEBUG o.s.web.servlet.DispatcherServlet - GET "/actuator/health", parameters={}
2025-08-25 14:30:42 [http-nio-8081-exec-3] DEBUG o.s.w.s.m.m.a.HttpEntityMethodProcessor - Using 'application/vnd.spring-boot.actuator.v3+json', given [*/*] and supported [application/vnd.spring-boot.actuator.v3+json, application/vnd.spring-boot.actuator.v2+json, application/json]
2025-08-25 14:30:42 [http-nio-8081-exec-3] DEBUG o.s.w.s.m.m.a.HttpEntityMethodProcessor - Writing [org.springframework.boot.actuate.health.SystemHealth@21e0fa88]
2025-08-25 14:30:42 [http-nio-8081-exec-3] DEBUG o.s.s.w.c.HttpSessionSecurityContextRepository - Did not store anonymous SecurityContext
2025-08-25 14:30:42 [http-nio-8081-exec-3] DEBUG o.s.web.servlet.DispatcherServlet - Completed 200 OK
2025-08-25 14:30:42 [http-nio-8081-exec-3] DEBUG o.s.s.w.c.HttpSessionSecurityContextRepository - Did not store anonymous SecurityContext
2025-08-25 14:30:42 [http-nio-8081-exec-3] DEBUG o.s.s.w.c.SecurityContextPersistenceFilter - Cleared SecurityContextHolder to complete request
2025-08-25 14:31:16 [http-nio-8081-exec-5] DEBUG o.s.security.web.FilterChainProxy - Securing GET /actuator/health
2025-08-25 14:31:16 [http-nio-8081-exec-5] DEBUG o.s.s.w.c.SecurityContextPersistenceFilter - Set SecurityContextHolder to empty SecurityContext
2025-08-25 14:31:16 [http-nio-8081-exec-5] DEBUG o.s.s.w.a.AnonymousAuthenticationFilter - Set SecurityContextHolder to anonymous SecurityContext
2025-08-25 14:31:16 [http-nio-8081-exec-5] DEBUG o.s.s.w.a.i.FilterSecurityInterceptor - Authorized filter invocation [GET /actuator/health] with attributes [permitAll]
2025-08-25 14:31:16 [http-nio-8081-exec-5] DEBUG o.s.security.web.FilterChainProxy - Secured GET /actuator/health
2025-08-25 14:31:16 [http-nio-8081-exec-5] DEBUG o.s.web.servlet.DispatcherServlet - GET "/actuator/health", parameters={}
2025-08-25 14:31:16 [http-nio-8081-exec-5] DEBUG o.s.w.s.m.m.a.HttpEntityMethodProcessor - Using 'application/vnd.spring-boot.actuator.v3+json', given [*/*] and supported [application/vnd.spring-boot.actuator.v3+json, application/vnd.spring-boot.actuator.v2+json, application/json]
2025-08-25 14:31:16 [http-nio-8081-exec-5] DEBUG o.s.w.s.m.m.a.HttpEntityMethodProcessor - Writing [org.springframework.boot.actuate.health.SystemHealth@52307f2]
2025-08-25 14:31:16 [http-nio-8081-exec-5] DEBUG o.s.s.w.c.HttpSessionSecurityContextRepository - Did not store anonymous SecurityContext
2025-08-25 14:31:16 [http-nio-8081-exec-5] DEBUG o.s.web.servlet.DispatcherServlet - Completed 200 OK
2025-08-25 14:31:16 [http-nio-8081-exec-5] DEBUG o.s.s.w.c.HttpSessionSecurityContextRepository - Did not store anonymous SecurityContext
2025-08-25 14:31:16 [http-nio-8081-exec-5] DEBUG o.s.s.w.c.SecurityContextPersistenceFilter - Cleared SecurityContextHolder to complete request
2025-08-25 14:31:35 [http-nio-8081-exec-4] DEBUG o.s.security.web.FilterChainProxy - Securing GET /test/ping
2025-08-25 14:31:35 [http-nio-8081-exec-4] DEBUG o.s.s.w.c.SecurityContextPersistenceFilter - Set SecurityContextHolder to empty SecurityContext
2025-08-25 14:31:35 [http-nio-8081-exec-4] DEBUG o.s.w.s.m.m.a.RequestMappingHandlerMapping - Mapped to com.memorin.user.controller.TestController#ping()
2025-08-25 14:31:35 [http-nio-8081-exec-4] DEBUG o.s.s.w.a.AnonymousAuthenticationFilter - Set SecurityContextHolder to anonymous SecurityContext
2025-08-25 14:31:35 [http-nio-8081-exec-4] DEBUG o.s.s.w.a.i.FilterSecurityInterceptor - Authorized filter invocation [GET /test/ping] with attributes [permitAll]
2025-08-25 14:31:35 [http-nio-8081-exec-4] DEBUG o.s.security.web.FilterChainProxy - Secured GET /test/ping
2025-08-25 14:31:35 [http-nio-8081-exec-4] DEBUG o.s.web.servlet.DispatcherServlet - GET "/test/ping", parameters={}
2025-08-25 14:31:35 [http-nio-8081-exec-4] DEBUG o.s.w.s.m.m.a.RequestMappingHandlerMapping - Mapped to com.memorin.user.controller.TestController#ping()
2025-08-25 14:31:35 [http-nio-8081-exec-4] DEBUG org.hibernate.SQL - 
    /* select
        count(*) 
    from
        User x */ select
            count(*) as col_0_0_ 
        from
            users user0_
2025-08-25 14:31:35 [http-nio-8081-exec-4] DEBUG o.s.w.s.m.m.a.HttpEntityMethodProcessor - Using 'application/json', given [*/*] and supported [application/json, application/*+json, application/json, application/*+json]
2025-08-25 14:31:35 [http-nio-8081-exec-4] DEBUG o.s.w.s.m.m.a.HttpEntityMethodProcessor - Writing [{userCount=2, port=8081, service=memorin-user-service, message=用户服务运行正常, status=success, timestamp=2 (truncated)...]
2025-08-25 14:31:35 [http-nio-8081-exec-4] DEBUG o.s.s.w.c.HttpSessionSecurityContextRepository - Did not store anonymous SecurityContext
2025-08-25 14:31:35 [http-nio-8081-exec-4] DEBUG o.s.web.servlet.DispatcherServlet - Completed 200 OK
2025-08-25 14:31:35 [http-nio-8081-exec-4] DEBUG o.s.s.w.c.HttpSessionSecurityContextRepository - Did not store anonymous SecurityContext
2025-08-25 14:31:35 [http-nio-8081-exec-4] DEBUG o.s.s.w.c.SecurityContextPersistenceFilter - Cleared SecurityContextHolder to complete request
2025-08-25 14:31:42 [http-nio-8081-exec-9] DEBUG o.s.security.web.FilterChainProxy - Securing GET /test/ping
2025-08-25 14:31:42 [http-nio-8081-exec-9] DEBUG o.s.s.w.c.SecurityContextPersistenceFilter - Set SecurityContextHolder to empty SecurityContext
2025-08-25 14:31:42 [http-nio-8081-exec-9] DEBUG o.s.w.s.m.m.a.RequestMappingHandlerMapping - Mapped to com.memorin.user.controller.TestController#ping()
2025-08-25 14:31:42 [http-nio-8081-exec-9] DEBUG o.s.s.w.a.AnonymousAuthenticationFilter - Set SecurityContextHolder to anonymous SecurityContext
2025-08-25 14:31:42 [http-nio-8081-exec-9] DEBUG o.s.s.w.a.i.FilterSecurityInterceptor - Authorized filter invocation [GET /test/ping] with attributes [permitAll]
2025-08-25 14:31:42 [http-nio-8081-exec-9] DEBUG o.s.security.web.FilterChainProxy - Secured GET /test/ping
2025-08-25 14:31:42 [http-nio-8081-exec-9] DEBUG o.s.web.servlet.DispatcherServlet - GET "/test/ping", parameters={}
2025-08-25 14:31:42 [http-nio-8081-exec-9] DEBUG o.s.w.s.m.m.a.RequestMappingHandlerMapping - Mapped to com.memorin.user.controller.TestController#ping()
2025-08-25 14:31:42 [http-nio-8081-exec-9] DEBUG org.hibernate.SQL - 
    /* select
        count(*) 
    from
        User x */ select
            count(*) as col_0_0_ 
        from
            users user0_
2025-08-25 14:31:42 [http-nio-8081-exec-9] DEBUG o.s.w.s.m.m.a.HttpEntityMethodProcessor - Using 'application/json', given [*/*] and supported [application/json, application/*+json, application/json, application/*+json]
2025-08-25 14:31:42 [http-nio-8081-exec-9] DEBUG o.s.w.s.m.m.a.HttpEntityMethodProcessor - Writing [{userCount=2, port=8081, service=memorin-user-service, message=用户服务运行正常, status=success, timestamp=2 (truncated)...]
2025-08-25 14:31:42 [http-nio-8081-exec-9] DEBUG o.s.s.w.c.HttpSessionSecurityContextRepository - Did not store anonymous SecurityContext
2025-08-25 14:31:42 [http-nio-8081-exec-9] DEBUG o.s.web.servlet.DispatcherServlet - Completed 200 OK
2025-08-25 14:31:42 [http-nio-8081-exec-9] DEBUG o.s.s.w.c.HttpSessionSecurityContextRepository - Did not store anonymous SecurityContext
2025-08-25 14:31:42 [http-nio-8081-exec-9] DEBUG o.s.s.w.c.SecurityContextPersistenceFilter - Cleared SecurityContextHolder to complete request
2025-08-25 14:32:00 [http-nio-8081-exec-1] DEBUG o.s.security.web.FilterChainProxy - Securing GET /test/users
2025-08-25 14:32:00 [http-nio-8081-exec-1] DEBUG o.s.s.w.c.SecurityContextPersistenceFilter - Set SecurityContextHolder to empty SecurityContext
2025-08-25 14:32:00 [http-nio-8081-exec-1] DEBUG o.s.w.s.m.m.a.RequestMappingHandlerMapping - Mapped to com.memorin.user.controller.TestController#getAllUsers()
2025-08-25 14:32:00 [http-nio-8081-exec-1] DEBUG o.s.s.w.a.AnonymousAuthenticationFilter - Set SecurityContextHolder to anonymous SecurityContext
2025-08-25 14:32:00 [http-nio-8081-exec-1] DEBUG o.s.s.w.a.i.FilterSecurityInterceptor - Authorized filter invocation [GET /test/users] with attributes [permitAll]
2025-08-25 14:32:00 [http-nio-8081-exec-1] DEBUG o.s.security.web.FilterChainProxy - Secured GET /test/users
2025-08-25 14:32:00 [http-nio-8081-exec-1] DEBUG o.s.web.servlet.DispatcherServlet - GET "/test/users", parameters={}
2025-08-25 14:32:00 [http-nio-8081-exec-1] DEBUG o.s.w.s.m.m.a.RequestMappingHandlerMapping - Mapped to com.memorin.user.controller.TestController#getAllUsers()
2025-08-25 14:32:00 [http-nio-8081-exec-1] DEBUG org.hibernate.SQL - 
    /* select
        generatedAlias0 
    from
        User as generatedAlias0 */ select
            user0_.id as id1_0_,
            user0_.created_at as created_2_0_,
            user0_.email as email3_0_,
            user0_.password_hash as password4_0_,
            user0_.status as status5_0_,
            user0_.updated_at as updated_6_0_,
            user0_.username as username7_0_ 
        from
            users user0_
2025-08-25 14:32:00 [http-nio-8081-exec-1] DEBUG o.s.w.s.m.m.a.HttpEntityMethodProcessor - Using 'application/json', given [*/*] and supported [application/json, application/*+json, application/json, application/*+json]
2025-08-25 14:32:00 [http-nio-8081-exec-1] DEBUG o.s.w.s.m.m.a.HttpEntityMethodProcessor - Writing [{success=true, count=2, message=获取用户列表成功, users=[User{id=1, username='testuser', email='test@example (truncated)...]
2025-08-25 14:32:00 [http-nio-8081-exec-1] DEBUG o.s.s.w.c.HttpSessionSecurityContextRepository - Did not store anonymous SecurityContext
2025-08-25 14:32:00 [http-nio-8081-exec-1] DEBUG o.s.web.servlet.DispatcherServlet - Completed 200 OK
2025-08-25 14:32:00 [http-nio-8081-exec-1] DEBUG o.s.s.w.c.HttpSessionSecurityContextRepository - Did not store anonymous SecurityContext
2025-08-25 14:32:00 [http-nio-8081-exec-1] DEBUG o.s.s.w.c.SecurityContextPersistenceFilter - Cleared SecurityContextHolder to complete request
2025-08-25 14:32:20 [http-nio-8081-exec-3] DEBUG o.s.security.web.FilterChainProxy - Securing GET /swagger-ui.html
2025-08-25 14:32:20 [http-nio-8081-exec-3] DEBUG o.s.s.w.c.SecurityContextPersistenceFilter - Set SecurityContextHolder to empty SecurityContext
2025-08-25 14:32:20 [http-nio-8081-exec-3] DEBUG o.s.w.s.m.m.a.RequestMappingHandlerMapping - Mapped to org.springdoc.webmvc.ui.SwaggerWelcomeWebMvc#redirectToUi(HttpServletRequest)
2025-08-25 14:32:20 [http-nio-8081-exec-3] DEBUG o.s.s.w.a.AnonymousAuthenticationFilter - Set SecurityContextHolder to anonymous SecurityContext
2025-08-25 14:32:20 [http-nio-8081-exec-3] DEBUG o.s.s.w.a.i.FilterSecurityInterceptor - Authorized filter invocation [GET /swagger-ui.html] with attributes [permitAll]
2025-08-25 14:32:20 [http-nio-8081-exec-3] DEBUG o.s.security.web.FilterChainProxy - Secured GET /swagger-ui.html
2025-08-25 14:32:20 [http-nio-8081-exec-3] DEBUG o.s.web.servlet.DispatcherServlet - GET "/swagger-ui.html", parameters={}
2025-08-25 14:32:20 [http-nio-8081-exec-3] DEBUG o.s.w.s.m.m.a.RequestMappingHandlerMapping - Mapped to org.springdoc.webmvc.ui.SwaggerWelcomeWebMvc#redirectToUi(HttpServletRequest)
2025-08-25 14:32:20 [http-nio-8081-exec-3] DEBUG o.s.w.s.m.m.a.HttpEntityMethodProcessor - Using 'application/json', given [*/*] and supported [application/json, application/*+json, application/json, application/*+json]
2025-08-25 14:32:20 [http-nio-8081-exec-3] DEBUG o.s.w.s.m.m.a.HttpEntityMethodProcessor - Nothing to write: null body
2025-08-25 14:32:20 [http-nio-8081-exec-3] DEBUG o.s.web.servlet.DispatcherServlet - Completed 302 FOUND
2025-08-25 14:32:20 [http-nio-8081-exec-3] DEBUG o.s.s.w.c.HttpSessionSecurityContextRepository - Did not store anonymous SecurityContext
2025-08-25 14:32:20 [http-nio-8081-exec-3] DEBUG o.s.s.w.c.SecurityContextPersistenceFilter - Cleared SecurityContextHolder to complete request
2025-08-25 14:32:27 [http-nio-8081-exec-5] DEBUG o.s.security.web.FilterChainProxy - Securing POST /auth/register
2025-08-25 14:32:27 [http-nio-8081-exec-5] DEBUG o.s.s.w.c.SecurityContextPersistenceFilter - Set SecurityContextHolder to empty SecurityContext
2025-08-25 14:32:27 [http-nio-8081-exec-5] DEBUG o.s.w.s.m.m.a.RequestMappingHandlerMapping - Mapped to com.memorin.user.controller.AuthController#register(RegisterRequest)
2025-08-25 14:32:27 [http-nio-8081-exec-5] DEBUG o.s.s.w.a.AnonymousAuthenticationFilter - Set SecurityContextHolder to anonymous SecurityContext
2025-08-25 14:32:27 [http-nio-8081-exec-5] DEBUG o.s.s.w.a.i.FilterSecurityInterceptor - Authorized filter invocation [POST /auth/register] with attributes [permitAll]
2025-08-25 14:32:27 [http-nio-8081-exec-5] DEBUG o.s.security.web.FilterChainProxy - Secured POST /auth/register
2025-08-25 14:32:27 [http-nio-8081-exec-5] DEBUG o.s.web.servlet.DispatcherServlet - POST "/auth/register", parameters={}
2025-08-25 14:32:27 [http-nio-8081-exec-5] DEBUG o.s.w.s.m.m.a.RequestMappingHandlerMapping - Mapped to com.memorin.user.controller.AuthController#register(RegisterRequest)
2025-08-25 14:32:27 [http-nio-8081-exec-5] DEBUG o.s.w.s.m.m.a.RequestResponseBodyMethodProcessor - Read "application/json;charset=UTF-8" to [RegisterRequest{username='sdk_test_user', email='sdk_test@example.com', password='[PROTECTED]', nick (truncated)...]
2025-08-25 14:32:27 [http-nio-8081-exec-5] DEBUG org.hibernate.SQL - 
    /* select
        generatedAlias0 
    from
        User as generatedAlias0 
    where
        generatedAlias0.username=:param0 */ select
            user0_.id as id1_0_,
            user0_.created_at as created_2_0_,
            user0_.email as email3_0_,
            user0_.password_hash as password4_0_,
            user0_.status as status5_0_,
            user0_.updated_at as updated_6_0_,
            user0_.username as username7_0_ 
        from
            users user0_ 
        where
            user0_.username=?
2025-08-25 14:32:27 [http-nio-8081-exec-5] TRACE o.h.type.descriptor.sql.BasicBinder - binding parameter [1] as [VARCHAR] - [sdk_test_user]
2025-08-25 14:32:27 [http-nio-8081-exec-5] DEBUG org.hibernate.SQL - 
    /* select
        generatedAlias0 
    from
        User as generatedAlias0 
    where
        generatedAlias0.email=:param0 */ select
            user0_.id as id1_0_,
            user0_.created_at as created_2_0_,
            user0_.email as email3_0_,
            user0_.password_hash as password4_0_,
            user0_.status as status5_0_,
            user0_.updated_at as updated_6_0_,
            user0_.username as username7_0_ 
        from
            users user0_ 
        where
            user0_.email=?
2025-08-25 14:32:27 [http-nio-8081-exec-5] TRACE o.h.type.descriptor.sql.BasicBinder - binding parameter [1] as [VARCHAR] - [sdk_test@example.com]
2025-08-25 14:32:27 [http-nio-8081-exec-5] DEBUG org.hibernate.SQL - 
    /* insert com.memorin.user.entity.User
        */ insert 
        into
            users
            (id, created_at, email, password_hash, status, updated_at, username) 
        values
            (default, ?, ?, ?, ?, ?, ?)
2025-08-25 14:32:27 [http-nio-8081-exec-5] TRACE o.h.type.descriptor.sql.BasicBinder - binding parameter [1] as [TIMESTAMP] - [2025-08-25T14:32:27.108]
2025-08-25 14:32:27 [http-nio-8081-exec-5] TRACE o.h.type.descriptor.sql.BasicBinder - binding parameter [2] as [VARCHAR] - [sdk_test@example.com]
2025-08-25 14:32:27 [http-nio-8081-exec-5] TRACE o.h.type.descriptor.sql.BasicBinder - binding parameter [3] as [VARCHAR] - [$2a$10$jynhFy/JZktJlDcpAAnglu.LhrFALLX9UCN.eutGkNcOjUF1uz9IW]
2025-08-25 14:32:27 [http-nio-8081-exec-5] TRACE o.h.type.descriptor.sql.BasicBinder - binding parameter [4] as [VARCHAR] - [ACTIVE]
2025-08-25 14:32:27 [http-nio-8081-exec-5] TRACE o.h.type.descriptor.sql.BasicBinder - binding parameter [5] as [TIMESTAMP] - [2025-08-25T14:32:27.108]
2025-08-25 14:32:27 [http-nio-8081-exec-5] TRACE o.h.type.descriptor.sql.BasicBinder - binding parameter [6] as [VARCHAR] - [sdk_test_user]
2025-08-25 14:32:27 [http-nio-8081-exec-5] DEBUG o.s.w.s.m.m.a.HttpEntityMethodProcessor - Using 'application/json', given [*/*] and supported [application/json, application/*+json, application/json, application/*+json]
2025-08-25 14:32:27 [http-nio-8081-exec-5] DEBUG o.s.w.s.m.m.a.HttpEntityMethodProcessor - Writing [{createdAt=2025-08-25T14:32:27.108, success=true, message=用户注册成功, userId=3, email=sdk_test@example.c (truncated)...]
2025-08-25 14:32:27 [http-nio-8081-exec-5] DEBUG o.s.s.w.c.HttpSessionSecurityContextRepository - Did not store anonymous SecurityContext
2025-08-25 14:32:27 [http-nio-8081-exec-5] DEBUG o.s.web.servlet.DispatcherServlet - Completed 200 OK
2025-08-25 14:32:27 [http-nio-8081-exec-5] DEBUG o.s.s.w.c.HttpSessionSecurityContextRepository - Did not store anonymous SecurityContext
2025-08-25 14:32:27 [http-nio-8081-exec-5] DEBUG o.s.s.w.c.SecurityContextPersistenceFilter - Cleared SecurityContextHolder to complete request
2025-08-25 14:32:28 [http-nio-8081-exec-4] DEBUG o.s.security.web.FilterChainProxy - Securing POST /auth/login
2025-08-25 14:32:28 [http-nio-8081-exec-4] DEBUG o.s.s.w.c.SecurityContextPersistenceFilter - Set SecurityContextHolder to empty SecurityContext
2025-08-25 14:32:28 [http-nio-8081-exec-4] DEBUG o.s.w.s.m.m.a.RequestMappingHandlerMapping - Mapped to com.memorin.user.controller.AuthController#login(LoginRequest)
2025-08-25 14:32:28 [http-nio-8081-exec-4] DEBUG o.s.s.w.a.AnonymousAuthenticationFilter - Set SecurityContextHolder to anonymous SecurityContext
2025-08-25 14:32:28 [http-nio-8081-exec-4] DEBUG o.s.s.w.a.i.FilterSecurityInterceptor - Authorized filter invocation [POST /auth/login] with attributes [permitAll]
2025-08-25 14:32:28 [http-nio-8081-exec-4] DEBUG o.s.security.web.FilterChainProxy - Secured POST /auth/login
2025-08-25 14:32:28 [http-nio-8081-exec-4] DEBUG o.s.web.servlet.DispatcherServlet - POST "/auth/login", parameters={}
2025-08-25 14:32:28 [http-nio-8081-exec-4] DEBUG o.s.w.s.m.m.a.RequestMappingHandlerMapping - Mapped to com.memorin.user.controller.AuthController#login(LoginRequest)
2025-08-25 14:32:28 [http-nio-8081-exec-4] DEBUG o.s.w.s.m.m.a.RequestResponseBodyMethodProcessor - Read "application/json;charset=UTF-8" to [LoginRequest{username='sdk_test_user', password='[PROTECTED]'}]
2025-08-25 14:32:28 [http-nio-8081-exec-4] DEBUG org.hibernate.SQL - 
    /* select
        generatedAlias0 
    from
        User as generatedAlias0 
    where
        generatedAlias0.username=:param0 */ select
            user0_.id as id1_0_,
            user0_.created_at as created_2_0_,
            user0_.email as email3_0_,
            user0_.password_hash as password4_0_,
            user0_.status as status5_0_,
            user0_.updated_at as updated_6_0_,
            user0_.username as username7_0_ 
        from
            users user0_ 
        where
            user0_.username=?
2025-08-25 14:32:28 [http-nio-8081-exec-4] TRACE o.h.type.descriptor.sql.BasicBinder - binding parameter [1] as [VARCHAR] - [sdk_test_user]
2025-08-25 14:32:28 [http-nio-8081-exec-4] DEBUG org.hibernate.SQL - 
    /* update
        com.memorin.user.entity.User */ update
            users 
        set
            email=?,
            password_hash=?,
            status=?,
            updated_at=?,
            username=? 
        where
            id=?
2025-08-25 14:32:28 [http-nio-8081-exec-4] TRACE o.h.type.descriptor.sql.BasicBinder - binding parameter [1] as [VARCHAR] - [sdk_test@example.com]
2025-08-25 14:32:28 [http-nio-8081-exec-4] TRACE o.h.type.descriptor.sql.BasicBinder - binding parameter [2] as [VARCHAR] - [$2a$10$jynhFy/JZktJlDcpAAnglu.LhrFALLX9UCN.eutGkNcOjUF1uz9IW]
2025-08-25 14:32:28 [http-nio-8081-exec-4] TRACE o.h.type.descriptor.sql.BasicBinder - binding parameter [3] as [VARCHAR] - [ACTIVE]
2025-08-25 14:32:28 [http-nio-8081-exec-4] TRACE o.h.type.descriptor.sql.BasicBinder - binding parameter [4] as [TIMESTAMP] - [2025-08-25T14:32:28.924]
2025-08-25 14:32:28 [http-nio-8081-exec-4] TRACE o.h.type.descriptor.sql.BasicBinder - binding parameter [5] as [VARCHAR] - [sdk_test_user]
2025-08-25 14:32:28 [http-nio-8081-exec-4] TRACE o.h.type.descriptor.sql.BasicBinder - binding parameter [6] as [BIGINT] - [3]
2025-08-25 14:32:28 [http-nio-8081-exec-4] DEBUG o.s.w.s.m.m.a.HttpEntityMethodProcessor - Using 'application/json', given [*/*] and supported [application/json, application/*+json, application/json, application/*+json]
2025-08-25 14:32:28 [http-nio-8081-exec-4] DEBUG o.s.w.s.m.m.a.HttpEntityMethodProcessor - Writing [com.memorin.user.dto.response.LoginResponse@29e6b1b8]
2025-08-25 14:32:28 [http-nio-8081-exec-4] DEBUG o.s.s.w.c.HttpSessionSecurityContextRepository - Did not store anonymous SecurityContext
2025-08-25 14:32:28 [http-nio-8081-exec-4] DEBUG o.s.web.servlet.DispatcherServlet - Completed 200 OK
2025-08-25 14:32:28 [http-nio-8081-exec-4] DEBUG o.s.s.w.c.HttpSessionSecurityContextRepository - Did not store anonymous SecurityContext
2025-08-25 14:32:28 [http-nio-8081-exec-4] DEBUG o.s.s.w.c.SecurityContextPersistenceFilter - Cleared SecurityContextHolder to complete request
2025-08-25 14:34:17 [main] INFO  c.a.n.c.env.SearchableProperties - properties search order:PROPERTIES->JVM->ENV->DEFAULT_SETTING
2025-08-25 14:34:17 [main] INFO  c.m.user.UserServiceApplication - Starting UserServiceApplication using Java 1.8.0_451 on WIN-C3D985L1HJN with PID 8328 (D:\CODE\Memorin-rebuild\backend\memorin-user-service\target\classes started by Mechrevo in D:\CODE\Memorin-rebuild\backend\memorin-user-service)
2025-08-25 14:34:17 [main] DEBUG c.m.user.UserServiceApplication - Running with Spring Boot v2.7.18, Spring v5.3.31
2025-08-25 14:34:17 [main] INFO  c.m.user.UserServiceApplication - No active profile set, falling back to 1 default profile: "default"
2025-08-25 14:34:18 [main] INFO  o.s.d.r.c.RepositoryConfigurationDelegate - Multiple Spring Data modules found, entering strict repository configuration mode
2025-08-25 14:34:18 [main] INFO  o.s.d.r.c.RepositoryConfigurationDelegate - Bootstrapping Spring Data JPA repositories in DEFAULT mode.
2025-08-25 14:34:18 [main] INFO  o.s.d.r.c.RepositoryConfigurationDelegate - Finished Spring Data repository scanning in 29 ms. Found 1 JPA repository interfaces.
2025-08-25 14:34:18 [main] INFO  o.s.d.r.c.RepositoryConfigurationDelegate - Multiple Spring Data modules found, entering strict repository configuration mode
2025-08-25 14:34:18 [main] INFO  o.s.d.r.c.RepositoryConfigurationDelegate - Bootstrapping Spring Data Redis repositories in DEFAULT mode.
2025-08-25 14:34:18 [main] INFO  o.s.d.r.c.RepositoryConfigurationExtensionSupport - Spring Data Redis - Could not safely identify store assignment for repository candidate interface com.memorin.user.repository.UserRepository; If you want this repository to be a Redis repository, consider annotating your entities with one of these annotations: org.springframework.data.redis.core.RedisHash (preferred), or consider extending one of the following types with your repository: org.springframework.data.keyvalue.repository.KeyValueRepository
2025-08-25 14:34:18 [main] INFO  o.s.d.r.c.RepositoryConfigurationDelegate - Finished Spring Data repository scanning in 3 ms. Found 0 Redis repository interfaces.
2025-08-25 14:34:18 [main] INFO  o.s.cloud.context.scope.GenericScope - BeanFactory id=54e36200-5f1e-3737-846c-48cc76e1cf23
2025-08-25 14:34:18 [main] INFO  o.s.b.w.e.tomcat.TomcatWebServer - Tomcat initialized with port(s): 8081 (http)
2025-08-25 14:34:18 [main] INFO  o.a.catalina.core.StandardService - Starting service [Tomcat]
2025-08-25 14:34:18 [main] INFO  o.a.catalina.core.StandardEngine - Starting Servlet engine: [Apache Tomcat/9.0.83]
2025-08-25 14:34:19 [main] INFO  o.a.c.c.C.[Tomcat].[localhost].[/] - Initializing Spring embedded WebApplicationContext
2025-08-25 14:34:19 [main] INFO  o.s.b.w.s.c.ServletWebServerApplicationContext - Root WebApplicationContext: initialization completed in 1293 ms
2025-08-25 14:34:19 [main] INFO  o.h.jpa.internal.util.LogHelper - HHH000204: Processing PersistenceUnitInfo [name: default]
2025-08-25 14:34:19 [main] INFO  org.hibernate.Version - HHH000412: Hibernate ORM core version 5.6.15.Final
2025-08-25 14:34:19 [main] INFO  o.h.annotations.common.Version - HCANN000001: Hibernate Commons Annotations {5.1.2.Final}
2025-08-25 14:34:19 [main] INFO  com.zaxxer.hikari.HikariDataSource - MemorinUserPool - Starting...
2025-08-25 14:34:20 [main] ERROR com.zaxxer.hikari.pool.HikariPool - MemorinUserPool - Exception during pool initialization.
java.sql.SQLException: Access denied for user 'memorin_user'@'localhost' (using password: YES)
	at com.mysql.cj.jdbc.exceptions.SQLError.createSQLException(SQLError.java:130)
	at com.mysql.cj.jdbc.exceptions.SQLExceptionsMapping.translateException(SQLExceptionsMapping.java:122)
	at com.mysql.cj.jdbc.ConnectionImpl.createNewIO(ConnectionImpl.java:825)
	at com.mysql.cj.jdbc.ConnectionImpl.<init>(ConnectionImpl.java:446)
	at com.mysql.cj.jdbc.ConnectionImpl.getInstance(ConnectionImpl.java:239)
	at com.mysql.cj.jdbc.NonRegisteringDriver.connect(NonRegisteringDriver.java:188)
	at com.zaxxer.hikari.util.DriverDataSource.getConnection(DriverDataSource.java:138)
	at com.zaxxer.hikari.pool.PoolBase.newConnection(PoolBase.java:364)
	at com.zaxxer.hikari.pool.PoolBase.newPoolEntry(PoolBase.java:206)
	at com.zaxxer.hikari.pool.HikariPool.createPoolEntry(HikariPool.java:476)
	at com.zaxxer.hikari.pool.HikariPool.checkFailFast(HikariPool.java:561)
	at com.zaxxer.hikari.pool.HikariPool.<init>(HikariPool.java:115)
	at com.zaxxer.hikari.HikariDataSource.getConnection(HikariDataSource.java:112)
	at org.hibernate.engine.jdbc.connections.internal.DatasourceConnectionProviderImpl.getConnection(DatasourceConnectionProviderImpl.java:122)
	at org.hibernate.engine.jdbc.env.internal.JdbcEnvironmentInitiator$ConnectionProviderJdbcConnectionAccess.obtainConnection(JdbcEnvironmentInitiator.java:181)
	at org.hibernate.engine.jdbc.env.internal.JdbcEnvironmentInitiator.initiateService(JdbcEnvironmentInitiator.java:68)
	at org.hibernate.engine.jdbc.env.internal.JdbcEnvironmentInitiator.initiateService(JdbcEnvironmentInitiator.java:35)
	at org.hibernate.boot.registry.internal.StandardServiceRegistryImpl.initiateService(StandardServiceRegistryImpl.java:101)
	at org.hibernate.service.internal.AbstractServiceRegistryImpl.createService(AbstractServiceRegistryImpl.java:272)
	at org.hibernate.service.internal.AbstractServiceRegistryImpl.initializeService(AbstractServiceRegistryImpl.java:246)
	at org.hibernate.service.internal.AbstractServiceRegistryImpl.getService(AbstractServiceRegistryImpl.java:223)
	at org.hibernate.id.factory.internal.DefaultIdentifierGeneratorFactory.injectServices(DefaultIdentifierGeneratorFactory.java:175)
	at org.hibernate.service.internal.AbstractServiceRegistryImpl.injectDependencies(AbstractServiceRegistryImpl.java:295)
	at org.hibernate.service.internal.AbstractServiceRegistryImpl.initializeService(AbstractServiceRegistryImpl.java:252)
	at org.hibernate.service.internal.AbstractServiceRegistryImpl.getService(AbstractServiceRegistryImpl.java:223)
	at org.hibernate.boot.internal.InFlightMetadataCollectorImpl.<init>(InFlightMetadataCollectorImpl.java:173)
	at org.hibernate.boot.model.process.spi.MetadataBuildingProcess.complete(MetadataBuildingProcess.java:127)
	at org.hibernate.jpa.boot.internal.EntityManagerFactoryBuilderImpl.metadata(EntityManagerFactoryBuilderImpl.java:1460)
	at org.hibernate.jpa.boot.internal.EntityManagerFactoryBuilderImpl.build(EntityManagerFactoryBuilderImpl.java:1494)
	at org.springframework.orm.jpa.vendor.SpringHibernateJpaPersistenceProvider.createContainerEntityManagerFactory(SpringHibernateJpaPersistenceProvider.java:58)
	at org.springframework.orm.jpa.LocalContainerEntityManagerFactoryBean.createNativeEntityManagerFactory(LocalContainerEntityManagerFactoryBean.java:365)
	at org.springframework.orm.jpa.AbstractEntityManagerFactoryBean.buildNativeEntityManagerFactory(AbstractEntityManagerFactoryBean.java:409)
	at org.springframework.orm.jpa.AbstractEntityManagerFactoryBean.afterPropertiesSet(AbstractEntityManagerFactoryBean.java:396)
	at org.springframework.orm.jpa.LocalContainerEntityManagerFactoryBean.afterPropertiesSet(LocalContainerEntityManagerFactoryBean.java:341)
	at org.springframework.beans.factory.support.AbstractAutowireCapableBeanFactory.invokeInitMethods(AbstractAutowireCapableBeanFactory.java:1863)
	at org.springframework.beans.factory.support.AbstractAutowireCapableBeanFactory.initializeBean(AbstractAutowireCapableBeanFactory.java:1800)
	at org.springframework.beans.factory.support.AbstractAutowireCapableBeanFactory.doCreateBean(AbstractAutowireCapableBeanFactory.java:620)
	at org.springframework.beans.factory.support.AbstractAutowireCapableBeanFactory.createBean(AbstractAutowireCapableBeanFactory.java:542)
	at org.springframework.beans.factory.support.AbstractBeanFactory.lambda$doGetBean$0(AbstractBeanFactory.java:335)
	at org.springframework.beans.factory.support.DefaultSingletonBeanRegistry.getSingleton(DefaultSingletonBeanRegistry.java:234)
	at org.springframework.beans.factory.support.AbstractBeanFactory.doGetBean(AbstractBeanFactory.java:333)
	at org.springframework.beans.factory.support.AbstractBeanFactory.getBean(AbstractBeanFactory.java:208)
	at org.springframework.context.support.AbstractApplicationContext.getBean(AbstractApplicationContext.java:1168)
	at org.springframework.context.support.AbstractApplicationContext.finishBeanFactoryInitialization(AbstractApplicationContext.java:919)
	at org.springframework.context.support.AbstractApplicationContext.refresh(AbstractApplicationContext.java:591)
	at org.springframework.boot.web.servlet.context.ServletWebServerApplicationContext.refresh(ServletWebServerApplicationContext.java:147)
	at org.springframework.boot.SpringApplication.refresh(SpringApplication.java:732)
	at org.springframework.boot.SpringApplication.refreshContext(SpringApplication.java:409)
	at org.springframework.boot.SpringApplication.run(SpringApplication.java:308)
	at org.springframework.boot.SpringApplication.run(SpringApplication.java:1300)
	at org.springframework.boot.SpringApplication.run(SpringApplication.java:1289)
	at com.memorin.user.UserServiceApplication.main(UserServiceApplication.java:19)
2025-08-25 14:34:20 [main] WARN  o.h.e.j.e.i.JdbcEnvironmentInitiator - HHH000342: Could not obtain connection to query metadata
java.sql.SQLException: Access denied for user 'memorin_user'@'localhost' (using password: YES)
	at com.mysql.cj.jdbc.exceptions.SQLError.createSQLException(SQLError.java:130)
	at com.mysql.cj.jdbc.exceptions.SQLExceptionsMapping.translateException(SQLExceptionsMapping.java:122)
	at com.mysql.cj.jdbc.ConnectionImpl.createNewIO(ConnectionImpl.java:825)
	at com.mysql.cj.jdbc.ConnectionImpl.<init>(ConnectionImpl.java:446)
	at com.mysql.cj.jdbc.ConnectionImpl.getInstance(ConnectionImpl.java:239)
	at com.mysql.cj.jdbc.NonRegisteringDriver.connect(NonRegisteringDriver.java:188)
	at com.zaxxer.hikari.util.DriverDataSource.getConnection(DriverDataSource.java:138)
	at com.zaxxer.hikari.pool.PoolBase.newConnection(PoolBase.java:364)
	at com.zaxxer.hikari.pool.PoolBase.newPoolEntry(PoolBase.java:206)
	at com.zaxxer.hikari.pool.HikariPool.createPoolEntry(HikariPool.java:476)
	at com.zaxxer.hikari.pool.HikariPool.checkFailFast(HikariPool.java:561)
	at com.zaxxer.hikari.pool.HikariPool.<init>(HikariPool.java:115)
	at com.zaxxer.hikari.HikariDataSource.getConnection(HikariDataSource.java:112)
	at org.hibernate.engine.jdbc.connections.internal.DatasourceConnectionProviderImpl.getConnection(DatasourceConnectionProviderImpl.java:122)
	at org.hibernate.engine.jdbc.env.internal.JdbcEnvironmentInitiator$ConnectionProviderJdbcConnectionAccess.obtainConnection(JdbcEnvironmentInitiator.java:181)
	at org.hibernate.engine.jdbc.env.internal.JdbcEnvironmentInitiator.initiateService(JdbcEnvironmentInitiator.java:68)
	at org.hibernate.engine.jdbc.env.internal.JdbcEnvironmentInitiator.initiateService(JdbcEnvironmentInitiator.java:35)
	at org.hibernate.boot.registry.internal.StandardServiceRegistryImpl.initiateService(StandardServiceRegistryImpl.java:101)
	at org.hibernate.service.internal.AbstractServiceRegistryImpl.createService(AbstractServiceRegistryImpl.java:272)
	at org.hibernate.service.internal.AbstractServiceRegistryImpl.initializeService(AbstractServiceRegistryImpl.java:246)
	at org.hibernate.service.internal.AbstractServiceRegistryImpl.getService(AbstractServiceRegistryImpl.java:223)
	at org.hibernate.id.factory.internal.DefaultIdentifierGeneratorFactory.injectServices(DefaultIdentifierGeneratorFactory.java:175)
	at org.hibernate.service.internal.AbstractServiceRegistryImpl.injectDependencies(AbstractServiceRegistryImpl.java:295)
	at org.hibernate.service.internal.AbstractServiceRegistryImpl.initializeService(AbstractServiceRegistryImpl.java:252)
	at org.hibernate.service.internal.AbstractServiceRegistryImpl.getService(AbstractServiceRegistryImpl.java:223)
	at org.hibernate.boot.internal.InFlightMetadataCollectorImpl.<init>(InFlightMetadataCollectorImpl.java:173)
	at org.hibernate.boot.model.process.spi.MetadataBuildingProcess.complete(MetadataBuildingProcess.java:127)
	at org.hibernate.jpa.boot.internal.EntityManagerFactoryBuilderImpl.metadata(EntityManagerFactoryBuilderImpl.java:1460)
	at org.hibernate.jpa.boot.internal.EntityManagerFactoryBuilderImpl.build(EntityManagerFactoryBuilderImpl.java:1494)
	at org.springframework.orm.jpa.vendor.SpringHibernateJpaPersistenceProvider.createContainerEntityManagerFactory(SpringHibernateJpaPersistenceProvider.java:58)
	at org.springframework.orm.jpa.LocalContainerEntityManagerFactoryBean.createNativeEntityManagerFactory(LocalContainerEntityManagerFactoryBean.java:365)
	at org.springframework.orm.jpa.AbstractEntityManagerFactoryBean.buildNativeEntityManagerFactory(AbstractEntityManagerFactoryBean.java:409)
	at org.springframework.orm.jpa.AbstractEntityManagerFactoryBean.afterPropertiesSet(AbstractEntityManagerFactoryBean.java:396)
	at org.springframework.orm.jpa.LocalContainerEntityManagerFactoryBean.afterPropertiesSet(LocalContainerEntityManagerFactoryBean.java:341)
	at org.springframework.beans.factory.support.AbstractAutowireCapableBeanFactory.invokeInitMethods(AbstractAutowireCapableBeanFactory.java:1863)
	at org.springframework.beans.factory.support.AbstractAutowireCapableBeanFactory.initializeBean(AbstractAutowireCapableBeanFactory.java:1800)
	at org.springframework.beans.factory.support.AbstractAutowireCapableBeanFactory.doCreateBean(AbstractAutowireCapableBeanFactory.java:620)
	at org.springframework.beans.factory.support.AbstractAutowireCapableBeanFactory.createBean(AbstractAutowireCapableBeanFactory.java:542)
	at org.springframework.beans.factory.support.AbstractBeanFactory.lambda$doGetBean$0(AbstractBeanFactory.java:335)
	at org.springframework.beans.factory.support.DefaultSingletonBeanRegistry.getSingleton(DefaultSingletonBeanRegistry.java:234)
	at org.springframework.beans.factory.support.AbstractBeanFactory.doGetBean(AbstractBeanFactory.java:333)
	at org.springframework.beans.factory.support.AbstractBeanFactory.getBean(AbstractBeanFactory.java:208)
	at org.springframework.context.support.AbstractApplicationContext.getBean(AbstractApplicationContext.java:1168)
	at org.springframework.context.support.AbstractApplicationContext.finishBeanFactoryInitialization(AbstractApplicationContext.java:919)
	at org.springframework.context.support.AbstractApplicationContext.refresh(AbstractApplicationContext.java:591)
	at org.springframework.boot.web.servlet.context.ServletWebServerApplicationContext.refresh(ServletWebServerApplicationContext.java:147)
	at org.springframework.boot.SpringApplication.refresh(SpringApplication.java:732)
	at org.springframework.boot.SpringApplication.refreshContext(SpringApplication.java:409)
	at org.springframework.boot.SpringApplication.run(SpringApplication.java:308)
	at org.springframework.boot.SpringApplication.run(SpringApplication.java:1300)
	at org.springframework.boot.SpringApplication.run(SpringApplication.java:1289)
	at com.memorin.user.UserServiceApplication.main(UserServiceApplication.java:19)
2025-08-25 14:34:20 [main] INFO  org.hibernate.dialect.Dialect - HHH000400: Using dialect: org.hibernate.dialect.MySQL8Dialect
2025-08-25 14:34:20 [main] INFO  com.zaxxer.hikari.HikariDataSource - MemorinUserPool - Starting...
2025-08-25 14:34:21 [main] ERROR com.zaxxer.hikari.pool.HikariPool - MemorinUserPool - Exception during pool initialization.
java.sql.SQLException: Access denied for user 'memorin_user'@'localhost' (using password: YES)
	at com.mysql.cj.jdbc.exceptions.SQLError.createSQLException(SQLError.java:130)
	at com.mysql.cj.jdbc.exceptions.SQLExceptionsMapping.translateException(SQLExceptionsMapping.java:122)
	at com.mysql.cj.jdbc.ConnectionImpl.createNewIO(ConnectionImpl.java:825)
	at com.mysql.cj.jdbc.ConnectionImpl.<init>(ConnectionImpl.java:446)
	at com.mysql.cj.jdbc.ConnectionImpl.getInstance(ConnectionImpl.java:239)
	at com.mysql.cj.jdbc.NonRegisteringDriver.connect(NonRegisteringDriver.java:188)
	at com.zaxxer.hikari.util.DriverDataSource.getConnection(DriverDataSource.java:138)
	at com.zaxxer.hikari.pool.PoolBase.newConnection(PoolBase.java:364)
	at com.zaxxer.hikari.pool.PoolBase.newPoolEntry(PoolBase.java:206)
	at com.zaxxer.hikari.pool.HikariPool.createPoolEntry(HikariPool.java:476)
	at com.zaxxer.hikari.pool.HikariPool.checkFailFast(HikariPool.java:561)
	at com.zaxxer.hikari.pool.HikariPool.<init>(HikariPool.java:115)
	at com.zaxxer.hikari.HikariDataSource.getConnection(HikariDataSource.java:112)
	at org.hibernate.engine.jdbc.connections.internal.DatasourceConnectionProviderImpl.getConnection(DatasourceConnectionProviderImpl.java:122)
	at org.hibernate.engine.jdbc.env.internal.JdbcEnvironmentInitiator$ConnectionProviderJdbcConnectionAccess.obtainConnection(JdbcEnvironmentInitiator.java:181)
	at org.hibernate.resource.transaction.backend.jdbc.internal.DdlTransactionIsolatorNonJtaImpl.getIsolatedConnection(DdlTransactionIsolatorNonJtaImpl.java:44)
	at org.hibernate.tool.schema.internal.exec.ImprovedExtractionContextImpl.getJdbcConnection(ImprovedExtractionContextImpl.java:63)
	at org.hibernate.tool.schema.internal.exec.ImprovedExtractionContextImpl.getJdbcDatabaseMetaData(ImprovedExtractionContextImpl.java:70)
	at org.hibernate.tool.schema.extract.internal.InformationExtractorJdbcDatabaseMetaDataImpl.processTableResultSet(InformationExtractorJdbcDatabaseMetaDataImpl.java:64)
	at org.hibernate.tool.schema.extract.internal.AbstractInformationExtractorImpl.getTables(AbstractInformationExtractorImpl.java:565)
	at org.hibernate.tool.schema.extract.internal.DatabaseInformationImpl.getTablesInformation(DatabaseInformationImpl.java:122)
	at org.hibernate.tool.schema.internal.GroupedSchemaMigratorImpl.performTablesMigration(GroupedSchemaMigratorImpl.java:68)
	at org.hibernate.tool.schema.internal.AbstractSchemaMigrator.performMigration(AbstractSchemaMigrator.java:220)
	at org.hibernate.tool.schema.internal.AbstractSchemaMigrator.doMigration(AbstractSchemaMigrator.java:123)
	at org.hibernate.tool.schema.spi.SchemaManagementToolCoordinator.performDatabaseAction(SchemaManagementToolCoordinator.java:196)
	at org.hibernate.tool.schema.spi.SchemaManagementToolCoordinator.process(SchemaManagementToolCoordinator.java:85)
	at org.hibernate.internal.SessionFactoryImpl.<init>(SessionFactoryImpl.java:335)
	at org.hibernate.boot.internal.SessionFactoryBuilderImpl.build(SessionFactoryBuilderImpl.java:471)
	at org.hibernate.jpa.boot.internal.EntityManagerFactoryBuilderImpl.build(EntityManagerFactoryBuilderImpl.java:1498)
	at org.springframework.orm.jpa.vendor.SpringHibernateJpaPersistenceProvider.createContainerEntityManagerFactory(SpringHibernateJpaPersistenceProvider.java:58)
	at org.springframework.orm.jpa.LocalContainerEntityManagerFactoryBean.createNativeEntityManagerFactory(LocalContainerEntityManagerFactoryBean.java:365)
	at org.springframework.orm.jpa.AbstractEntityManagerFactoryBean.buildNativeEntityManagerFactory(AbstractEntityManagerFactoryBean.java:409)
	at org.springframework.orm.jpa.AbstractEntityManagerFactoryBean.afterPropertiesSet(AbstractEntityManagerFactoryBean.java:396)
	at org.springframework.orm.jpa.LocalContainerEntityManagerFactoryBean.afterPropertiesSet(LocalContainerEntityManagerFactoryBean.java:341)
	at org.springframework.beans.factory.support.AbstractAutowireCapableBeanFactory.invokeInitMethods(AbstractAutowireCapableBeanFactory.java:1863)
	at org.springframework.beans.factory.support.AbstractAutowireCapableBeanFactory.initializeBean(AbstractAutowireCapableBeanFactory.java:1800)
	at org.springframework.beans.factory.support.AbstractAutowireCapableBeanFactory.doCreateBean(AbstractAutowireCapableBeanFactory.java:620)
	at org.springframework.beans.factory.support.AbstractAutowireCapableBeanFactory.createBean(AbstractAutowireCapableBeanFactory.java:542)
	at org.springframework.beans.factory.support.AbstractBeanFactory.lambda$doGetBean$0(AbstractBeanFactory.java:335)
	at org.springframework.beans.factory.support.DefaultSingletonBeanRegistry.getSingleton(DefaultSingletonBeanRegistry.java:234)
	at org.springframework.beans.factory.support.AbstractBeanFactory.doGetBean(AbstractBeanFactory.java:333)
	at org.springframework.beans.factory.support.AbstractBeanFactory.getBean(AbstractBeanFactory.java:208)
	at org.springframework.context.support.AbstractApplicationContext.getBean(AbstractApplicationContext.java:1168)
	at org.springframework.context.support.AbstractApplicationContext.finishBeanFactoryInitialization(AbstractApplicationContext.java:919)
	at org.springframework.context.support.AbstractApplicationContext.refresh(AbstractApplicationContext.java:591)
	at org.springframework.boot.web.servlet.context.ServletWebServerApplicationContext.refresh(ServletWebServerApplicationContext.java:147)
	at org.springframework.boot.SpringApplication.refresh(SpringApplication.java:732)
	at org.springframework.boot.SpringApplication.refreshContext(SpringApplication.java:409)
	at org.springframework.boot.SpringApplication.run(SpringApplication.java:308)
	at org.springframework.boot.SpringApplication.run(SpringApplication.java:1300)
	at org.springframework.boot.SpringApplication.run(SpringApplication.java:1289)
	at com.memorin.user.UserServiceApplication.main(UserServiceApplication.java:19)
2025-08-25 14:34:21 [main] WARN  o.h.e.jdbc.spi.SqlExceptionHelper - SQL Error: 1045, SQLState: 28000
2025-08-25 14:34:21 [main] ERROR o.h.e.jdbc.spi.SqlExceptionHelper - Access denied for user 'memorin_user'@'localhost' (using password: YES)
2025-08-25 14:34:21 [main] ERROR o.s.o.j.LocalContainerEntityManagerFactoryBean - Failed to initialize JPA EntityManagerFactory: [PersistenceUnit: default] Unable to build Hibernate SessionFactory; nested exception is org.hibernate.exception.GenericJDBCException: Unable to open JDBC Connection for DDL execution
2025-08-25 14:34:21 [main] WARN  o.s.b.w.s.c.AnnotationConfigServletWebServerApplicationContext - Exception encountered during context initialization - cancelling refresh attempt: org.springframework.beans.factory.BeanCreationException: Error creating bean with name 'entityManagerFactory' defined in class path resource [org/springframework/boot/autoconfigure/orm/jpa/HibernateJpaConfiguration.class]: Invocation of init method failed; nested exception is javax.persistence.PersistenceException: [PersistenceUnit: default] Unable to build Hibernate SessionFactory; nested exception is org.hibernate.exception.GenericJDBCException: Unable to open JDBC Connection for DDL execution
2025-08-25 14:34:21 [main] INFO  o.a.catalina.core.StandardService - Stopping service [Tomcat]
2025-08-25 14:34:21 [main] INFO  o.s.b.a.l.ConditionEvaluationReportLoggingListener - 

Error starting ApplicationContext. To display the conditions report re-run your application with 'debug' enabled.
2025-08-25 14:34:21 [main] ERROR o.s.boot.SpringApplication - Application run failed
org.springframework.beans.factory.BeanCreationException: Error creating bean with name 'entityManagerFactory' defined in class path resource [org/springframework/boot/autoconfigure/orm/jpa/HibernateJpaConfiguration.class]: Invocation of init method failed; nested exception is javax.persistence.PersistenceException: [PersistenceUnit: default] Unable to build Hibernate SessionFactory; nested exception is org.hibernate.exception.GenericJDBCException: Unable to open JDBC Connection for DDL execution
	at org.springframework.beans.factory.support.AbstractAutowireCapableBeanFactory.initializeBean(AbstractAutowireCapableBeanFactory.java:1804)
	at org.springframework.beans.factory.support.AbstractAutowireCapableBeanFactory.doCreateBean(AbstractAutowireCapableBeanFactory.java:620)
	at org.springframework.beans.factory.support.AbstractAutowireCapableBeanFactory.createBean(AbstractAutowireCapableBeanFactory.java:542)
	at org.springframework.beans.factory.support.AbstractBeanFactory.lambda$doGetBean$0(AbstractBeanFactory.java:335)
	at org.springframework.beans.factory.support.DefaultSingletonBeanRegistry.getSingleton(DefaultSingletonBeanRegistry.java:234)
	at org.springframework.beans.factory.support.AbstractBeanFactory.doGetBean(AbstractBeanFactory.java:333)
	at org.springframework.beans.factory.support.AbstractBeanFactory.getBean(AbstractBeanFactory.java:208)
	at org.springframework.context.support.AbstractApplicationContext.getBean(AbstractApplicationContext.java:1168)
	at org.springframework.context.support.AbstractApplicationContext.finishBeanFactoryInitialization(AbstractApplicationContext.java:919)
	at org.springframework.context.support.AbstractApplicationContext.refresh(AbstractApplicationContext.java:591)
	at org.springframework.boot.web.servlet.context.ServletWebServerApplicationContext.refresh(ServletWebServerApplicationContext.java:147)
	at org.springframework.boot.SpringApplication.refresh(SpringApplication.java:732)
	at org.springframework.boot.SpringApplication.refreshContext(SpringApplication.java:409)
	at org.springframework.boot.SpringApplication.run(SpringApplication.java:308)
	at org.springframework.boot.SpringApplication.run(SpringApplication.java:1300)
	at org.springframework.boot.SpringApplication.run(SpringApplication.java:1289)
	at com.memorin.user.UserServiceApplication.main(UserServiceApplication.java:19)
Caused by: javax.persistence.PersistenceException: [PersistenceUnit: default] Unable to build Hibernate SessionFactory; nested exception is org.hibernate.exception.GenericJDBCException: Unable to open JDBC Connection for DDL execution
	at org.springframework.orm.jpa.AbstractEntityManagerFactoryBean.buildNativeEntityManagerFactory(AbstractEntityManagerFactoryBean.java:421)
	at org.springframework.orm.jpa.AbstractEntityManagerFactoryBean.afterPropertiesSet(AbstractEntityManagerFactoryBean.java:396)
	at org.springframework.orm.jpa.LocalContainerEntityManagerFactoryBean.afterPropertiesSet(LocalContainerEntityManagerFactoryBean.java:341)
	at org.springframework.beans.factory.support.AbstractAutowireCapableBeanFactory.invokeInitMethods(AbstractAutowireCapableBeanFactory.java:1863)
	at org.springframework.beans.factory.support.AbstractAutowireCapableBeanFactory.initializeBean(AbstractAutowireCapableBeanFactory.java:1800)
	... 16 common frames omitted
Caused by: org.hibernate.exception.GenericJDBCException: Unable to open JDBC Connection for DDL execution
	at org.hibernate.exception.internal.StandardSQLExceptionConverter.convert(StandardSQLExceptionConverter.java:42)
	at org.hibernate.engine.jdbc.spi.SqlExceptionHelper.convert(SqlExceptionHelper.java:113)
	at org.hibernate.engine.jdbc.spi.SqlExceptionHelper.convert(SqlExceptionHelper.java:99)
	at org.hibernate.resource.transaction.backend.jdbc.internal.DdlTransactionIsolatorNonJtaImpl.getIsolatedConnection(DdlTransactionIsolatorNonJtaImpl.java:71)
	at org.hibernate.tool.schema.internal.exec.ImprovedExtractionContextImpl.getJdbcConnection(ImprovedExtractionContextImpl.java:63)
	at org.hibernate.tool.schema.internal.exec.ImprovedExtractionContextImpl.getJdbcDatabaseMetaData(ImprovedExtractionContextImpl.java:70)
	at org.hibernate.tool.schema.extract.internal.InformationExtractorJdbcDatabaseMetaDataImpl.processTableResultSet(InformationExtractorJdbcDatabaseMetaDataImpl.java:64)
	at org.hibernate.tool.schema.extract.internal.AbstractInformationExtractorImpl.getTables(AbstractInformationExtractorImpl.java:565)
	at org.hibernate.tool.schema.extract.internal.DatabaseInformationImpl.getTablesInformation(DatabaseInformationImpl.java:122)
	at org.hibernate.tool.schema.internal.GroupedSchemaMigratorImpl.performTablesMigration(GroupedSchemaMigratorImpl.java:68)
	at org.hibernate.tool.schema.internal.AbstractSchemaMigrator.performMigration(AbstractSchemaMigrator.java:220)
	at org.hibernate.tool.schema.internal.AbstractSchemaMigrator.doMigration(AbstractSchemaMigrator.java:123)
	at org.hibernate.tool.schema.spi.SchemaManagementToolCoordinator.performDatabaseAction(SchemaManagementToolCoordinator.java:196)
	at org.hibernate.tool.schema.spi.SchemaManagementToolCoordinator.process(SchemaManagementToolCoordinator.java:85)
	at org.hibernate.internal.SessionFactoryImpl.<init>(SessionFactoryImpl.java:335)
	at org.hibernate.boot.internal.SessionFactoryBuilderImpl.build(SessionFactoryBuilderImpl.java:471)
	at org.hibernate.jpa.boot.internal.EntityManagerFactoryBuilderImpl.build(EntityManagerFactoryBuilderImpl.java:1498)
	at org.springframework.orm.jpa.vendor.SpringHibernateJpaPersistenceProvider.createContainerEntityManagerFactory(SpringHibernateJpaPersistenceProvider.java:58)
	at org.springframework.orm.jpa.LocalContainerEntityManagerFactoryBean.createNativeEntityManagerFactory(LocalContainerEntityManagerFactoryBean.java:365)
	at org.springframework.orm.jpa.AbstractEntityManagerFactoryBean.buildNativeEntityManagerFactory(AbstractEntityManagerFactoryBean.java:409)
	... 20 common frames omitted
Caused by: java.sql.SQLException: Access denied for user 'memorin_user'@'localhost' (using password: YES)
	at com.mysql.cj.jdbc.exceptions.SQLError.createSQLException(SQLError.java:130)
	at com.mysql.cj.jdbc.exceptions.SQLExceptionsMapping.translateException(SQLExceptionsMapping.java:122)
	at com.mysql.cj.jdbc.ConnectionImpl.createNewIO(ConnectionImpl.java:825)
	at com.mysql.cj.jdbc.ConnectionImpl.<init>(ConnectionImpl.java:446)
	at com.mysql.cj.jdbc.ConnectionImpl.getInstance(ConnectionImpl.java:239)
	at com.mysql.cj.jdbc.NonRegisteringDriver.connect(NonRegisteringDriver.java:188)
	at com.zaxxer.hikari.util.DriverDataSource.getConnection(DriverDataSource.java:138)
	at com.zaxxer.hikari.pool.PoolBase.newConnection(PoolBase.java:364)
	at com.zaxxer.hikari.pool.PoolBase.newPoolEntry(PoolBase.java:206)
	at com.zaxxer.hikari.pool.HikariPool.createPoolEntry(HikariPool.java:476)
	at com.zaxxer.hikari.pool.HikariPool.checkFailFast(HikariPool.java:561)
	at com.zaxxer.hikari.pool.HikariPool.<init>(HikariPool.java:115)
	at com.zaxxer.hikari.HikariDataSource.getConnection(HikariDataSource.java:112)
	at org.hibernate.engine.jdbc.connections.internal.DatasourceConnectionProviderImpl.getConnection(DatasourceConnectionProviderImpl.java:122)
	at org.hibernate.engine.jdbc.env.internal.JdbcEnvironmentInitiator$ConnectionProviderJdbcConnectionAccess.obtainConnection(JdbcEnvironmentInitiator.java:181)
	at org.hibernate.resource.transaction.backend.jdbc.internal.DdlTransactionIsolatorNonJtaImpl.getIsolatedConnection(DdlTransactionIsolatorNonJtaImpl.java:44)
	... 36 common frames omitted
2025-08-25 14:35:34 [main] INFO  c.a.n.c.env.SearchableProperties - properties search order:PROPERTIES->JVM->ENV->DEFAULT_SETTING
2025-08-25 14:35:34 [main] INFO  c.m.user.UserServiceApplication - Starting UserServiceApplication using Java 1.8.0_451 on WIN-C3D985L1HJN with PID 71184 (D:\CODE\Memorin-rebuild\backend\memorin-user-service\target\classes started by Mechrevo in D:\CODE\Memorin-rebuild\backend\memorin-user-service)
2025-08-25 14:35:34 [main] DEBUG c.m.user.UserServiceApplication - Running with Spring Boot v2.7.18, Spring v5.3.31
2025-08-25 14:35:34 [main] INFO  c.m.user.UserServiceApplication - No active profile set, falling back to 1 default profile: "default"
2025-08-25 14:35:35 [main] INFO  o.s.d.r.c.RepositoryConfigurationDelegate - Multiple Spring Data modules found, entering strict repository configuration mode
2025-08-25 14:35:35 [main] INFO  o.s.d.r.c.RepositoryConfigurationDelegate - Bootstrapping Spring Data JPA repositories in DEFAULT mode.
2025-08-25 14:35:35 [main] INFO  o.s.d.r.c.RepositoryConfigurationDelegate - Finished Spring Data repository scanning in 37 ms. Found 1 JPA repository interfaces.
2025-08-25 14:35:35 [main] INFO  o.s.d.r.c.RepositoryConfigurationDelegate - Multiple Spring Data modules found, entering strict repository configuration mode
2025-08-25 14:35:35 [main] INFO  o.s.d.r.c.RepositoryConfigurationDelegate - Bootstrapping Spring Data Redis repositories in DEFAULT mode.
2025-08-25 14:35:35 [main] INFO  o.s.d.r.c.RepositoryConfigurationExtensionSupport - Spring Data Redis - Could not safely identify store assignment for repository candidate interface com.memorin.user.repository.UserRepository; If you want this repository to be a Redis repository, consider annotating your entities with one of these annotations: org.springframework.data.redis.core.RedisHash (preferred), or consider extending one of the following types with your repository: org.springframework.data.keyvalue.repository.KeyValueRepository
2025-08-25 14:35:35 [main] INFO  o.s.d.r.c.RepositoryConfigurationDelegate - Finished Spring Data repository scanning in 3 ms. Found 0 Redis repository interfaces.
2025-08-25 14:35:35 [main] INFO  o.s.cloud.context.scope.GenericScope - BeanFactory id=54e36200-5f1e-3737-846c-48cc76e1cf23
2025-08-25 14:35:35 [main] INFO  o.s.b.w.e.tomcat.TomcatWebServer - Tomcat initialized with port(s): 8081 (http)
2025-08-25 14:35:35 [main] INFO  o.a.catalina.core.StandardService - Starting service [Tomcat]
2025-08-25 14:35:35 [main] INFO  o.a.catalina.core.StandardEngine - Starting Servlet engine: [Apache Tomcat/9.0.83]
2025-08-25 14:35:36 [main] INFO  o.a.c.c.C.[Tomcat].[localhost].[/] - Initializing Spring embedded WebApplicationContext
2025-08-25 14:35:36 [main] INFO  o.s.b.w.s.c.ServletWebServerApplicationContext - Root WebApplicationContext: initialization completed in 1405 ms
2025-08-25 14:35:36 [main] INFO  o.h.jpa.internal.util.LogHelper - HHH000204: Processing PersistenceUnitInfo [name: default]
2025-08-25 14:35:36 [main] INFO  org.hibernate.Version - HHH000412: Hibernate ORM core version 5.6.15.Final
2025-08-25 14:35:36 [main] INFO  o.h.annotations.common.Version - HCANN000001: Hibernate Commons Annotations {5.1.2.Final}
2025-08-25 14:35:36 [main] INFO  com.zaxxer.hikari.HikariDataSource - MemorinUserPool - Starting...
2025-08-25 14:35:37 [main] ERROR com.zaxxer.hikari.pool.HikariPool - MemorinUserPool - Exception during pool initialization.
java.sql.SQLException: Access denied for user 'memorin_user'@'localhost' (using password: YES)
	at com.mysql.cj.jdbc.exceptions.SQLError.createSQLException(SQLError.java:130)
	at com.mysql.cj.jdbc.exceptions.SQLExceptionsMapping.translateException(SQLExceptionsMapping.java:122)
	at com.mysql.cj.jdbc.ConnectionImpl.createNewIO(ConnectionImpl.java:825)
	at com.mysql.cj.jdbc.ConnectionImpl.<init>(ConnectionImpl.java:446)
	at com.mysql.cj.jdbc.ConnectionImpl.getInstance(ConnectionImpl.java:239)
	at com.mysql.cj.jdbc.NonRegisteringDriver.connect(NonRegisteringDriver.java:188)
	at com.zaxxer.hikari.util.DriverDataSource.getConnection(DriverDataSource.java:138)
	at com.zaxxer.hikari.pool.PoolBase.newConnection(PoolBase.java:364)
	at com.zaxxer.hikari.pool.PoolBase.newPoolEntry(PoolBase.java:206)
	at com.zaxxer.hikari.pool.HikariPool.createPoolEntry(HikariPool.java:476)
	at com.zaxxer.hikari.pool.HikariPool.checkFailFast(HikariPool.java:561)
	at com.zaxxer.hikari.pool.HikariPool.<init>(HikariPool.java:115)
	at com.zaxxer.hikari.HikariDataSource.getConnection(HikariDataSource.java:112)
	at org.hibernate.engine.jdbc.connections.internal.DatasourceConnectionProviderImpl.getConnection(DatasourceConnectionProviderImpl.java:122)
	at org.hibernate.engine.jdbc.env.internal.JdbcEnvironmentInitiator$ConnectionProviderJdbcConnectionAccess.obtainConnection(JdbcEnvironmentInitiator.java:181)
	at org.hibernate.engine.jdbc.env.internal.JdbcEnvironmentInitiator.initiateService(JdbcEnvironmentInitiator.java:68)
	at org.hibernate.engine.jdbc.env.internal.JdbcEnvironmentInitiator.initiateService(JdbcEnvironmentInitiator.java:35)
	at org.hibernate.boot.registry.internal.StandardServiceRegistryImpl.initiateService(StandardServiceRegistryImpl.java:101)
	at org.hibernate.service.internal.AbstractServiceRegistryImpl.createService(AbstractServiceRegistryImpl.java:272)
	at org.hibernate.service.internal.AbstractServiceRegistryImpl.initializeService(AbstractServiceRegistryImpl.java:246)
	at org.hibernate.service.internal.AbstractServiceRegistryImpl.getService(AbstractServiceRegistryImpl.java:223)
	at org.hibernate.id.factory.internal.DefaultIdentifierGeneratorFactory.injectServices(DefaultIdentifierGeneratorFactory.java:175)
	at org.hibernate.service.internal.AbstractServiceRegistryImpl.injectDependencies(AbstractServiceRegistryImpl.java:295)
	at org.hibernate.service.internal.AbstractServiceRegistryImpl.initializeService(AbstractServiceRegistryImpl.java:252)
	at org.hibernate.service.internal.AbstractServiceRegistryImpl.getService(AbstractServiceRegistryImpl.java:223)
	at org.hibernate.boot.internal.InFlightMetadataCollectorImpl.<init>(InFlightMetadataCollectorImpl.java:173)
	at org.hibernate.boot.model.process.spi.MetadataBuildingProcess.complete(MetadataBuildingProcess.java:127)
	at org.hibernate.jpa.boot.internal.EntityManagerFactoryBuilderImpl.metadata(EntityManagerFactoryBuilderImpl.java:1460)
	at org.hibernate.jpa.boot.internal.EntityManagerFactoryBuilderImpl.build(EntityManagerFactoryBuilderImpl.java:1494)
	at org.springframework.orm.jpa.vendor.SpringHibernateJpaPersistenceProvider.createContainerEntityManagerFactory(SpringHibernateJpaPersistenceProvider.java:58)
	at org.springframework.orm.jpa.LocalContainerEntityManagerFactoryBean.createNativeEntityManagerFactory(LocalContainerEntityManagerFactoryBean.java:365)
	at org.springframework.orm.jpa.AbstractEntityManagerFactoryBean.buildNativeEntityManagerFactory(AbstractEntityManagerFactoryBean.java:409)
	at org.springframework.orm.jpa.AbstractEntityManagerFactoryBean.afterPropertiesSet(AbstractEntityManagerFactoryBean.java:396)
	at org.springframework.orm.jpa.LocalContainerEntityManagerFactoryBean.afterPropertiesSet(LocalContainerEntityManagerFactoryBean.java:341)
	at org.springframework.beans.factory.support.AbstractAutowireCapableBeanFactory.invokeInitMethods(AbstractAutowireCapableBeanFactory.java:1863)
	at org.springframework.beans.factory.support.AbstractAutowireCapableBeanFactory.initializeBean(AbstractAutowireCapableBeanFactory.java:1800)
	at org.springframework.beans.factory.support.AbstractAutowireCapableBeanFactory.doCreateBean(AbstractAutowireCapableBeanFactory.java:620)
	at org.springframework.beans.factory.support.AbstractAutowireCapableBeanFactory.createBean(AbstractAutowireCapableBeanFactory.java:542)
	at org.springframework.beans.factory.support.AbstractBeanFactory.lambda$doGetBean$0(AbstractBeanFactory.java:335)
	at org.springframework.beans.factory.support.DefaultSingletonBeanRegistry.getSingleton(DefaultSingletonBeanRegistry.java:234)
	at org.springframework.beans.factory.support.AbstractBeanFactory.doGetBean(AbstractBeanFactory.java:333)
	at org.springframework.beans.factory.support.AbstractBeanFactory.getBean(AbstractBeanFactory.java:208)
	at org.springframework.context.support.AbstractApplicationContext.getBean(AbstractApplicationContext.java:1168)
	at org.springframework.context.support.AbstractApplicationContext.finishBeanFactoryInitialization(AbstractApplicationContext.java:919)
	at org.springframework.context.support.AbstractApplicationContext.refresh(AbstractApplicationContext.java:591)
	at org.springframework.boot.web.servlet.context.ServletWebServerApplicationContext.refresh(ServletWebServerApplicationContext.java:147)
	at org.springframework.boot.SpringApplication.refresh(SpringApplication.java:732)
	at org.springframework.boot.SpringApplication.refreshContext(SpringApplication.java:409)
	at org.springframework.boot.SpringApplication.run(SpringApplication.java:308)
	at org.springframework.boot.SpringApplication.run(SpringApplication.java:1300)
	at org.springframework.boot.SpringApplication.run(SpringApplication.java:1289)
	at com.memorin.user.UserServiceApplication.main(UserServiceApplication.java:19)
2025-08-25 14:35:37 [main] WARN  o.h.e.j.e.i.JdbcEnvironmentInitiator - HHH000342: Could not obtain connection to query metadata
java.sql.SQLException: Access denied for user 'memorin_user'@'localhost' (using password: YES)
	at com.mysql.cj.jdbc.exceptions.SQLError.createSQLException(SQLError.java:130)
	at com.mysql.cj.jdbc.exceptions.SQLExceptionsMapping.translateException(SQLExceptionsMapping.java:122)
	at com.mysql.cj.jdbc.ConnectionImpl.createNewIO(ConnectionImpl.java:825)
	at com.mysql.cj.jdbc.ConnectionImpl.<init>(ConnectionImpl.java:446)
	at com.mysql.cj.jdbc.ConnectionImpl.getInstance(ConnectionImpl.java:239)
	at com.mysql.cj.jdbc.NonRegisteringDriver.connect(NonRegisteringDriver.java:188)
	at com.zaxxer.hikari.util.DriverDataSource.getConnection(DriverDataSource.java:138)
	at com.zaxxer.hikari.pool.PoolBase.newConnection(PoolBase.java:364)
	at com.zaxxer.hikari.pool.PoolBase.newPoolEntry(PoolBase.java:206)
	at com.zaxxer.hikari.pool.HikariPool.createPoolEntry(HikariPool.java:476)
	at com.zaxxer.hikari.pool.HikariPool.checkFailFast(HikariPool.java:561)
	at com.zaxxer.hikari.pool.HikariPool.<init>(HikariPool.java:115)
	at com.zaxxer.hikari.HikariDataSource.getConnection(HikariDataSource.java:112)
	at org.hibernate.engine.jdbc.connections.internal.DatasourceConnectionProviderImpl.getConnection(DatasourceConnectionProviderImpl.java:122)
	at org.hibernate.engine.jdbc.env.internal.JdbcEnvironmentInitiator$ConnectionProviderJdbcConnectionAccess.obtainConnection(JdbcEnvironmentInitiator.java:181)
	at org.hibernate.engine.jdbc.env.internal.JdbcEnvironmentInitiator.initiateService(JdbcEnvironmentInitiator.java:68)
	at org.hibernate.engine.jdbc.env.internal.JdbcEnvironmentInitiator.initiateService(JdbcEnvironmentInitiator.java:35)
	at org.hibernate.boot.registry.internal.StandardServiceRegistryImpl.initiateService(StandardServiceRegistryImpl.java:101)
	at org.hibernate.service.internal.AbstractServiceRegistryImpl.createService(AbstractServiceRegistryImpl.java:272)
	at org.hibernate.service.internal.AbstractServiceRegistryImpl.initializeService(AbstractServiceRegistryImpl.java:246)
	at org.hibernate.service.internal.AbstractServiceRegistryImpl.getService(AbstractServiceRegistryImpl.java:223)
	at org.hibernate.id.factory.internal.DefaultIdentifierGeneratorFactory.injectServices(DefaultIdentifierGeneratorFactory.java:175)
	at org.hibernate.service.internal.AbstractServiceRegistryImpl.injectDependencies(AbstractServiceRegistryImpl.java:295)
	at org.hibernate.service.internal.AbstractServiceRegistryImpl.initializeService(AbstractServiceRegistryImpl.java:252)
	at org.hibernate.service.internal.AbstractServiceRegistryImpl.getService(AbstractServiceRegistryImpl.java:223)
	at org.hibernate.boot.internal.InFlightMetadataCollectorImpl.<init>(InFlightMetadataCollectorImpl.java:173)
	at org.hibernate.boot.model.process.spi.MetadataBuildingProcess.complete(MetadataBuildingProcess.java:127)
	at org.hibernate.jpa.boot.internal.EntityManagerFactoryBuilderImpl.metadata(EntityManagerFactoryBuilderImpl.java:1460)
	at org.hibernate.jpa.boot.internal.EntityManagerFactoryBuilderImpl.build(EntityManagerFactoryBuilderImpl.java:1494)
	at org.springframework.orm.jpa.vendor.SpringHibernateJpaPersistenceProvider.createContainerEntityManagerFactory(SpringHibernateJpaPersistenceProvider.java:58)
	at org.springframework.orm.jpa.LocalContainerEntityManagerFactoryBean.createNativeEntityManagerFactory(LocalContainerEntityManagerFactoryBean.java:365)
	at org.springframework.orm.jpa.AbstractEntityManagerFactoryBean.buildNativeEntityManagerFactory(AbstractEntityManagerFactoryBean.java:409)
	at org.springframework.orm.jpa.AbstractEntityManagerFactoryBean.afterPropertiesSet(AbstractEntityManagerFactoryBean.java:396)
	at org.springframework.orm.jpa.LocalContainerEntityManagerFactoryBean.afterPropertiesSet(LocalContainerEntityManagerFactoryBean.java:341)
	at org.springframework.beans.factory.support.AbstractAutowireCapableBeanFactory.invokeInitMethods(AbstractAutowireCapableBeanFactory.java:1863)
	at org.springframework.beans.factory.support.AbstractAutowireCapableBeanFactory.initializeBean(AbstractAutowireCapableBeanFactory.java:1800)
	at org.springframework.beans.factory.support.AbstractAutowireCapableBeanFactory.doCreateBean(AbstractAutowireCapableBeanFactory.java:620)
	at org.springframework.beans.factory.support.AbstractAutowireCapableBeanFactory.createBean(AbstractAutowireCapableBeanFactory.java:542)
	at org.springframework.beans.factory.support.AbstractBeanFactory.lambda$doGetBean$0(AbstractBeanFactory.java:335)
	at org.springframework.beans.factory.support.DefaultSingletonBeanRegistry.getSingleton(DefaultSingletonBeanRegistry.java:234)
	at org.springframework.beans.factory.support.AbstractBeanFactory.doGetBean(AbstractBeanFactory.java:333)
	at org.springframework.beans.factory.support.AbstractBeanFactory.getBean(AbstractBeanFactory.java:208)
	at org.springframework.context.support.AbstractApplicationContext.getBean(AbstractApplicationContext.java:1168)
	at org.springframework.context.support.AbstractApplicationContext.finishBeanFactoryInitialization(AbstractApplicationContext.java:919)
	at org.springframework.context.support.AbstractApplicationContext.refresh(AbstractApplicationContext.java:591)
	at org.springframework.boot.web.servlet.context.ServletWebServerApplicationContext.refresh(ServletWebServerApplicationContext.java:147)
	at org.springframework.boot.SpringApplication.refresh(SpringApplication.java:732)
	at org.springframework.boot.SpringApplication.refreshContext(SpringApplication.java:409)
	at org.springframework.boot.SpringApplication.run(SpringApplication.java:308)
	at org.springframework.boot.SpringApplication.run(SpringApplication.java:1300)
	at org.springframework.boot.SpringApplication.run(SpringApplication.java:1289)
	at com.memorin.user.UserServiceApplication.main(UserServiceApplication.java:19)
2025-08-25 14:35:37 [main] INFO  org.hibernate.dialect.Dialect - HHH000400: Using dialect: org.hibernate.dialect.MySQL8Dialect
2025-08-25 14:35:37 [main] INFO  com.zaxxer.hikari.HikariDataSource - MemorinUserPool - Starting...
2025-08-25 14:35:38 [main] ERROR com.zaxxer.hikari.pool.HikariPool - MemorinUserPool - Exception during pool initialization.
java.sql.SQLException: Access denied for user 'memorin_user'@'localhost' (using password: YES)
	at com.mysql.cj.jdbc.exceptions.SQLError.createSQLException(SQLError.java:130)
	at com.mysql.cj.jdbc.exceptions.SQLExceptionsMapping.translateException(SQLExceptionsMapping.java:122)
	at com.mysql.cj.jdbc.ConnectionImpl.createNewIO(ConnectionImpl.java:825)
	at com.mysql.cj.jdbc.ConnectionImpl.<init>(ConnectionImpl.java:446)
	at com.mysql.cj.jdbc.ConnectionImpl.getInstance(ConnectionImpl.java:239)
	at com.mysql.cj.jdbc.NonRegisteringDriver.connect(NonRegisteringDriver.java:188)
	at com.zaxxer.hikari.util.DriverDataSource.getConnection(DriverDataSource.java:138)
	at com.zaxxer.hikari.pool.PoolBase.newConnection(PoolBase.java:364)
	at com.zaxxer.hikari.pool.PoolBase.newPoolEntry(PoolBase.java:206)
	at com.zaxxer.hikari.pool.HikariPool.createPoolEntry(HikariPool.java:476)
	at com.zaxxer.hikari.pool.HikariPool.checkFailFast(HikariPool.java:561)
	at com.zaxxer.hikari.pool.HikariPool.<init>(HikariPool.java:115)
	at com.zaxxer.hikari.HikariDataSource.getConnection(HikariDataSource.java:112)
	at org.hibernate.engine.jdbc.connections.internal.DatasourceConnectionProviderImpl.getConnection(DatasourceConnectionProviderImpl.java:122)
	at org.hibernate.engine.jdbc.env.internal.JdbcEnvironmentInitiator$ConnectionProviderJdbcConnectionAccess.obtainConnection(JdbcEnvironmentInitiator.java:181)
	at org.hibernate.resource.transaction.backend.jdbc.internal.DdlTransactionIsolatorNonJtaImpl.getIsolatedConnection(DdlTransactionIsolatorNonJtaImpl.java:44)
	at org.hibernate.tool.schema.internal.exec.ImprovedExtractionContextImpl.getJdbcConnection(ImprovedExtractionContextImpl.java:63)
	at org.hibernate.tool.schema.internal.exec.ImprovedExtractionContextImpl.getJdbcDatabaseMetaData(ImprovedExtractionContextImpl.java:70)
	at org.hibernate.tool.schema.extract.internal.InformationExtractorJdbcDatabaseMetaDataImpl.processTableResultSet(InformationExtractorJdbcDatabaseMetaDataImpl.java:64)
	at org.hibernate.tool.schema.extract.internal.AbstractInformationExtractorImpl.getTables(AbstractInformationExtractorImpl.java:565)
	at org.hibernate.tool.schema.extract.internal.DatabaseInformationImpl.getTablesInformation(DatabaseInformationImpl.java:122)
	at org.hibernate.tool.schema.internal.GroupedSchemaMigratorImpl.performTablesMigration(GroupedSchemaMigratorImpl.java:68)
	at org.hibernate.tool.schema.internal.AbstractSchemaMigrator.performMigration(AbstractSchemaMigrator.java:220)
	at org.hibernate.tool.schema.internal.AbstractSchemaMigrator.doMigration(AbstractSchemaMigrator.java:123)
	at org.hibernate.tool.schema.spi.SchemaManagementToolCoordinator.performDatabaseAction(SchemaManagementToolCoordinator.java:196)
	at org.hibernate.tool.schema.spi.SchemaManagementToolCoordinator.process(SchemaManagementToolCoordinator.java:85)
	at org.hibernate.internal.SessionFactoryImpl.<init>(SessionFactoryImpl.java:335)
	at org.hibernate.boot.internal.SessionFactoryBuilderImpl.build(SessionFactoryBuilderImpl.java:471)
	at org.hibernate.jpa.boot.internal.EntityManagerFactoryBuilderImpl.build(EntityManagerFactoryBuilderImpl.java:1498)
	at org.springframework.orm.jpa.vendor.SpringHibernateJpaPersistenceProvider.createContainerEntityManagerFactory(SpringHibernateJpaPersistenceProvider.java:58)
	at org.springframework.orm.jpa.LocalContainerEntityManagerFactoryBean.createNativeEntityManagerFactory(LocalContainerEntityManagerFactoryBean.java:365)
	at org.springframework.orm.jpa.AbstractEntityManagerFactoryBean.buildNativeEntityManagerFactory(AbstractEntityManagerFactoryBean.java:409)
	at org.springframework.orm.jpa.AbstractEntityManagerFactoryBean.afterPropertiesSet(AbstractEntityManagerFactoryBean.java:396)
	at org.springframework.orm.jpa.LocalContainerEntityManagerFactoryBean.afterPropertiesSet(LocalContainerEntityManagerFactoryBean.java:341)
	at org.springframework.beans.factory.support.AbstractAutowireCapableBeanFactory.invokeInitMethods(AbstractAutowireCapableBeanFactory.java:1863)
	at org.springframework.beans.factory.support.AbstractAutowireCapableBeanFactory.initializeBean(AbstractAutowireCapableBeanFactory.java:1800)
	at org.springframework.beans.factory.support.AbstractAutowireCapableBeanFactory.doCreateBean(AbstractAutowireCapableBeanFactory.java:620)
	at org.springframework.beans.factory.support.AbstractAutowireCapableBeanFactory.createBean(AbstractAutowireCapableBeanFactory.java:542)
	at org.springframework.beans.factory.support.AbstractBeanFactory.lambda$doGetBean$0(AbstractBeanFactory.java:335)
	at org.springframework.beans.factory.support.DefaultSingletonBeanRegistry.getSingleton(DefaultSingletonBeanRegistry.java:234)
	at org.springframework.beans.factory.support.AbstractBeanFactory.doGetBean(AbstractBeanFactory.java:333)
	at org.springframework.beans.factory.support.AbstractBeanFactory.getBean(AbstractBeanFactory.java:208)
	at org.springframework.context.support.AbstractApplicationContext.getBean(AbstractApplicationContext.java:1168)
	at org.springframework.context.support.AbstractApplicationContext.finishBeanFactoryInitialization(AbstractApplicationContext.java:919)
	at org.springframework.context.support.AbstractApplicationContext.refresh(AbstractApplicationContext.java:591)
	at org.springframework.boot.web.servlet.context.ServletWebServerApplicationContext.refresh(ServletWebServerApplicationContext.java:147)
	at org.springframework.boot.SpringApplication.refresh(SpringApplication.java:732)
	at org.springframework.boot.SpringApplication.refreshContext(SpringApplication.java:409)
	at org.springframework.boot.SpringApplication.run(SpringApplication.java:308)
	at org.springframework.boot.SpringApplication.run(SpringApplication.java:1300)
	at org.springframework.boot.SpringApplication.run(SpringApplication.java:1289)
	at com.memorin.user.UserServiceApplication.main(UserServiceApplication.java:19)
2025-08-25 14:35:38 [main] WARN  o.h.e.jdbc.spi.SqlExceptionHelper - SQL Error: 1045, SQLState: 28000
2025-08-25 14:35:38 [main] ERROR o.h.e.jdbc.spi.SqlExceptionHelper - Access denied for user 'memorin_user'@'localhost' (using password: YES)
2025-08-25 14:35:38 [main] ERROR o.s.o.j.LocalContainerEntityManagerFactoryBean - Failed to initialize JPA EntityManagerFactory: [PersistenceUnit: default] Unable to build Hibernate SessionFactory; nested exception is org.hibernate.exception.GenericJDBCException: Unable to open JDBC Connection for DDL execution
2025-08-25 14:35:38 [main] WARN  o.s.b.w.s.c.AnnotationConfigServletWebServerApplicationContext - Exception encountered during context initialization - cancelling refresh attempt: org.springframework.beans.factory.BeanCreationException: Error creating bean with name 'entityManagerFactory' defined in class path resource [org/springframework/boot/autoconfigure/orm/jpa/HibernateJpaConfiguration.class]: Invocation of init method failed; nested exception is javax.persistence.PersistenceException: [PersistenceUnit: default] Unable to build Hibernate SessionFactory; nested exception is org.hibernate.exception.GenericJDBCException: Unable to open JDBC Connection for DDL execution
2025-08-25 14:35:38 [main] INFO  o.a.catalina.core.StandardService - Stopping service [Tomcat]
2025-08-25 14:35:39 [main] INFO  o.s.b.a.l.ConditionEvaluationReportLoggingListener - 

Error starting ApplicationContext. To display the conditions report re-run your application with 'debug' enabled.
2025-08-25 14:35:39 [main] ERROR o.s.boot.SpringApplication - Application run failed
org.springframework.beans.factory.BeanCreationException: Error creating bean with name 'entityManagerFactory' defined in class path resource [org/springframework/boot/autoconfigure/orm/jpa/HibernateJpaConfiguration.class]: Invocation of init method failed; nested exception is javax.persistence.PersistenceException: [PersistenceUnit: default] Unable to build Hibernate SessionFactory; nested exception is org.hibernate.exception.GenericJDBCException: Unable to open JDBC Connection for DDL execution
	at org.springframework.beans.factory.support.AbstractAutowireCapableBeanFactory.initializeBean(AbstractAutowireCapableBeanFactory.java:1804)
	at org.springframework.beans.factory.support.AbstractAutowireCapableBeanFactory.doCreateBean(AbstractAutowireCapableBeanFactory.java:620)
	at org.springframework.beans.factory.support.AbstractAutowireCapableBeanFactory.createBean(AbstractAutowireCapableBeanFactory.java:542)
	at org.springframework.beans.factory.support.AbstractBeanFactory.lambda$doGetBean$0(AbstractBeanFactory.java:335)
	at org.springframework.beans.factory.support.DefaultSingletonBeanRegistry.getSingleton(DefaultSingletonBeanRegistry.java:234)
	at org.springframework.beans.factory.support.AbstractBeanFactory.doGetBean(AbstractBeanFactory.java:333)
	at org.springframework.beans.factory.support.AbstractBeanFactory.getBean(AbstractBeanFactory.java:208)
	at org.springframework.context.support.AbstractApplicationContext.getBean(AbstractApplicationContext.java:1168)
	at org.springframework.context.support.AbstractApplicationContext.finishBeanFactoryInitialization(AbstractApplicationContext.java:919)
	at org.springframework.context.support.AbstractApplicationContext.refresh(AbstractApplicationContext.java:591)
	at org.springframework.boot.web.servlet.context.ServletWebServerApplicationContext.refresh(ServletWebServerApplicationContext.java:147)
	at org.springframework.boot.SpringApplication.refresh(SpringApplication.java:732)
	at org.springframework.boot.SpringApplication.refreshContext(SpringApplication.java:409)
	at org.springframework.boot.SpringApplication.run(SpringApplication.java:308)
	at org.springframework.boot.SpringApplication.run(SpringApplication.java:1300)
	at org.springframework.boot.SpringApplication.run(SpringApplication.java:1289)
	at com.memorin.user.UserServiceApplication.main(UserServiceApplication.java:19)
Caused by: javax.persistence.PersistenceException: [PersistenceUnit: default] Unable to build Hibernate SessionFactory; nested exception is org.hibernate.exception.GenericJDBCException: Unable to open JDBC Connection for DDL execution
	at org.springframework.orm.jpa.AbstractEntityManagerFactoryBean.buildNativeEntityManagerFactory(AbstractEntityManagerFactoryBean.java:421)
	at org.springframework.orm.jpa.AbstractEntityManagerFactoryBean.afterPropertiesSet(AbstractEntityManagerFactoryBean.java:396)
	at org.springframework.orm.jpa.LocalContainerEntityManagerFactoryBean.afterPropertiesSet(LocalContainerEntityManagerFactoryBean.java:341)
	at org.springframework.beans.factory.support.AbstractAutowireCapableBeanFactory.invokeInitMethods(AbstractAutowireCapableBeanFactory.java:1863)
	at org.springframework.beans.factory.support.AbstractAutowireCapableBeanFactory.initializeBean(AbstractAutowireCapableBeanFactory.java:1800)
	... 16 common frames omitted
Caused by: org.hibernate.exception.GenericJDBCException: Unable to open JDBC Connection for DDL execution
	at org.hibernate.exception.internal.StandardSQLExceptionConverter.convert(StandardSQLExceptionConverter.java:42)
	at org.hibernate.engine.jdbc.spi.SqlExceptionHelper.convert(SqlExceptionHelper.java:113)
	at org.hibernate.engine.jdbc.spi.SqlExceptionHelper.convert(SqlExceptionHelper.java:99)
	at org.hibernate.resource.transaction.backend.jdbc.internal.DdlTransactionIsolatorNonJtaImpl.getIsolatedConnection(DdlTransactionIsolatorNonJtaImpl.java:71)
	at org.hibernate.tool.schema.internal.exec.ImprovedExtractionContextImpl.getJdbcConnection(ImprovedExtractionContextImpl.java:63)
	at org.hibernate.tool.schema.internal.exec.ImprovedExtractionContextImpl.getJdbcDatabaseMetaData(ImprovedExtractionContextImpl.java:70)
	at org.hibernate.tool.schema.extract.internal.InformationExtractorJdbcDatabaseMetaDataImpl.processTableResultSet(InformationExtractorJdbcDatabaseMetaDataImpl.java:64)
	at org.hibernate.tool.schema.extract.internal.AbstractInformationExtractorImpl.getTables(AbstractInformationExtractorImpl.java:565)
	at org.hibernate.tool.schema.extract.internal.DatabaseInformationImpl.getTablesInformation(DatabaseInformationImpl.java:122)
	at org.hibernate.tool.schema.internal.GroupedSchemaMigratorImpl.performTablesMigration(GroupedSchemaMigratorImpl.java:68)
	at org.hibernate.tool.schema.internal.AbstractSchemaMigrator.performMigration(AbstractSchemaMigrator.java:220)
	at org.hibernate.tool.schema.internal.AbstractSchemaMigrator.doMigration(AbstractSchemaMigrator.java:123)
	at org.hibernate.tool.schema.spi.SchemaManagementToolCoordinator.performDatabaseAction(SchemaManagementToolCoordinator.java:196)
	at org.hibernate.tool.schema.spi.SchemaManagementToolCoordinator.process(SchemaManagementToolCoordinator.java:85)
	at org.hibernate.internal.SessionFactoryImpl.<init>(SessionFactoryImpl.java:335)
	at org.hibernate.boot.internal.SessionFactoryBuilderImpl.build(SessionFactoryBuilderImpl.java:471)
	at org.hibernate.jpa.boot.internal.EntityManagerFactoryBuilderImpl.build(EntityManagerFactoryBuilderImpl.java:1498)
	at org.springframework.orm.jpa.vendor.SpringHibernateJpaPersistenceProvider.createContainerEntityManagerFactory(SpringHibernateJpaPersistenceProvider.java:58)
	at org.springframework.orm.jpa.LocalContainerEntityManagerFactoryBean.createNativeEntityManagerFactory(LocalContainerEntityManagerFactoryBean.java:365)
	at org.springframework.orm.jpa.AbstractEntityManagerFactoryBean.buildNativeEntityManagerFactory(AbstractEntityManagerFactoryBean.java:409)
	... 20 common frames omitted
Caused by: java.sql.SQLException: Access denied for user 'memorin_user'@'localhost' (using password: YES)
	at com.mysql.cj.jdbc.exceptions.SQLError.createSQLException(SQLError.java:130)
	at com.mysql.cj.jdbc.exceptions.SQLExceptionsMapping.translateException(SQLExceptionsMapping.java:122)
	at com.mysql.cj.jdbc.ConnectionImpl.createNewIO(ConnectionImpl.java:825)
	at com.mysql.cj.jdbc.ConnectionImpl.<init>(ConnectionImpl.java:446)
	at com.mysql.cj.jdbc.ConnectionImpl.getInstance(ConnectionImpl.java:239)
	at com.mysql.cj.jdbc.NonRegisteringDriver.connect(NonRegisteringDriver.java:188)
	at com.zaxxer.hikari.util.DriverDataSource.getConnection(DriverDataSource.java:138)
	at com.zaxxer.hikari.pool.PoolBase.newConnection(PoolBase.java:364)
	at com.zaxxer.hikari.pool.PoolBase.newPoolEntry(PoolBase.java:206)
	at com.zaxxer.hikari.pool.HikariPool.createPoolEntry(HikariPool.java:476)
	at com.zaxxer.hikari.pool.HikariPool.checkFailFast(HikariPool.java:561)
	at com.zaxxer.hikari.pool.HikariPool.<init>(HikariPool.java:115)
	at com.zaxxer.hikari.HikariDataSource.getConnection(HikariDataSource.java:112)
	at org.hibernate.engine.jdbc.connections.internal.DatasourceConnectionProviderImpl.getConnection(DatasourceConnectionProviderImpl.java:122)
	at org.hibernate.engine.jdbc.env.internal.JdbcEnvironmentInitiator$ConnectionProviderJdbcConnectionAccess.obtainConnection(JdbcEnvironmentInitiator.java:181)
	at org.hibernate.resource.transaction.backend.jdbc.internal.DdlTransactionIsolatorNonJtaImpl.getIsolatedConnection(DdlTransactionIsolatorNonJtaImpl.java:44)
	... 36 common frames omitted
2025-08-25 14:38:02 [main] INFO  c.a.n.c.env.SearchableProperties - properties search order:PROPERTIES->JVM->ENV->DEFAULT_SETTING
2025-08-25 14:38:03 [main] INFO  c.m.user.UserServiceApplication - Starting UserServiceApplication using Java 1.8.0_451 on WIN-C3D985L1HJN with PID 21336 (D:\CODE\Memorin-rebuild\backend\memorin-user-service\target\classes started by Mechrevo in D:\CODE\Memorin-rebuild\backend\memorin-user-service)
2025-08-25 14:38:03 [main] DEBUG c.m.user.UserServiceApplication - Running with Spring Boot v2.7.18, Spring v5.3.31
2025-08-25 14:38:03 [main] INFO  c.m.user.UserServiceApplication - No active profile set, falling back to 1 default profile: "default"
2025-08-25 14:38:03 [main] INFO  o.s.d.r.c.RepositoryConfigurationDelegate - Multiple Spring Data modules found, entering strict repository configuration mode
2025-08-25 14:38:03 [main] INFO  o.s.d.r.c.RepositoryConfigurationDelegate - Bootstrapping Spring Data JPA repositories in DEFAULT mode.
2025-08-25 14:38:03 [main] INFO  o.s.d.r.c.RepositoryConfigurationDelegate - Finished Spring Data repository scanning in 33 ms. Found 1 JPA repository interfaces.
2025-08-25 14:38:03 [main] INFO  o.s.d.r.c.RepositoryConfigurationDelegate - Multiple Spring Data modules found, entering strict repository configuration mode
2025-08-25 14:38:03 [main] INFO  o.s.d.r.c.RepositoryConfigurationDelegate - Bootstrapping Spring Data Redis repositories in DEFAULT mode.
2025-08-25 14:38:03 [main] INFO  o.s.d.r.c.RepositoryConfigurationExtensionSupport - Spring Data Redis - Could not safely identify store assignment for repository candidate interface com.memorin.user.repository.UserRepository; If you want this repository to be a Redis repository, consider annotating your entities with one of these annotations: org.springframework.data.redis.core.RedisHash (preferred), or consider extending one of the following types with your repository: org.springframework.data.keyvalue.repository.KeyValueRepository
2025-08-25 14:38:03 [main] INFO  o.s.d.r.c.RepositoryConfigurationDelegate - Finished Spring Data repository scanning in 7 ms. Found 0 Redis repository interfaces.
2025-08-25 14:38:03 [main] INFO  o.s.cloud.context.scope.GenericScope - BeanFactory id=54e36200-5f1e-3737-846c-48cc76e1cf23
2025-08-25 14:38:04 [main] INFO  o.s.b.w.e.tomcat.TomcatWebServer - Tomcat initialized with port(s): 8081 (http)
2025-08-25 14:38:04 [main] INFO  o.a.catalina.core.StandardService - Starting service [Tomcat]
2025-08-25 14:38:04 [main] INFO  o.a.catalina.core.StandardEngine - Starting Servlet engine: [Apache Tomcat/9.0.83]
2025-08-25 14:38:04 [main] INFO  o.a.c.c.C.[Tomcat].[localhost].[/] - Initializing Spring embedded WebApplicationContext
2025-08-25 14:38:04 [main] INFO  o.s.b.w.s.c.ServletWebServerApplicationContext - Root WebApplicationContext: initialization completed in 1530 ms
2025-08-25 14:38:04 [main] INFO  o.h.jpa.internal.util.LogHelper - HHH000204: Processing PersistenceUnitInfo [name: default]
2025-08-25 14:38:04 [main] INFO  org.hibernate.Version - HHH000412: Hibernate ORM core version 5.6.15.Final
2025-08-25 14:38:04 [main] INFO  o.h.annotations.common.Version - HCANN000001: Hibernate Commons Annotations {5.1.2.Final}
2025-08-25 14:38:04 [main] INFO  com.zaxxer.hikari.HikariDataSource - MemorinUserPool - Starting...
2025-08-25 14:38:05 [main] INFO  com.zaxxer.hikari.HikariDataSource - MemorinUserPool - Start completed.
2025-08-25 14:38:05 [main] INFO  org.hibernate.dialect.Dialect - HHH000400: Using dialect: org.hibernate.dialect.MySQL8Dialect
2025-08-25 14:38:05 [main] DEBUG org.hibernate.SQL - 
    
    create table users (
       id bigint not null auto_increment,
        created_at datetime(6) not null,
        email varchar(100) not null,
        password_hash varchar(255) not null,
        status varchar(255) not null,
        updated_at datetime(6) not null,
        username varchar(50) not null,
        primary key (id)
    ) engine=InnoDB
2025-08-25 14:38:05 [main] DEBUG org.hibernate.SQL - 
    
    alter table users 
       drop index UK_6dotkott2kjsp8vw4d0m25fb7
2025-08-25 14:38:05 [main] DEBUG org.hibernate.SQL - 
    
    alter table users 
       add constraint UK_6dotkott2kjsp8vw4d0m25fb7 unique (email)
2025-08-25 14:38:05 [main] DEBUG org.hibernate.SQL - 
    
    alter table users 
       drop index UK_r43af9ap4edm43mmtq01oddj6
2025-08-25 14:38:05 [main] DEBUG org.hibernate.SQL - 
    
    alter table users 
       add constraint UK_r43af9ap4edm43mmtq01oddj6 unique (username)
2025-08-25 14:38:05 [main] INFO  o.h.e.t.j.p.i.JtaPlatformInitiator - HHH000490: Using JtaPlatform implementation: [org.hibernate.engine.transaction.jta.platform.internal.NoJtaPlatform]
2025-08-25 14:38:05 [main] INFO  o.s.o.j.LocalContainerEntityManagerFactoryBean - Initialized JPA EntityManagerFactory for persistence unit 'default'
2025-08-25 14:38:06 [main] WARN  o.s.b.a.s.s.UserDetailsServiceAutoConfiguration - 

Using generated security password: 4b7273cd-60f0-402d-9049-a011e74cca51

This generated password is for development use only. Your security configuration must be updated before running your application in production.

2025-08-25 14:38:06 [main] INFO  o.s.b.a.e.web.EndpointLinksResolver - Exposing 3 endpoint(s) beneath base path '/actuator'
2025-08-25 14:38:06 [main] DEBUG o.s.s.w.a.e.ExpressionBasedFilterInvocationSecurityMetadataSource - Adding web access control expression [permitAll] for Ant [pattern='/actuator/**']
2025-08-25 14:38:06 [main] DEBUG o.s.s.w.a.e.ExpressionBasedFilterInvocationSecurityMetadataSource - Adding web access control expression [permitAll] for Ant [pattern='/test/**']
2025-08-25 14:38:06 [main] DEBUG o.s.s.w.a.e.ExpressionBasedFilterInvocationSecurityMetadataSource - Adding web access control expression [permitAll] for Ant [pattern='/auth/**']
2025-08-25 14:38:06 [main] DEBUG o.s.s.w.a.e.ExpressionBasedFilterInvocationSecurityMetadataSource - Adding web access control expression [permitAll] for Ant [pattern='/h2-console/**']
2025-08-25 14:38:06 [main] DEBUG o.s.s.w.a.e.ExpressionBasedFilterInvocationSecurityMetadataSource - Adding web access control expression [permitAll] for Ant [pattern='/error']
2025-08-25 14:38:06 [main] DEBUG o.s.s.w.a.e.ExpressionBasedFilterInvocationSecurityMetadataSource - Adding web access control expression [permitAll] for Ant [pattern='/swagger-ui.html']
2025-08-25 14:38:06 [main] DEBUG o.s.s.w.a.e.ExpressionBasedFilterInvocationSecurityMetadataSource - Adding web access control expression [permitAll] for Ant [pattern='/swagger-ui/**']
2025-08-25 14:38:06 [main] DEBUG o.s.s.w.a.e.ExpressionBasedFilterInvocationSecurityMetadataSource - Adding web access control expression [permitAll] for Ant [pattern='/v3/api-docs/**']
2025-08-25 14:38:06 [main] DEBUG o.s.s.w.a.e.ExpressionBasedFilterInvocationSecurityMetadataSource - Adding web access control expression [permitAll] for Ant [pattern='/webjars/**']
2025-08-25 14:38:06 [main] DEBUG o.s.s.w.a.e.ExpressionBasedFilterInvocationSecurityMetadataSource - Adding web access control expression [authenticated] for any request
2025-08-25 14:38:06 [main] INFO  o.s.s.web.DefaultSecurityFilterChain - Will secure any request with [org.springframework.security.web.context.request.async.WebAsyncManagerIntegrationFilter@d164938, org.springframework.security.web.context.SecurityContextPersistenceFilter@7b43f95c, org.springframework.security.web.header.HeaderWriterFilter@2e1c8027, org.springframework.web.filter.CorsFilter@4cd079fe, org.springframework.security.web.authentication.logout.LogoutFilter@78ab63b5, org.springframework.security.web.savedrequest.RequestCacheAwareFilter@7ef3aa21, org.springframework.security.web.servletapi.SecurityContextHolderAwareRequestFilter@7602c65d, org.springframework.security.web.authentication.AnonymousAuthenticationFilter@37823482, org.springframework.security.web.access.ExceptionTranslationFilter@6ec77cab, org.springframework.security.web.access.intercept.FilterSecurityInterceptor@5cfa9e8a]
2025-08-25 14:38:07 [main] INFO  o.s.b.w.e.tomcat.TomcatWebServer - Tomcat started on port(s): 8081 (http) with context path ''
2025-08-25 14:38:07 [main] INFO  c.a.n.p.a.s.c.ClientAuthPluginManager - [ClientAuthPluginManager] Load ClientAuthService com.alibaba.nacos.client.auth.impl.NacosClientAuthServiceImpl success.
2025-08-25 14:38:07 [main] INFO  c.a.n.p.a.s.c.ClientAuthPluginManager - [ClientAuthPluginManager] Load ClientAuthService com.alibaba.nacos.client.auth.ram.RamClientAuthServiceImpl success.
2025-08-25 14:38:17 [main] ERROR c.a.c.n.r.NacosServiceRegistry - nacos registry, memorin-user-service register failed...NacosRegistration{nacosDiscoveryProperties=NacosDiscoveryProperties{serverAddr='localhost:8848', username='', password='', endpoint='', namespace='memorin-dev', watchDelay=30000, logName='', service='memorin-user-service', weight=1.0, clusterName='DEFAULT', group='DEFAULT_GROUP', namingLoadCacheAtStart='false', metadata={management.endpoints.web.base-path=/actuator, IPv6=[2001:da8:203:a502:72c7:6ba7:32b:d24d], service-type=user-management, description=Memorin用户认证授权服务, region=default, preserved.register.source=SPRING_CLOUD, version=1.0.0}, registerEnabled=true, ip='10.128.54.55', networkInterface='', port=8081, secure=false, accessKey='', secretKey='', heartBeatInterval=null, heartBeatTimeout=null, ipDeleteTimeout=null, instanceEnabled=true, ephemeral=true, failureToleranceEnabled=false}, ipDeleteTimeout=null, failFast=true}},
com.alibaba.nacos.api.exception.NacosException: Client not connected, current status:STARTING
	at com.alibaba.nacos.common.remote.client.RpcClient.request(RpcClient.java:639)
	at com.alibaba.nacos.common.remote.client.RpcClient.request(RpcClient.java:619)
	at com.alibaba.nacos.client.naming.remote.gprc.NamingGrpcClientProxy.requestToServer(NamingGrpcClientProxy.java:356)
	at com.alibaba.nacos.client.naming.remote.gprc.NamingGrpcClientProxy.doRegisterService(NamingGrpcClientProxy.java:209)
	at com.alibaba.nacos.client.naming.remote.gprc.NamingGrpcClientProxy.registerService(NamingGrpcClientProxy.java:123)
	at com.alibaba.nacos.client.naming.remote.NamingClientProxyDelegate.registerService(NamingClientProxyDelegate.java:98)
	at com.alibaba.nacos.client.naming.NacosNamingService.registerInstance(NacosNamingService.java:152)
	at com.alibaba.cloud.nacos.registry.NacosServiceRegistry.register(NacosServiceRegistry.java:75)
	at org.springframework.cloud.client.serviceregistry.AbstractAutoServiceRegistration.register(AbstractAutoServiceRegistration.java:232)
	at com.alibaba.cloud.nacos.registry.NacosAutoServiceRegistration.register(NacosAutoServiceRegistration.java:78)
	at org.springframework.cloud.client.serviceregistry.AbstractAutoServiceRegistration.start(AbstractAutoServiceRegistration.java:133)
	at org.springframework.cloud.client.serviceregistry.AbstractAutoServiceRegistration.bind(AbstractAutoServiceRegistration.java:98)
	at org.springframework.cloud.client.serviceregistry.AbstractAutoServiceRegistration.onApplicationEvent(AbstractAutoServiceRegistration.java:86)
	at org.springframework.cloud.client.serviceregistry.AbstractAutoServiceRegistration.onApplicationEvent(AbstractAutoServiceRegistration.java:47)
	at org.springframework.context.event.SimpleApplicationEventMulticaster.doInvokeListener(SimpleApplicationEventMulticaster.java:178)
	at org.springframework.context.event.SimpleApplicationEventMulticaster.invokeListener(SimpleApplicationEventMulticaster.java:171)
	at org.springframework.context.event.SimpleApplicationEventMulticaster.multicastEvent(SimpleApplicationEventMulticaster.java:145)
	at org.springframework.context.support.AbstractApplicationContext.publishEvent(AbstractApplicationContext.java:429)
	at org.springframework.context.support.AbstractApplicationContext.publishEvent(AbstractApplicationContext.java:386)
	at org.springframework.boot.web.servlet.context.WebServerStartStopLifecycle.start(WebServerStartStopLifecycle.java:46)
	at org.springframework.context.support.DefaultLifecycleProcessor.doStart(DefaultLifecycleProcessor.java:179)
	at org.springframework.context.support.DefaultLifecycleProcessor.access$200(DefaultLifecycleProcessor.java:54)
	at org.springframework.context.support.DefaultLifecycleProcessor$LifecycleGroup.start(DefaultLifecycleProcessor.java:357)
	at java.lang.Iterable.forEach(Iterable.java:75)
	at org.springframework.context.support.DefaultLifecycleProcessor.startBeans(DefaultLifecycleProcessor.java:156)
	at org.springframework.context.support.DefaultLifecycleProcessor.onRefresh(DefaultLifecycleProcessor.java:124)
	at org.springframework.context.support.AbstractApplicationContext.finishRefresh(AbstractApplicationContext.java:946)
	at org.springframework.context.support.AbstractApplicationContext.refresh(AbstractApplicationContext.java:594)
	at org.springframework.boot.web.servlet.context.ServletWebServerApplicationContext.refresh(ServletWebServerApplicationContext.java:147)
	at org.springframework.boot.SpringApplication.refresh(SpringApplication.java:732)
	at org.springframework.boot.SpringApplication.refreshContext(SpringApplication.java:409)
	at org.springframework.boot.SpringApplication.run(SpringApplication.java:308)
	at org.springframework.boot.SpringApplication.run(SpringApplication.java:1300)
	at org.springframework.boot.SpringApplication.run(SpringApplication.java:1289)
	at com.memorin.user.UserServiceApplication.main(UserServiceApplication.java:19)
2025-08-25 14:38:17 [main] WARN  o.s.b.w.s.c.AnnotationConfigServletWebServerApplicationContext - Exception encountered during context initialization - cancelling refresh attempt: org.springframework.context.ApplicationContextException: Failed to start bean 'webServerStartStop'; nested exception is java.lang.reflect.UndeclaredThrowableException
2025-08-25 14:38:17 [main] INFO  o.s.o.j.LocalContainerEntityManagerFactoryBean - Closing JPA EntityManagerFactory for persistence unit 'default'
2025-08-25 14:38:17 [main] INFO  com.zaxxer.hikari.HikariDataSource - MemorinUserPool - Shutdown initiated...
2025-08-25 14:38:17 [main] INFO  com.zaxxer.hikari.HikariDataSource - MemorinUserPool - Shutdown completed.
2025-08-25 14:38:17 [main] INFO  o.a.catalina.core.StandardService - Stopping service [Tomcat]
2025-08-25 14:38:17 [main] INFO  o.s.b.a.l.ConditionEvaluationReportLoggingListener - 

Error starting ApplicationContext. To display the conditions report re-run your application with 'debug' enabled.
2025-08-25 14:38:17 [main] ERROR o.s.boot.SpringApplication - Application run failed
org.springframework.context.ApplicationContextException: Failed to start bean 'webServerStartStop'; nested exception is java.lang.reflect.UndeclaredThrowableException
	at org.springframework.context.support.DefaultLifecycleProcessor.doStart(DefaultLifecycleProcessor.java:182)
	at org.springframework.context.support.DefaultLifecycleProcessor.access$200(DefaultLifecycleProcessor.java:54)
	at org.springframework.context.support.DefaultLifecycleProcessor$LifecycleGroup.start(DefaultLifecycleProcessor.java:357)
	at java.lang.Iterable.forEach(Iterable.java:75)
	at org.springframework.context.support.DefaultLifecycleProcessor.startBeans(DefaultLifecycleProcessor.java:156)
	at org.springframework.context.support.DefaultLifecycleProcessor.onRefresh(DefaultLifecycleProcessor.java:124)
	at org.springframework.context.support.AbstractApplicationContext.finishRefresh(AbstractApplicationContext.java:946)
	at org.springframework.context.support.AbstractApplicationContext.refresh(AbstractApplicationContext.java:594)
	at org.springframework.boot.web.servlet.context.ServletWebServerApplicationContext.refresh(ServletWebServerApplicationContext.java:147)
	at org.springframework.boot.SpringApplication.refresh(SpringApplication.java:732)
	at org.springframework.boot.SpringApplication.refreshContext(SpringApplication.java:409)
	at org.springframework.boot.SpringApplication.run(SpringApplication.java:308)
	at org.springframework.boot.SpringApplication.run(SpringApplication.java:1300)
	at org.springframework.boot.SpringApplication.run(SpringApplication.java:1289)
	at com.memorin.user.UserServiceApplication.main(UserServiceApplication.java:19)
Caused by: java.lang.reflect.UndeclaredThrowableException: null
	at org.springframework.util.ReflectionUtils.rethrowRuntimeException(ReflectionUtils.java:147)
	at com.alibaba.cloud.nacos.registry.NacosServiceRegistry.register(NacosServiceRegistry.java:83)
	at org.springframework.cloud.client.serviceregistry.AbstractAutoServiceRegistration.register(AbstractAutoServiceRegistration.java:232)
	at com.alibaba.cloud.nacos.registry.NacosAutoServiceRegistration.register(NacosAutoServiceRegistration.java:78)
	at org.springframework.cloud.client.serviceregistry.AbstractAutoServiceRegistration.start(AbstractAutoServiceRegistration.java:133)
	at org.springframework.cloud.client.serviceregistry.AbstractAutoServiceRegistration.bind(AbstractAutoServiceRegistration.java:98)
	at org.springframework.cloud.client.serviceregistry.AbstractAutoServiceRegistration.onApplicationEvent(AbstractAutoServiceRegistration.java:86)
	at org.springframework.cloud.client.serviceregistry.AbstractAutoServiceRegistration.onApplicationEvent(AbstractAutoServiceRegistration.java:47)
	at org.springframework.context.event.SimpleApplicationEventMulticaster.doInvokeListener(SimpleApplicationEventMulticaster.java:178)
	at org.springframework.context.event.SimpleApplicationEventMulticaster.invokeListener(SimpleApplicationEventMulticaster.java:171)
	at org.springframework.context.event.SimpleApplicationEventMulticaster.multicastEvent(SimpleApplicationEventMulticaster.java:145)
	at org.springframework.context.support.AbstractApplicationContext.publishEvent(AbstractApplicationContext.java:429)
	at org.springframework.context.support.AbstractApplicationContext.publishEvent(AbstractApplicationContext.java:386)
	at org.springframework.boot.web.servlet.context.WebServerStartStopLifecycle.start(WebServerStartStopLifecycle.java:46)
	at org.springframework.context.support.DefaultLifecycleProcessor.doStart(DefaultLifecycleProcessor.java:179)
	... 14 common frames omitted
Caused by: com.alibaba.nacos.api.exception.NacosException: Client not connected, current status:STARTING
	at com.alibaba.nacos.common.remote.client.RpcClient.request(RpcClient.java:639)
	at com.alibaba.nacos.common.remote.client.RpcClient.request(RpcClient.java:619)
	at com.alibaba.nacos.client.naming.remote.gprc.NamingGrpcClientProxy.requestToServer(NamingGrpcClientProxy.java:356)
	at com.alibaba.nacos.client.naming.remote.gprc.NamingGrpcClientProxy.doRegisterService(NamingGrpcClientProxy.java:209)
	at com.alibaba.nacos.client.naming.remote.gprc.NamingGrpcClientProxy.registerService(NamingGrpcClientProxy.java:123)
	at com.alibaba.nacos.client.naming.remote.NamingClientProxyDelegate.registerService(NamingClientProxyDelegate.java:98)
	at com.alibaba.nacos.client.naming.NacosNamingService.registerInstance(NacosNamingService.java:152)
	at com.alibaba.cloud.nacos.registry.NacosServiceRegistry.register(NacosServiceRegistry.java:75)
	... 27 common frames omitted
2025-08-25 14:38:18 [Thread-5] WARN  c.a.nacos.common.notify.NotifyCenter - [NotifyCenter] Start destroying Publisher
2025-08-25 14:38:18 [Thread-8] WARN  c.a.n.c.http.HttpClientBeanHolder - [HttpClientBeanHolder] Start destroying common HttpClient
2025-08-25 14:38:18 [Thread-5] WARN  c.a.nacos.common.notify.NotifyCenter - [NotifyCenter] Destruction of the end
2025-08-25 14:40:48 [main] INFO  c.a.n.c.env.SearchableProperties - properties search order:PROPERTIES->JVM->ENV->DEFAULT_SETTING
2025-08-25 14:40:48 [main] INFO  c.m.user.UserServiceApplication - Starting UserServiceApplication using Java 1.8.0_451 on WIN-C3D985L1HJN with PID 67152 (D:\CODE\Memorin-rebuild\backend\memorin-user-service\target\classes started by Mechrevo in D:\CODE\Memorin-rebuild\backend\memorin-user-service)
2025-08-25 14:40:48 [main] DEBUG c.m.user.UserServiceApplication - Running with Spring Boot v2.7.18, Spring v5.3.31
2025-08-25 14:40:48 [main] INFO  c.m.user.UserServiceApplication - The following 1 profile is active: "dev"
2025-08-25 14:40:49 [main] INFO  o.s.d.r.c.RepositoryConfigurationDelegate - Multiple Spring Data modules found, entering strict repository configuration mode
2025-08-25 14:40:49 [main] INFO  o.s.d.r.c.RepositoryConfigurationDelegate - Bootstrapping Spring Data JPA repositories in DEFAULT mode.
2025-08-25 14:40:49 [main] INFO  o.s.d.r.c.RepositoryConfigurationDelegate - Finished Spring Data repository scanning in 38 ms. Found 1 JPA repository interfaces.
2025-08-25 14:40:49 [main] INFO  o.s.d.r.c.RepositoryConfigurationDelegate - Multiple Spring Data modules found, entering strict repository configuration mode
2025-08-25 14:40:49 [main] INFO  o.s.d.r.c.RepositoryConfigurationDelegate - Bootstrapping Spring Data Redis repositories in DEFAULT mode.
2025-08-25 14:40:49 [main] INFO  o.s.d.r.c.RepositoryConfigurationExtensionSupport - Spring Data Redis - Could not safely identify store assignment for repository candidate interface com.memorin.user.repository.UserRepository; If you want this repository to be a Redis repository, consider annotating your entities with one of these annotations: org.springframework.data.redis.core.RedisHash (preferred), or consider extending one of the following types with your repository: org.springframework.data.keyvalue.repository.KeyValueRepository
2025-08-25 14:40:49 [main] INFO  o.s.d.r.c.RepositoryConfigurationDelegate - Finished Spring Data repository scanning in 4 ms. Found 0 Redis repository interfaces.
2025-08-25 14:40:49 [main] INFO  o.s.cloud.context.scope.GenericScope - BeanFactory id=b727eb7d-85df-3fe3-85fa-34b20ffd3c3b
2025-08-25 14:40:49 [main] INFO  o.s.b.w.e.tomcat.TomcatWebServer - Tomcat initialized with port(s): 8081 (http)
2025-08-25 14:40:49 [main] INFO  o.a.catalina.core.StandardService - Starting service [Tomcat]
2025-08-25 14:40:49 [main] INFO  o.a.catalina.core.StandardEngine - Starting Servlet engine: [Apache Tomcat/9.0.83]
2025-08-25 14:40:50 [main] INFO  o.a.c.c.C.[Tomcat].[localhost].[/] - Initializing Spring embedded WebApplicationContext
2025-08-25 14:40:50 [main] INFO  o.s.b.w.s.c.ServletWebServerApplicationContext - Root WebApplicationContext: initialization completed in 1335 ms
2025-08-25 14:40:50 [main] INFO  o.h.jpa.internal.util.LogHelper - HHH000204: Processing PersistenceUnitInfo [name: default]
2025-08-25 14:40:50 [main] INFO  org.hibernate.Version - HHH000412: Hibernate ORM core version 5.6.15.Final
2025-08-25 14:40:50 [main] INFO  o.h.annotations.common.Version - HCANN000001: Hibernate Commons Annotations {5.1.2.Final}
2025-08-25 14:40:50 [main] INFO  com.zaxxer.hikari.HikariDataSource - MemorinUserPool - Starting...
2025-08-25 14:40:50 [main] INFO  com.zaxxer.hikari.HikariDataSource - MemorinUserPool - Start completed.
2025-08-25 14:40:50 [main] INFO  org.hibernate.dialect.Dialect - HHH000400: Using dialect: org.hibernate.dialect.MySQL8Dialect
2025-08-25 14:40:50 [main] INFO  o.h.e.t.j.p.i.JtaPlatformInitiator - HHH000490: Using JtaPlatform implementation: [org.hibernate.engine.transaction.jta.platform.internal.NoJtaPlatform]
2025-08-25 14:40:50 [main] INFO  o.s.o.j.LocalContainerEntityManagerFactoryBean - Initialized JPA EntityManagerFactory for persistence unit 'default'
2025-08-25 14:40:51 [main] WARN  o.s.b.a.s.s.UserDetailsServiceAutoConfiguration - 

Using generated security password: d3eb155c-cc8b-4863-9391-885fceee96e3

This generated password is for development use only. Your security configuration must be updated before running your application in production.

2025-08-25 14:40:51 [main] DEBUG o.s.w.s.m.m.a.RequestMappingHandlerMapping - 20 mappings in 'requestMappingHandlerMapping'
2025-08-25 14:40:51 [main] DEBUG o.s.w.s.h.SimpleUrlHandlerMapping - Patterns [/webjars/**, /**, /swagger-ui*/*swagger-initializer.js, /swagger-ui*/**] in 'resourceHandlerMapping'
2025-08-25 14:40:51 [main] INFO  o.s.b.a.e.web.EndpointLinksResolver - Exposing 3 endpoint(s) beneath base path '/actuator'
2025-08-25 14:40:51 [main] DEBUG o.s.s.w.a.e.ExpressionBasedFilterInvocationSecurityMetadataSource - Adding web access control expression [permitAll] for Ant [pattern='/actuator/**']
2025-08-25 14:40:51 [main] DEBUG o.s.s.w.a.e.ExpressionBasedFilterInvocationSecurityMetadataSource - Adding web access control expression [permitAll] for Ant [pattern='/test/**']
2025-08-25 14:40:51 [main] DEBUG o.s.s.w.a.e.ExpressionBasedFilterInvocationSecurityMetadataSource - Adding web access control expression [permitAll] for Ant [pattern='/auth/**']
2025-08-25 14:40:51 [main] DEBUG o.s.s.w.a.e.ExpressionBasedFilterInvocationSecurityMetadataSource - Adding web access control expression [permitAll] for Ant [pattern='/h2-console/**']
2025-08-25 14:40:51 [main] DEBUG o.s.s.w.a.e.ExpressionBasedFilterInvocationSecurityMetadataSource - Adding web access control expression [permitAll] for Ant [pattern='/error']
2025-08-25 14:40:51 [main] DEBUG o.s.s.w.a.e.ExpressionBasedFilterInvocationSecurityMetadataSource - Adding web access control expression [permitAll] for Ant [pattern='/swagger-ui.html']
2025-08-25 14:40:51 [main] DEBUG o.s.s.w.a.e.ExpressionBasedFilterInvocationSecurityMetadataSource - Adding web access control expression [permitAll] for Ant [pattern='/swagger-ui/**']
2025-08-25 14:40:51 [main] DEBUG o.s.s.w.a.e.ExpressionBasedFilterInvocationSecurityMetadataSource - Adding web access control expression [permitAll] for Ant [pattern='/v3/api-docs/**']
2025-08-25 14:40:51 [main] DEBUG o.s.s.w.a.e.ExpressionBasedFilterInvocationSecurityMetadataSource - Adding web access control expression [permitAll] for Ant [pattern='/webjars/**']
2025-08-25 14:40:51 [main] DEBUG o.s.s.w.a.e.ExpressionBasedFilterInvocationSecurityMetadataSource - Adding web access control expression [authenticated] for any request
2025-08-25 14:40:51 [main] INFO  o.s.s.web.DefaultSecurityFilterChain - Will secure any request with [org.springframework.security.web.context.request.async.WebAsyncManagerIntegrationFilter@5570ee6d, org.springframework.security.web.context.SecurityContextPersistenceFilter@5c41f6a0, org.springframework.security.web.header.HeaderWriterFilter@7b6b99c5, org.springframework.web.filter.CorsFilter@7e2f16bd, org.springframework.security.web.authentication.logout.LogoutFilter@1574f323, org.springframework.security.web.savedrequest.RequestCacheAwareFilter@311453ab, org.springframework.security.web.servletapi.SecurityContextHolderAwareRequestFilter@31a80c88, org.springframework.security.web.authentication.AnonymousAuthenticationFilter@594fcb22, org.springframework.security.web.access.ExceptionTranslationFilter@67216c33, org.springframework.security.web.access.intercept.FilterSecurityInterceptor@2e27325d]
2025-08-25 14:40:51 [main] DEBUG o.s.w.s.m.m.a.RequestMappingHandlerAdapter - ControllerAdvice beans: 0 @ModelAttribute, 0 @InitBinder, 1 RequestBodyAdvice, 1 ResponseBodyAdvice
2025-08-25 14:40:51 [main] DEBUG o.s.w.s.m.m.a.ExceptionHandlerExceptionResolver - ControllerAdvice beans: 2 @ExceptionHandler, 1 ResponseBodyAdvice
2025-08-25 14:40:52 [main] INFO  o.s.b.w.e.tomcat.TomcatWebServer - Tomcat started on port(s): 8081 (http) with context path ''
2025-08-25 14:40:52 [main] INFO  c.m.user.UserServiceApplication - Started UserServiceApplication in 4.16 seconds (JVM running for 4.421)
2025-08-25 14:41:51 [http-nio-8081-exec-1] INFO  o.a.c.c.C.[Tomcat].[localhost].[/] - Initializing Spring DispatcherServlet 'dispatcherServlet'
2025-08-25 14:41:51 [http-nio-8081-exec-1] INFO  o.s.web.servlet.DispatcherServlet - Initializing Servlet 'dispatcherServlet'
2025-08-25 14:41:51 [http-nio-8081-exec-1] DEBUG o.s.web.servlet.DispatcherServlet - Detected StandardServletMultipartResolver
2025-08-25 14:41:51 [http-nio-8081-exec-1] DEBUG o.s.web.servlet.DispatcherServlet - Detected AcceptHeaderLocaleResolver
2025-08-25 14:41:51 [http-nio-8081-exec-1] DEBUG o.s.web.servlet.DispatcherServlet - Detected FixedThemeResolver
2025-08-25 14:41:51 [http-nio-8081-exec-1] DEBUG o.s.web.servlet.DispatcherServlet - Detected org.springframework.web.servlet.view.DefaultRequestToViewNameTranslator@5325674a
2025-08-25 14:41:51 [http-nio-8081-exec-1] DEBUG o.s.web.servlet.DispatcherServlet - Detected org.springframework.web.servlet.support.SessionFlashMapManager@136690b1
2025-08-25 14:41:51 [http-nio-8081-exec-1] DEBUG o.s.web.servlet.DispatcherServlet - enableLoggingRequestDetails='false': request parameters and headers will be masked to prevent unsafe logging of potentially sensitive data
2025-08-25 14:41:51 [http-nio-8081-exec-1] INFO  o.s.web.servlet.DispatcherServlet - Completed initialization in 2 ms
2025-08-25 14:41:51 [http-nio-8081-exec-1] DEBUG o.s.security.web.FilterChainProxy - Securing GET /actuator/health
2025-08-25 14:41:51 [http-nio-8081-exec-1] DEBUG o.s.s.w.c.SecurityContextPersistenceFilter - Set SecurityContextHolder to empty SecurityContext
2025-08-25 14:41:51 [http-nio-8081-exec-1] DEBUG o.s.s.w.a.AnonymousAuthenticationFilter - Set SecurityContextHolder to anonymous SecurityContext
2025-08-25 14:41:51 [http-nio-8081-exec-1] DEBUG o.s.s.w.a.i.FilterSecurityInterceptor - Authorized filter invocation [GET /actuator/health] with attributes [permitAll]
2025-08-25 14:41:51 [http-nio-8081-exec-1] DEBUG o.s.security.web.FilterChainProxy - Secured GET /actuator/health
2025-08-25 14:41:51 [http-nio-8081-exec-1] DEBUG o.s.web.servlet.DispatcherServlet - GET "/actuator/health", parameters={}
2025-08-25 14:41:51 [http-nio-8081-exec-1] DEBUG o.s.w.s.m.m.a.HttpEntityMethodProcessor - Using 'application/vnd.spring-boot.actuator.v3+json', given [*/*] and supported [application/vnd.spring-boot.actuator.v3+json, application/vnd.spring-boot.actuator.v2+json, application/json]
2025-08-25 14:41:51 [http-nio-8081-exec-1] DEBUG o.s.w.s.m.m.a.HttpEntityMethodProcessor - Writing [org.springframework.boot.actuate.health.SystemHealth@527c0369]
2025-08-25 14:41:51 [http-nio-8081-exec-1] DEBUG o.s.s.w.c.HttpSessionSecurityContextRepository - Did not store anonymous SecurityContext
2025-08-25 14:41:51 [http-nio-8081-exec-1] DEBUG o.s.web.servlet.DispatcherServlet - Completed 200 OK
2025-08-25 14:41:51 [http-nio-8081-exec-1] DEBUG o.s.s.w.c.HttpSessionSecurityContextRepository - Did not store anonymous SecurityContext
2025-08-25 14:41:51 [http-nio-8081-exec-1] DEBUG o.s.s.w.c.SecurityContextPersistenceFilter - Cleared SecurityContextHolder to complete request
2025-08-25 14:42:02 [http-nio-8081-exec-2] DEBUG o.s.security.web.FilterChainProxy - Securing POST /api/auth/register
2025-08-25 14:42:02 [http-nio-8081-exec-2] DEBUG o.s.s.w.c.SecurityContextPersistenceFilter - Set SecurityContextHolder to empty SecurityContext
2025-08-25 14:42:02 [http-nio-8081-exec-2] DEBUG o.s.w.s.h.SimpleUrlHandlerMapping - Mapped to ResourceHttpRequestHandler [classpath [META-INF/resources/], classpath [resources/], classpath [static/], classpath [public/], ServletContext [/]]
2025-08-25 14:42:02 [http-nio-8081-exec-2] DEBUG o.s.s.w.a.AnonymousAuthenticationFilter - Set SecurityContextHolder to anonymous SecurityContext
2025-08-25 14:42:02 [http-nio-8081-exec-2] DEBUG o.s.s.w.a.i.FilterSecurityInterceptor - Failed to authorize filter invocation [POST /api/auth/register] with attributes [authenticated]
2025-08-25 14:42:02 [http-nio-8081-exec-2] DEBUG o.s.s.w.s.HttpSessionRequestCache - Saved request http://localhost:8081/api/auth/register to session
2025-08-25 14:42:02 [http-nio-8081-exec-2] DEBUG o.s.s.w.a.Http403ForbiddenEntryPoint - Pre-authenticated entry point called. Rejecting access
2025-08-25 14:42:02 [http-nio-8081-exec-2] DEBUG o.s.s.w.c.HttpSessionSecurityContextRepository - Did not store empty SecurityContext
2025-08-25 14:42:02 [http-nio-8081-exec-2] DEBUG o.s.s.w.c.HttpSessionSecurityContextRepository - Did not store empty SecurityContext
2025-08-25 14:42:02 [http-nio-8081-exec-2] DEBUG o.s.s.w.c.SecurityContextPersistenceFilter - Cleared SecurityContextHolder to complete request
2025-08-25 14:42:02 [http-nio-8081-exec-2] DEBUG o.s.security.web.FilterChainProxy - Securing POST /error
2025-08-25 14:42:02 [http-nio-8081-exec-2] DEBUG o.s.s.w.c.SecurityContextPersistenceFilter - Set SecurityContextHolder to empty SecurityContext
2025-08-25 14:42:02 [http-nio-8081-exec-2] DEBUG o.s.s.w.a.AnonymousAuthenticationFilter - Set SecurityContextHolder to anonymous SecurityContext
2025-08-25 14:42:02 [http-nio-8081-exec-2] DEBUG o.s.security.web.FilterChainProxy - Secured POST /error
2025-08-25 14:42:02 [http-nio-8081-exec-2] DEBUG o.s.web.servlet.DispatcherServlet - "ERROR" dispatch for POST "/error", parameters={}
2025-08-25 14:42:02 [http-nio-8081-exec-2] DEBUG o.s.w.s.m.m.a.RequestMappingHandlerMapping - Mapped to org.springframework.boot.autoconfigure.web.servlet.error.BasicErrorController#error(HttpServletRequest)
2025-08-25 14:42:02 [http-nio-8081-exec-2] DEBUG o.s.w.s.m.m.a.HttpEntityMethodProcessor - Using 'application/json', given [*/*] and supported [application/json, application/*+json, application/json, application/*+json]
2025-08-25 14:42:02 [http-nio-8081-exec-2] DEBUG o.s.w.s.m.m.a.HttpEntityMethodProcessor - Writing [{timestamp=Mon Aug 25 14:42:02 CST 2025, status=403, error=Forbidden, path=/api/auth/register}]
2025-08-25 14:42:02 [http-nio-8081-exec-2] DEBUG o.s.s.w.c.HttpSessionSecurityContextRepository - Did not store anonymous SecurityContext
2025-08-25 14:42:02 [http-nio-8081-exec-2] DEBUG o.s.web.servlet.DispatcherServlet - Exiting from "ERROR" dispatch, status 403
2025-08-25 14:42:02 [http-nio-8081-exec-2] DEBUG o.s.s.w.c.HttpSessionSecurityContextRepository - Did not store anonymous SecurityContext
2025-08-25 14:42:02 [http-nio-8081-exec-2] DEBUG o.s.s.w.c.SecurityContextPersistenceFilter - Cleared SecurityContextHolder to complete request
2025-08-25 14:42:06 [http-nio-8081-exec-3] DEBUG o.s.security.web.FilterChainProxy - Securing GET /swagger-ui.html
2025-08-25 14:42:06 [http-nio-8081-exec-3] DEBUG o.s.s.w.c.SecurityContextPersistenceFilter - Set SecurityContextHolder to empty SecurityContext
2025-08-25 14:42:06 [http-nio-8081-exec-3] DEBUG o.s.w.s.m.m.a.RequestMappingHandlerMapping - Mapped to org.springdoc.webmvc.ui.SwaggerWelcomeWebMvc#redirectToUi(HttpServletRequest)
2025-08-25 14:42:06 [http-nio-8081-exec-3] DEBUG o.s.s.w.a.AnonymousAuthenticationFilter - Set SecurityContextHolder to anonymous SecurityContext
2025-08-25 14:42:06 [http-nio-8081-exec-3] DEBUG o.s.s.w.a.i.FilterSecurityInterceptor - Authorized filter invocation [GET /swagger-ui.html] with attributes [permitAll]
2025-08-25 14:42:06 [http-nio-8081-exec-3] DEBUG o.s.security.web.FilterChainProxy - Secured GET /swagger-ui.html
2025-08-25 14:42:06 [http-nio-8081-exec-3] DEBUG o.s.web.servlet.DispatcherServlet - GET "/swagger-ui.html", parameters={}
2025-08-25 14:42:06 [http-nio-8081-exec-3] DEBUG o.s.w.s.m.m.a.RequestMappingHandlerMapping - Mapped to org.springdoc.webmvc.ui.SwaggerWelcomeWebMvc#redirectToUi(HttpServletRequest)
2025-08-25 14:42:06 [http-nio-8081-exec-3] DEBUG o.s.w.s.m.m.a.HttpEntityMethodProcessor - Using 'application/json', given [*/*] and supported [application/json, application/*+json, application/json, application/*+json]
2025-08-25 14:42:06 [http-nio-8081-exec-3] DEBUG o.s.w.s.m.m.a.HttpEntityMethodProcessor - Nothing to write: null body
2025-08-25 14:42:06 [http-nio-8081-exec-3] DEBUG o.s.web.servlet.DispatcherServlet - Completed 302 FOUND
2025-08-25 14:42:06 [http-nio-8081-exec-3] DEBUG o.s.s.w.c.HttpSessionSecurityContextRepository - Did not store anonymous SecurityContext
2025-08-25 14:42:06 [http-nio-8081-exec-3] DEBUG o.s.s.w.c.SecurityContextPersistenceFilter - Cleared SecurityContextHolder to complete request
2025-08-25 14:42:10 [http-nio-8081-exec-5] DEBUG o.s.security.web.FilterChainProxy - Securing GET /api/test/hello
2025-08-25 14:42:10 [http-nio-8081-exec-5] DEBUG o.s.s.w.c.SecurityContextPersistenceFilter - Set SecurityContextHolder to empty SecurityContext
2025-08-25 14:42:10 [http-nio-8081-exec-5] DEBUG o.s.w.s.h.SimpleUrlHandlerMapping - Mapped to ResourceHttpRequestHandler [classpath [META-INF/resources/], classpath [resources/], classpath [static/], classpath [public/], ServletContext [/]]
2025-08-25 14:42:10 [http-nio-8081-exec-5] DEBUG o.s.s.w.a.AnonymousAuthenticationFilter - Set SecurityContextHolder to anonymous SecurityContext
2025-08-25 14:42:10 [http-nio-8081-exec-5] DEBUG o.s.s.w.a.i.FilterSecurityInterceptor - Failed to authorize filter invocation [GET /api/test/hello] with attributes [authenticated]
2025-08-25 14:42:10 [http-nio-8081-exec-5] DEBUG o.s.s.w.s.HttpSessionRequestCache - Saved request http://localhost:8081/api/test/hello to session
2025-08-25 14:42:10 [http-nio-8081-exec-5] DEBUG o.s.s.w.a.Http403ForbiddenEntryPoint - Pre-authenticated entry point called. Rejecting access
2025-08-25 14:42:10 [http-nio-8081-exec-5] DEBUG o.s.s.w.c.HttpSessionSecurityContextRepository - Did not store empty SecurityContext
2025-08-25 14:42:10 [http-nio-8081-exec-5] DEBUG o.s.s.w.c.HttpSessionSecurityContextRepository - Did not store empty SecurityContext
2025-08-25 14:42:10 [http-nio-8081-exec-5] DEBUG o.s.s.w.c.SecurityContextPersistenceFilter - Cleared SecurityContextHolder to complete request
2025-08-25 14:42:10 [http-nio-8081-exec-5] DEBUG o.s.security.web.FilterChainProxy - Securing GET /error
2025-08-25 14:42:10 [http-nio-8081-exec-5] DEBUG o.s.s.w.c.SecurityContextPersistenceFilter - Set SecurityContextHolder to empty SecurityContext
2025-08-25 14:42:10 [http-nio-8081-exec-5] DEBUG o.s.s.w.a.AnonymousAuthenticationFilter - Set SecurityContextHolder to anonymous SecurityContext
2025-08-25 14:42:10 [http-nio-8081-exec-5] DEBUG o.s.security.web.FilterChainProxy - Secured GET /error
2025-08-25 14:42:10 [http-nio-8081-exec-5] DEBUG o.s.web.servlet.DispatcherServlet - "ERROR" dispatch for GET "/error", parameters={}
2025-08-25 14:42:10 [http-nio-8081-exec-5] DEBUG o.s.w.s.m.m.a.RequestMappingHandlerMapping - Mapped to org.springframework.boot.autoconfigure.web.servlet.error.BasicErrorController#error(HttpServletRequest)
2025-08-25 14:42:10 [http-nio-8081-exec-5] DEBUG o.s.w.s.m.m.a.HttpEntityMethodProcessor - Using 'application/json', given [*/*] and supported [application/json, application/*+json, application/json, application/*+json]
2025-08-25 14:42:10 [http-nio-8081-exec-5] DEBUG o.s.w.s.m.m.a.HttpEntityMethodProcessor - Writing [{timestamp=Mon Aug 25 14:42:10 CST 2025, status=403, error=Forbidden, path=/api/test/hello}]
2025-08-25 14:42:10 [http-nio-8081-exec-5] DEBUG o.s.s.w.c.HttpSessionSecurityContextRepository - Did not store anonymous SecurityContext
2025-08-25 14:42:10 [http-nio-8081-exec-5] DEBUG o.s.web.servlet.DispatcherServlet - Exiting from "ERROR" dispatch, status 403
2025-08-25 14:42:10 [http-nio-8081-exec-5] DEBUG o.s.s.w.c.HttpSessionSecurityContextRepository - Did not store anonymous SecurityContext
2025-08-25 14:42:10 [http-nio-8081-exec-5] DEBUG o.s.s.w.c.SecurityContextPersistenceFilter - Cleared SecurityContextHolder to complete request
2025-08-25 14:43:45 [http-nio-8081-exec-7] DEBUG o.s.security.web.FilterChainProxy - Securing GET /api/test/hello
2025-08-25 14:43:45 [http-nio-8081-exec-7] DEBUG o.s.s.w.c.SecurityContextPersistenceFilter - Set SecurityContextHolder to empty SecurityContext
2025-08-25 14:43:45 [http-nio-8081-exec-7] DEBUG o.s.w.s.h.SimpleUrlHandlerMapping - Mapped to ResourceHttpRequestHandler [classpath [META-INF/resources/], classpath [resources/], classpath [static/], classpath [public/], ServletContext [/]]
2025-08-25 14:43:45 [http-nio-8081-exec-7] DEBUG o.s.s.w.a.AnonymousAuthenticationFilter - Set SecurityContextHolder to anonymous SecurityContext
2025-08-25 14:43:45 [http-nio-8081-exec-7] DEBUG o.s.s.w.a.i.FilterSecurityInterceptor - Failed to authorize filter invocation [GET /api/test/hello] with attributes [authenticated]
2025-08-25 14:43:45 [http-nio-8081-exec-7] DEBUG o.s.s.w.s.HttpSessionRequestCache - Saved request http://localhost:8081/api/test/hello to session
2025-08-25 14:43:45 [http-nio-8081-exec-7] DEBUG o.s.s.w.a.Http403ForbiddenEntryPoint - Pre-authenticated entry point called. Rejecting access
2025-08-25 14:43:45 [http-nio-8081-exec-7] DEBUG o.s.s.w.c.HttpSessionSecurityContextRepository - Did not store empty SecurityContext
2025-08-25 14:43:45 [http-nio-8081-exec-7] DEBUG o.s.s.w.c.HttpSessionSecurityContextRepository - Did not store empty SecurityContext
2025-08-25 14:43:45 [http-nio-8081-exec-7] DEBUG o.s.s.w.c.SecurityContextPersistenceFilter - Cleared SecurityContextHolder to complete request
2025-08-25 14:43:45 [http-nio-8081-exec-7] DEBUG o.s.security.web.FilterChainProxy - Securing GET /error
2025-08-25 14:43:45 [http-nio-8081-exec-7] DEBUG o.s.s.w.c.SecurityContextPersistenceFilter - Set SecurityContextHolder to empty SecurityContext
2025-08-25 14:43:45 [http-nio-8081-exec-7] DEBUG o.s.s.w.a.AnonymousAuthenticationFilter - Set SecurityContextHolder to anonymous SecurityContext
2025-08-25 14:43:45 [http-nio-8081-exec-7] DEBUG o.s.security.web.FilterChainProxy - Secured GET /error
2025-08-25 14:43:45 [http-nio-8081-exec-7] DEBUG o.s.web.servlet.DispatcherServlet - "ERROR" dispatch for GET "/error", parameters={}
2025-08-25 14:43:45 [http-nio-8081-exec-7] DEBUG o.s.w.s.m.m.a.RequestMappingHandlerMapping - Mapped to org.springframework.boot.autoconfigure.web.servlet.error.BasicErrorController#error(HttpServletRequest)
2025-08-25 14:43:45 [http-nio-8081-exec-7] DEBUG o.s.w.s.m.m.a.HttpEntityMethodProcessor - Using 'application/json', given [*/*] and supported [application/json, application/*+json, application/json, application/*+json]
2025-08-25 14:43:45 [http-nio-8081-exec-7] DEBUG o.s.w.s.m.m.a.HttpEntityMethodProcessor - Writing [{timestamp=Mon Aug 25 14:43:45 CST 2025, status=403, error=Forbidden, path=/api/test/hello}]
2025-08-25 14:43:45 [http-nio-8081-exec-7] DEBUG o.s.s.w.c.HttpSessionSecurityContextRepository - Did not store anonymous SecurityContext
2025-08-25 14:43:45 [http-nio-8081-exec-7] DEBUG o.s.web.servlet.DispatcherServlet - Exiting from "ERROR" dispatch, status 403
2025-08-25 14:43:45 [http-nio-8081-exec-7] DEBUG o.s.s.w.c.HttpSessionSecurityContextRepository - Did not store anonymous SecurityContext
2025-08-25 14:43:45 [http-nio-8081-exec-7] DEBUG o.s.s.w.c.SecurityContextPersistenceFilter - Cleared SecurityContextHolder to complete request
2025-08-25 14:43:49 [http-nio-8081-exec-9] DEBUG o.s.security.web.FilterChainProxy - Securing GET /api/test/hello
2025-08-25 14:43:49 [http-nio-8081-exec-9] DEBUG o.s.s.w.c.SecurityContextPersistenceFilter - Set SecurityContextHolder to empty SecurityContext
2025-08-25 14:43:49 [http-nio-8081-exec-9] DEBUG o.s.w.s.h.SimpleUrlHandlerMapping - Mapped to ResourceHttpRequestHandler [classpath [META-INF/resources/], classpath [resources/], classpath [static/], classpath [public/], ServletContext [/]]
2025-08-25 14:43:49 [http-nio-8081-exec-9] DEBUG o.s.s.w.a.AnonymousAuthenticationFilter - Set SecurityContextHolder to anonymous SecurityContext
2025-08-25 14:43:49 [http-nio-8081-exec-9] DEBUG o.s.s.w.a.i.FilterSecurityInterceptor - Failed to authorize filter invocation [GET /api/test/hello] with attributes [authenticated]
2025-08-25 14:43:49 [http-nio-8081-exec-9] DEBUG o.s.s.w.s.HttpSessionRequestCache - Saved request http://localhost:8081/api/test/hello to session
2025-08-25 14:43:49 [http-nio-8081-exec-9] DEBUG o.s.s.w.a.Http403ForbiddenEntryPoint - Pre-authenticated entry point called. Rejecting access
2025-08-25 14:43:49 [http-nio-8081-exec-9] DEBUG o.s.s.w.c.HttpSessionSecurityContextRepository - Did not store empty SecurityContext
2025-08-25 14:43:49 [http-nio-8081-exec-9] DEBUG o.s.s.w.c.HttpSessionSecurityContextRepository - Did not store empty SecurityContext
2025-08-25 14:43:49 [http-nio-8081-exec-9] DEBUG o.s.s.w.c.SecurityContextPersistenceFilter - Cleared SecurityContextHolder to complete request
2025-08-25 14:43:49 [http-nio-8081-exec-9] DEBUG o.s.security.web.FilterChainProxy - Securing GET /error
2025-08-25 14:43:49 [http-nio-8081-exec-9] DEBUG o.s.s.w.c.SecurityContextPersistenceFilter - Set SecurityContextHolder to empty SecurityContext
2025-08-25 14:43:49 [http-nio-8081-exec-9] DEBUG o.s.s.w.a.AnonymousAuthenticationFilter - Set SecurityContextHolder to anonymous SecurityContext
2025-08-25 14:43:49 [http-nio-8081-exec-9] DEBUG o.s.security.web.FilterChainProxy - Secured GET /error
2025-08-25 14:43:49 [http-nio-8081-exec-9] DEBUG o.s.web.servlet.DispatcherServlet - "ERROR" dispatch for GET "/error", parameters={}
2025-08-25 14:43:49 [http-nio-8081-exec-9] DEBUG o.s.w.s.m.m.a.RequestMappingHandlerMapping - Mapped to org.springframework.boot.autoconfigure.web.servlet.error.BasicErrorController#error(HttpServletRequest)
2025-08-25 14:43:49 [http-nio-8081-exec-9] DEBUG o.s.w.s.m.m.a.HttpEntityMethodProcessor - Using 'application/json', given [*/*] and supported [application/json, application/*+json, application/json, application/*+json]
2025-08-25 14:43:49 [http-nio-8081-exec-9] DEBUG o.s.w.s.m.m.a.HttpEntityMethodProcessor - Writing [{timestamp=Mon Aug 25 14:43:49 CST 2025, status=403, error=Forbidden, path=/api/test/hello}]
2025-08-25 14:43:49 [http-nio-8081-exec-9] DEBUG o.s.s.w.c.HttpSessionSecurityContextRepository - Did not store anonymous SecurityContext
2025-08-25 14:43:49 [http-nio-8081-exec-9] DEBUG o.s.web.servlet.DispatcherServlet - Exiting from "ERROR" dispatch, status 403
2025-08-25 14:43:49 [http-nio-8081-exec-9] DEBUG o.s.s.w.c.HttpSessionSecurityContextRepository - Did not store anonymous SecurityContext
2025-08-25 14:43:49 [http-nio-8081-exec-9] DEBUG o.s.s.w.c.SecurityContextPersistenceFilter - Cleared SecurityContextHolder to complete request
2025-08-25 14:43:52 [http-nio-8081-exec-1] DEBUG o.s.security.web.FilterChainProxy - Securing GET /swagger-ui/index.html
2025-08-25 14:43:52 [http-nio-8081-exec-1] DEBUG o.s.s.w.c.SecurityContextPersistenceFilter - Set SecurityContextHolder to empty SecurityContext
2025-08-25 14:43:52 [http-nio-8081-exec-1] DEBUG o.s.w.s.h.SimpleUrlHandlerMapping - Mapped to ResourceHttpRequestHandler [classpath [META-INF/resources/webjars/]]
2025-08-25 14:43:52 [http-nio-8081-exec-1] DEBUG o.s.s.w.a.AnonymousAuthenticationFilter - Set SecurityContextHolder to anonymous SecurityContext
2025-08-25 14:43:52 [http-nio-8081-exec-1] DEBUG o.s.s.w.a.i.FilterSecurityInterceptor - Authorized filter invocation [GET /swagger-ui/index.html] with attributes [permitAll]
2025-08-25 14:43:52 [http-nio-8081-exec-1] DEBUG o.s.security.web.FilterChainProxy - Secured GET /swagger-ui/index.html
2025-08-25 14:43:52 [http-nio-8081-exec-1] DEBUG o.s.web.servlet.DispatcherServlet - GET "/swagger-ui/index.html", parameters={}
2025-08-25 14:43:52 [http-nio-8081-exec-1] DEBUG o.s.w.s.h.SimpleUrlHandlerMapping - Mapped to ResourceHttpRequestHandler [classpath [META-INF/resources/webjars/]]
2025-08-25 14:43:52 [http-nio-8081-exec-1] DEBUG o.s.s.w.c.HttpSessionSecurityContextRepository - Did not store anonymous SecurityContext
2025-08-25 14:43:52 [http-nio-8081-exec-1] DEBUG o.s.web.servlet.DispatcherServlet - Completed 200 OK
2025-08-25 14:43:52 [http-nio-8081-exec-1] DEBUG o.s.s.w.c.HttpSessionSecurityContextRepository - Did not store anonymous SecurityContext
2025-08-25 14:43:52 [http-nio-8081-exec-1] DEBUG o.s.s.w.c.SecurityContextPersistenceFilter - Cleared SecurityContextHolder to complete request
2025-08-25 14:43:56 [http-nio-8081-exec-2] DEBUG o.s.security.web.FilterChainProxy - Securing GET /v3/api-docs
2025-08-25 14:43:56 [http-nio-8081-exec-2] DEBUG o.s.s.w.c.SecurityContextPersistenceFilter - Set SecurityContextHolder to empty SecurityContext
2025-08-25 14:43:56 [http-nio-8081-exec-2] DEBUG o.s.w.s.m.m.a.RequestMappingHandlerMapping - Mapped to org.springdoc.webmvc.api.OpenApiWebMvcResource#openapiJson(HttpServletRequest, String, Locale)
2025-08-25 14:43:56 [http-nio-8081-exec-2] DEBUG o.s.s.w.a.AnonymousAuthenticationFilter - Set SecurityContextHolder to anonymous SecurityContext
2025-08-25 14:43:56 [http-nio-8081-exec-2] DEBUG o.s.s.w.a.i.FilterSecurityInterceptor - Authorized filter invocation [GET /v3/api-docs] with attributes [permitAll]
2025-08-25 14:43:56 [http-nio-8081-exec-2] DEBUG o.s.security.web.FilterChainProxy - Secured GET /v3/api-docs
2025-08-25 14:43:56 [http-nio-8081-exec-2] DEBUG o.s.web.servlet.DispatcherServlet - GET "/v3/api-docs", parameters={}
2025-08-25 14:43:56 [http-nio-8081-exec-2] DEBUG o.s.w.s.m.m.a.RequestMappingHandlerMapping - Mapped to org.springdoc.webmvc.api.OpenApiWebMvcResource#openapiJson(HttpServletRequest, String, Locale)
2025-08-25 14:43:56 [http-nio-8081-exec-2] INFO  o.s.api.AbstractOpenApiResource - Init duration for springdoc-openapi is: 154 ms
2025-08-25 14:43:56 [http-nio-8081-exec-2] DEBUG o.s.w.s.m.m.a.RequestResponseBodyMethodProcessor - Using 'application/json', given [*/*] and supported [application/json]
2025-08-25 14:43:56 [http-nio-8081-exec-2] DEBUG o.s.w.s.m.m.a.RequestResponseBodyMethodProcessor - Writing [{123, 34, 111, 112, 101, 110, 97, 112, 105, 34, 58, 34, 51, 46, 48, 46, 49, 34, 44, 34, 105, 110, 10 (truncated)...]
2025-08-25 14:43:56 [http-nio-8081-exec-2] DEBUG o.s.s.w.c.HttpSessionSecurityContextRepository - Did not store anonymous SecurityContext
2025-08-25 14:43:56 [http-nio-8081-exec-2] DEBUG o.s.web.servlet.DispatcherServlet - Completed 200 OK
2025-08-25 14:43:56 [http-nio-8081-exec-2] DEBUG o.s.s.w.c.HttpSessionSecurityContextRepository - Did not store anonymous SecurityContext
2025-08-25 14:43:56 [http-nio-8081-exec-2] DEBUG o.s.s.w.c.SecurityContextPersistenceFilter - Cleared SecurityContextHolder to complete request
2025-08-25 14:44:00 [http-nio-8081-exec-3] DEBUG o.s.security.web.FilterChainProxy - Securing GET /test/ping
2025-08-25 14:44:00 [http-nio-8081-exec-3] DEBUG o.s.s.w.c.SecurityContextPersistenceFilter - Set SecurityContextHolder to empty SecurityContext
2025-08-25 14:44:00 [http-nio-8081-exec-3] DEBUG o.s.w.s.m.m.a.RequestMappingHandlerMapping - Mapped to com.memorin.user.controller.TestController#ping()
2025-08-25 14:44:00 [http-nio-8081-exec-3] DEBUG o.s.s.w.a.AnonymousAuthenticationFilter - Set SecurityContextHolder to anonymous SecurityContext
2025-08-25 14:44:00 [http-nio-8081-exec-3] DEBUG o.s.s.w.a.i.FilterSecurityInterceptor - Authorized filter invocation [GET /test/ping] with attributes [permitAll]
2025-08-25 14:44:00 [http-nio-8081-exec-3] DEBUG o.s.security.web.FilterChainProxy - Secured GET /test/ping
2025-08-25 14:44:00 [http-nio-8081-exec-3] DEBUG o.s.web.servlet.DispatcherServlet - GET "/test/ping", parameters={}
2025-08-25 14:44:00 [http-nio-8081-exec-3] DEBUG o.s.w.s.m.m.a.RequestMappingHandlerMapping - Mapped to com.memorin.user.controller.TestController#ping()
2025-08-25 14:44:00 [http-nio-8081-exec-3] DEBUG org.hibernate.SQL - 
    /* select
        count(*) 
    from
        User x */ select
            count(*) as col_0_0_ 
        from
            users user0_
2025-08-25 14:44:00 [http-nio-8081-exec-3] DEBUG o.s.w.s.m.m.a.HttpEntityMethodProcessor - Using 'application/json', given [*/*] and supported [application/json, application/*+json, application/json, application/*+json]
2025-08-25 14:44:00 [http-nio-8081-exec-3] DEBUG o.s.w.s.m.m.a.HttpEntityMethodProcessor - Writing [{userCount=0, port=8081, service=memorin-user-service, message=用户服务运行正常, status=success, timestamp=2 (truncated)...]
2025-08-25 14:44:00 [http-nio-8081-exec-3] DEBUG o.s.s.w.c.HttpSessionSecurityContextRepository - Did not store anonymous SecurityContext
2025-08-25 14:44:00 [http-nio-8081-exec-3] DEBUG o.s.web.servlet.DispatcherServlet - Completed 200 OK
2025-08-25 14:44:00 [http-nio-8081-exec-3] DEBUG o.s.s.w.c.HttpSessionSecurityContextRepository - Did not store anonymous SecurityContext
2025-08-25 14:44:00 [http-nio-8081-exec-3] DEBUG o.s.s.w.c.SecurityContextPersistenceFilter - Cleared SecurityContextHolder to complete request
2025-08-25 14:44:04 [http-nio-8081-exec-5] DEBUG o.s.security.web.FilterChainProxy - Securing POST /auth/register
2025-08-25 14:44:04 [http-nio-8081-exec-5] DEBUG o.s.s.w.c.SecurityContextPersistenceFilter - Set SecurityContextHolder to empty SecurityContext
2025-08-25 14:44:04 [http-nio-8081-exec-5] DEBUG o.s.w.s.m.m.a.RequestMappingHandlerMapping - Mapped to com.memorin.user.controller.AuthController#register(RegisterRequest)
2025-08-25 14:44:04 [http-nio-8081-exec-5] DEBUG o.s.s.w.a.AnonymousAuthenticationFilter - Set SecurityContextHolder to anonymous SecurityContext
2025-08-25 14:44:04 [http-nio-8081-exec-5] DEBUG o.s.s.w.a.i.FilterSecurityInterceptor - Authorized filter invocation [POST /auth/register] with attributes [permitAll]
2025-08-25 14:44:04 [http-nio-8081-exec-5] DEBUG o.s.security.web.FilterChainProxy - Secured POST /auth/register
2025-08-25 14:44:04 [http-nio-8081-exec-5] DEBUG o.s.web.servlet.DispatcherServlet - POST "/auth/register", parameters={}
2025-08-25 14:44:04 [http-nio-8081-exec-5] DEBUG o.s.w.s.m.m.a.RequestMappingHandlerMapping - Mapped to com.memorin.user.controller.AuthController#register(RegisterRequest)
2025-08-25 14:44:04 [http-nio-8081-exec-5] DEBUG o.s.w.s.m.m.a.RequestResponseBodyMethodProcessor - Read "application/json;charset=UTF-8" to [RegisterRequest{username='testuser1', email='test1@example.com', password='[PROTECTED]', nickname='n (truncated)...]
2025-08-25 14:44:04 [http-nio-8081-exec-5] DEBUG org.hibernate.SQL - 
    /* select
        generatedAlias0 
    from
        User as generatedAlias0 
    where
        generatedAlias0.username=:param0 */ select
            user0_.id as id1_0_,
            user0_.created_at as created_2_0_,
            user0_.email as email3_0_,
            user0_.password_hash as password4_0_,
            user0_.status as status5_0_,
            user0_.updated_at as updated_6_0_,
            user0_.username as username7_0_ 
        from
            users user0_ 
        where
            user0_.username=?
2025-08-25 14:44:04 [http-nio-8081-exec-5] TRACE o.h.type.descriptor.sql.BasicBinder - binding parameter [1] as [VARCHAR] - [testuser1]
2025-08-25 14:44:04 [http-nio-8081-exec-5] DEBUG org.hibernate.SQL - 
    /* select
        generatedAlias0 
    from
        User as generatedAlias0 
    where
        generatedAlias0.email=:param0 */ select
            user0_.id as id1_0_,
            user0_.created_at as created_2_0_,
            user0_.email as email3_0_,
            user0_.password_hash as password4_0_,
            user0_.status as status5_0_,
            user0_.updated_at as updated_6_0_,
            user0_.username as username7_0_ 
        from
            users user0_ 
        where
            user0_.email=?
2025-08-25 14:44:04 [http-nio-8081-exec-5] TRACE o.h.type.descriptor.sql.BasicBinder - binding parameter [1] as [VARCHAR] - [test1@example.com]
2025-08-25 14:44:04 [http-nio-8081-exec-5] DEBUG org.hibernate.SQL - 
    /* insert com.memorin.user.entity.User
        */ insert 
        into
            users
            (created_at, email, password_hash, status, updated_at, username) 
        values
            (?, ?, ?, ?, ?, ?)
2025-08-25 14:44:04 [http-nio-8081-exec-5] TRACE o.h.type.descriptor.sql.BasicBinder - binding parameter [1] as [TIMESTAMP] - [2025-08-25T14:44:04.913]
2025-08-25 14:44:04 [http-nio-8081-exec-5] TRACE o.h.type.descriptor.sql.BasicBinder - binding parameter [2] as [VARCHAR] - [test1@example.com]
2025-08-25 14:44:04 [http-nio-8081-exec-5] TRACE o.h.type.descriptor.sql.BasicBinder - binding parameter [3] as [VARCHAR] - [$2a$10$zMmXbL/A.FGL1.0pogI5D.muvAyzhT8Gvp4ZViokv0zwobbUrgaUu]
2025-08-25 14:44:04 [http-nio-8081-exec-5] TRACE o.h.type.descriptor.sql.BasicBinder - binding parameter [4] as [VARCHAR] - [ACTIVE]
2025-08-25 14:44:04 [http-nio-8081-exec-5] TRACE o.h.type.descriptor.sql.BasicBinder - binding parameter [5] as [TIMESTAMP] - [2025-08-25T14:44:04.913]
2025-08-25 14:44:04 [http-nio-8081-exec-5] TRACE o.h.type.descriptor.sql.BasicBinder - binding parameter [6] as [VARCHAR] - [testuser1]
2025-08-25 14:44:04 [http-nio-8081-exec-5] DEBUG o.s.w.s.m.m.a.HttpEntityMethodProcessor - Using 'application/json', given [*/*] and supported [application/json, application/*+json, application/json, application/*+json]
2025-08-25 14:44:04 [http-nio-8081-exec-5] DEBUG o.s.w.s.m.m.a.HttpEntityMethodProcessor - Writing [{createdAt=2025-08-25T14:44:04.913, success=true, message=用户注册成功, userId=1, email=test1@example.com, (truncated)...]
2025-08-25 14:44:04 [http-nio-8081-exec-5] DEBUG o.s.s.w.c.HttpSessionSecurityContextRepository - Did not store anonymous SecurityContext
2025-08-25 14:44:04 [http-nio-8081-exec-5] DEBUG o.s.web.servlet.DispatcherServlet - Completed 200 OK
2025-08-25 14:44:04 [http-nio-8081-exec-5] DEBUG o.s.s.w.c.HttpSessionSecurityContextRepository - Did not store anonymous SecurityContext
2025-08-25 14:44:04 [http-nio-8081-exec-5] DEBUG o.s.s.w.c.SecurityContextPersistenceFilter - Cleared SecurityContextHolder to complete request
2025-08-25 14:44:09 [http-nio-8081-exec-7] DEBUG o.s.security.web.FilterChainProxy - Securing POST /auth/login
2025-08-25 14:44:09 [http-nio-8081-exec-7] DEBUG o.s.s.w.c.SecurityContextPersistenceFilter - Set SecurityContextHolder to empty SecurityContext
2025-08-25 14:44:09 [http-nio-8081-exec-7] DEBUG o.s.w.s.m.m.a.RequestMappingHandlerMapping - Mapped to com.memorin.user.controller.AuthController#login(LoginRequest)
2025-08-25 14:44:09 [http-nio-8081-exec-7] DEBUG o.s.s.w.a.AnonymousAuthenticationFilter - Set SecurityContextHolder to anonymous SecurityContext
2025-08-25 14:44:09 [http-nio-8081-exec-7] DEBUG o.s.s.w.a.i.FilterSecurityInterceptor - Authorized filter invocation [POST /auth/login] with attributes [permitAll]
2025-08-25 14:44:09 [http-nio-8081-exec-7] DEBUG o.s.security.web.FilterChainProxy - Secured POST /auth/login
2025-08-25 14:44:09 [http-nio-8081-exec-7] DEBUG o.s.web.servlet.DispatcherServlet - POST "/auth/login", parameters={}
2025-08-25 14:44:09 [http-nio-8081-exec-7] DEBUG o.s.w.s.m.m.a.RequestMappingHandlerMapping - Mapped to com.memorin.user.controller.AuthController#login(LoginRequest)
2025-08-25 14:44:09 [http-nio-8081-exec-7] DEBUG o.s.w.s.m.m.a.RequestResponseBodyMethodProcessor - Read "application/json;charset=UTF-8" to [LoginRequest{username='testuser1', password='[PROTECTED]'}]
2025-08-25 14:44:09 [http-nio-8081-exec-7] DEBUG org.hibernate.SQL - 
    /* select
        generatedAlias0 
    from
        User as generatedAlias0 
    where
        generatedAlias0.username=:param0 */ select
            user0_.id as id1_0_,
            user0_.created_at as created_2_0_,
            user0_.email as email3_0_,
            user0_.password_hash as password4_0_,
            user0_.status as status5_0_,
            user0_.updated_at as updated_6_0_,
            user0_.username as username7_0_ 
        from
            users user0_ 
        where
            user0_.username=?
2025-08-25 14:44:09 [http-nio-8081-exec-7] TRACE o.h.type.descriptor.sql.BasicBinder - binding parameter [1] as [VARCHAR] - [testuser1]
2025-08-25 14:44:09 [http-nio-8081-exec-7] DEBUG org.hibernate.SQL - 
    /* update
        com.memorin.user.entity.User */ update
            users 
        set
            email=?,
            password_hash=?,
            status=?,
            updated_at=?,
            username=? 
        where
            id=?
2025-08-25 14:44:09 [http-nio-8081-exec-7] TRACE o.h.type.descriptor.sql.BasicBinder - binding parameter [1] as [VARCHAR] - [test1@example.com]
2025-08-25 14:44:09 [http-nio-8081-exec-7] TRACE o.h.type.descriptor.sql.BasicBinder - binding parameter [2] as [VARCHAR] - [$2a$10$zMmXbL/A.FGL1.0pogI5D.muvAyzhT8Gvp4ZViokv0zwobbUrgaUu]
2025-08-25 14:44:09 [http-nio-8081-exec-7] TRACE o.h.type.descriptor.sql.BasicBinder - binding parameter [3] as [VARCHAR] - [ACTIVE]
2025-08-25 14:44:09 [http-nio-8081-exec-7] TRACE o.h.type.descriptor.sql.BasicBinder - binding parameter [4] as [TIMESTAMP] - [2025-08-25T14:44:09.397]
2025-08-25 14:44:09 [http-nio-8081-exec-7] TRACE o.h.type.descriptor.sql.BasicBinder - binding parameter [5] as [VARCHAR] - [testuser1]
2025-08-25 14:44:09 [http-nio-8081-exec-7] TRACE o.h.type.descriptor.sql.BasicBinder - binding parameter [6] as [BIGINT] - [1]
2025-08-25 14:44:09 [http-nio-8081-exec-7] DEBUG o.s.w.s.m.m.a.HttpEntityMethodProcessor - Using 'application/json', given [*/*] and supported [application/json, application/*+json, application/json, application/*+json]
2025-08-25 14:44:09 [http-nio-8081-exec-7] DEBUG o.s.w.s.m.m.a.HttpEntityMethodProcessor - Writing [com.memorin.user.dto.response.LoginResponse@27c86f24]
2025-08-25 14:44:09 [http-nio-8081-exec-7] DEBUG o.s.s.w.c.HttpSessionSecurityContextRepository - Did not store anonymous SecurityContext
2025-08-25 14:44:09 [http-nio-8081-exec-7] DEBUG o.s.web.servlet.DispatcherServlet - Completed 200 OK
2025-08-25 14:44:09 [http-nio-8081-exec-7] DEBUG o.s.s.w.c.HttpSessionSecurityContextRepository - Did not store anonymous SecurityContext
2025-08-25 14:44:09 [http-nio-8081-exec-7] DEBUG o.s.s.w.c.SecurityContextPersistenceFilter - Cleared SecurityContextHolder to complete request
2025-08-25 15:15:29 [main] INFO  c.a.n.c.env.SearchableProperties - properties search order:PROPERTIES->JVM->ENV->DEFAULT_SETTING
2025-08-25 15:15:29 [main] INFO  c.m.user.UserServiceApplication - Starting UserServiceApplication using Java 1.8.0_451 on WIN-C3D985L1HJN with PID 97016 (D:\CODE\Memorin-rebuild\backend\memorin-user-service\target\classes started by Mechrevo in D:\CODE\Memorin-rebuild\backend\memorin-user-service)
2025-08-25 15:15:29 [main] DEBUG c.m.user.UserServiceApplication - Running with Spring Boot v2.7.18, Spring v5.3.31
2025-08-25 15:15:29 [main] INFO  c.m.user.UserServiceApplication - No active profile set, falling back to 1 default profile: "default"
2025-08-25 15:15:29 [main] INFO  o.s.d.r.c.RepositoryConfigurationDelegate - Multiple Spring Data modules found, entering strict repository configuration mode
2025-08-25 15:15:29 [main] INFO  o.s.d.r.c.RepositoryConfigurationDelegate - Bootstrapping Spring Data JPA repositories in DEFAULT mode.
2025-08-25 15:15:29 [main] INFO  o.s.d.r.c.RepositoryConfigurationDelegate - Finished Spring Data repository scanning in 31 ms. Found 1 JPA repository interfaces.
2025-08-25 15:15:29 [main] INFO  o.s.d.r.c.RepositoryConfigurationDelegate - Multiple Spring Data modules found, entering strict repository configuration mode
2025-08-25 15:15:29 [main] INFO  o.s.d.r.c.RepositoryConfigurationDelegate - Bootstrapping Spring Data Redis repositories in DEFAULT mode.
2025-08-25 15:15:29 [main] INFO  o.s.d.r.c.RepositoryConfigurationExtensionSupport - Spring Data Redis - Could not safely identify store assignment for repository candidate interface com.memorin.user.repository.UserRepository; If you want this repository to be a Redis repository, consider annotating your entities with one of these annotations: org.springframework.data.redis.core.RedisHash (preferred), or consider extending one of the following types with your repository: org.springframework.data.keyvalue.repository.KeyValueRepository
2025-08-25 15:15:29 [main] INFO  o.s.d.r.c.RepositoryConfigurationDelegate - Finished Spring Data repository scanning in 3 ms. Found 0 Redis repository interfaces.
2025-08-25 15:15:29 [main] INFO  o.s.cloud.context.scope.GenericScope - BeanFactory id=54e36200-5f1e-3737-846c-48cc76e1cf23
2025-08-25 15:15:30 [main] INFO  o.s.b.w.e.tomcat.TomcatWebServer - Tomcat initialized with port(s): 8081 (http)
2025-08-25 15:15:30 [main] INFO  o.a.catalina.core.StandardService - Starting service [Tomcat]
2025-08-25 15:15:30 [main] INFO  o.a.catalina.core.StandardEngine - Starting Servlet engine: [Apache Tomcat/9.0.83]
2025-08-25 15:15:30 [main] INFO  o.a.c.c.C.[Tomcat].[localhost].[/] - Initializing Spring embedded WebApplicationContext
2025-08-25 15:15:30 [main] INFO  o.s.b.w.s.c.ServletWebServerApplicationContext - Root WebApplicationContext: initialization completed in 1154 ms
2025-08-25 15:15:30 [main] INFO  o.h.jpa.internal.util.LogHelper - HHH000204: Processing PersistenceUnitInfo [name: default]
2025-08-25 15:15:30 [main] INFO  org.hibernate.Version - HHH000412: Hibernate ORM core version 5.6.15.Final
2025-08-25 15:15:30 [main] INFO  o.h.annotations.common.Version - HCANN000001: Hibernate Commons Annotations {5.1.2.Final}
2025-08-25 15:15:30 [main] INFO  com.zaxxer.hikari.HikariDataSource - MemorinUserPool - Starting...
2025-08-25 15:15:30 [main] INFO  com.zaxxer.hikari.HikariDataSource - MemorinUserPool - Start completed.
2025-08-25 15:15:30 [main] INFO  org.hibernate.dialect.Dialect - HHH000400: Using dialect: org.hibernate.dialect.MySQL8Dialect
2025-08-25 15:15:31 [main] INFO  o.h.e.t.j.p.i.JtaPlatformInitiator - HHH000490: Using JtaPlatform implementation: [org.hibernate.engine.transaction.jta.platform.internal.NoJtaPlatform]
2025-08-25 15:15:31 [main] INFO  o.s.o.j.LocalContainerEntityManagerFactoryBean - Initialized JPA EntityManagerFactory for persistence unit 'default'
2025-08-25 15:15:31 [main] WARN  o.s.b.a.s.s.UserDetailsServiceAutoConfiguration - 

Using generated security password: f7809ede-1167-4bcd-9ef1-ab1b8b04365a

This generated password is for development use only. Your security configuration must be updated before running your application in production.

2025-08-25 15:15:31 [main] INFO  o.s.b.a.e.web.EndpointLinksResolver - Exposing 3 endpoint(s) beneath base path '/actuator'
2025-08-25 15:15:31 [main] DEBUG o.s.s.w.a.e.ExpressionBasedFilterInvocationSecurityMetadataSource - Adding web access control expression [permitAll] for Ant [pattern='/actuator/**']
2025-08-25 15:15:31 [main] DEBUG o.s.s.w.a.e.ExpressionBasedFilterInvocationSecurityMetadataSource - Adding web access control expression [permitAll] for Ant [pattern='/test/**']
2025-08-25 15:15:31 [main] DEBUG o.s.s.w.a.e.ExpressionBasedFilterInvocationSecurityMetadataSource - Adding web access control expression [permitAll] for Ant [pattern='/auth/**']
2025-08-25 15:15:31 [main] DEBUG o.s.s.w.a.e.ExpressionBasedFilterInvocationSecurityMetadataSource - Adding web access control expression [permitAll] for Ant [pattern='/h2-console/**']
2025-08-25 15:15:31 [main] DEBUG o.s.s.w.a.e.ExpressionBasedFilterInvocationSecurityMetadataSource - Adding web access control expression [permitAll] for Ant [pattern='/error']
2025-08-25 15:15:31 [main] DEBUG o.s.s.w.a.e.ExpressionBasedFilterInvocationSecurityMetadataSource - Adding web access control expression [permitAll] for Ant [pattern='/swagger-ui.html']
2025-08-25 15:15:31 [main] DEBUG o.s.s.w.a.e.ExpressionBasedFilterInvocationSecurityMetadataSource - Adding web access control expression [permitAll] for Ant [pattern='/swagger-ui/**']
2025-08-25 15:15:31 [main] DEBUG o.s.s.w.a.e.ExpressionBasedFilterInvocationSecurityMetadataSource - Adding web access control expression [permitAll] for Ant [pattern='/v3/api-docs/**']
2025-08-25 15:15:31 [main] DEBUG o.s.s.w.a.e.ExpressionBasedFilterInvocationSecurityMetadataSource - Adding web access control expression [permitAll] for Ant [pattern='/webjars/**']
2025-08-25 15:15:31 [main] DEBUG o.s.s.w.a.e.ExpressionBasedFilterInvocationSecurityMetadataSource - Adding web access control expression [authenticated] for any request
2025-08-25 15:15:31 [main] INFO  o.s.s.web.DefaultSecurityFilterChain - Will secure any request with [org.springframework.security.web.context.request.async.WebAsyncManagerIntegrationFilter@21399e53, org.springframework.security.web.context.SecurityContextPersistenceFilter@102f3f05, org.springframework.security.web.header.HeaderWriterFilter@63ccb1b2, org.springframework.web.filter.CorsFilter@2a6871ad, org.springframework.security.web.authentication.logout.LogoutFilter@6ec77cab, org.springframework.security.web.savedrequest.RequestCacheAwareFilter@2a7b5925, org.springframework.security.web.servletapi.SecurityContextHolderAwareRequestFilter@36f80ceb, org.springframework.security.web.authentication.AnonymousAuthenticationFilter@260043d, org.springframework.security.web.access.ExceptionTranslationFilter@abe7d36, org.springframework.security.web.access.intercept.FilterSecurityInterceptor@4fae4c3b]
2025-08-25 15:15:32 [main] WARN  o.s.b.w.s.c.AnnotationConfigServletWebServerApplicationContext - Exception encountered during context initialization - cancelling refresh attempt: org.springframework.context.ApplicationContextException: Failed to start bean 'webServerStartStop'; nested exception is org.springframework.boot.web.server.PortInUseException: Port 8081 is already in use
2025-08-25 15:15:32 [main] INFO  o.s.o.j.LocalContainerEntityManagerFactoryBean - Closing JPA EntityManagerFactory for persistence unit 'default'
2025-08-25 15:15:32 [main] INFO  com.zaxxer.hikari.HikariDataSource - MemorinUserPool - Shutdown initiated...
2025-08-25 15:15:32 [main] INFO  com.zaxxer.hikari.HikariDataSource - MemorinUserPool - Shutdown completed.
2025-08-25 15:15:32 [main] INFO  o.a.catalina.core.StandardService - Stopping service [Tomcat]
2025-08-25 15:15:32 [main] INFO  o.s.b.a.l.ConditionEvaluationReportLoggingListener - 

Error starting ApplicationContext. To display the conditions report re-run your application with 'debug' enabled.
2025-08-25 15:15:32 [main] ERROR o.s.b.d.LoggingFailureAnalysisReporter - 

***************************
APPLICATION FAILED TO START
***************************

Description:

Web server failed to start. Port 8081 was already in use.

Action:

Identify and stop the process that's listening on port 8081 or configure this application to listen on another port.

2025-08-25 15:22:07 [main] INFO  c.a.n.c.env.SearchableProperties - properties search order:PROPERTIES->JVM->ENV->DEFAULT_SETTING
2025-08-25 15:22:07 [main] INFO  c.m.user.UserServiceApplication - Starting UserServiceApplication using Java 1.8.0_451 on WIN-C3D985L1HJN with PID 37480 (D:\CODE\Memorin-rebuild\backend\memorin-user-service\target\classes started by Mechrevo in D:\CODE\Memorin-rebuild\backend\memorin-user-service)
2025-08-25 15:22:07 [main] DEBUG c.m.user.UserServiceApplication - Running with Spring Boot v2.7.18, Spring v5.3.31
2025-08-25 15:22:07 [main] INFO  c.m.user.UserServiceApplication - No active profile set, falling back to 1 default profile: "default"
2025-08-25 15:22:07 [main] INFO  o.s.d.r.c.RepositoryConfigurationDelegate - Multiple Spring Data modules found, entering strict repository configuration mode
2025-08-25 15:22:07 [main] INFO  o.s.d.r.c.RepositoryConfigurationDelegate - Bootstrapping Spring Data JPA repositories in DEFAULT mode.
2025-08-25 15:22:07 [main] INFO  o.s.d.r.c.RepositoryConfigurationDelegate - Finished Spring Data repository scanning in 29 ms. Found 1 JPA repository interfaces.
2025-08-25 15:22:07 [main] INFO  o.s.d.r.c.RepositoryConfigurationDelegate - Multiple Spring Data modules found, entering strict repository configuration mode
2025-08-25 15:22:07 [main] INFO  o.s.d.r.c.RepositoryConfigurationDelegate - Bootstrapping Spring Data Redis repositories in DEFAULT mode.
2025-08-25 15:22:07 [main] INFO  o.s.d.r.c.RepositoryConfigurationExtensionSupport - Spring Data Redis - Could not safely identify store assignment for repository candidate interface com.memorin.user.repository.UserRepository; If you want this repository to be a Redis repository, consider annotating your entities with one of these annotations: org.springframework.data.redis.core.RedisHash (preferred), or consider extending one of the following types with your repository: org.springframework.data.keyvalue.repository.KeyValueRepository
2025-08-25 15:22:07 [main] INFO  o.s.d.r.c.RepositoryConfigurationDelegate - Finished Spring Data repository scanning in 3 ms. Found 0 Redis repository interfaces.
2025-08-25 15:22:08 [main] INFO  o.s.cloud.context.scope.GenericScope - BeanFactory id=54e36200-5f1e-3737-846c-48cc76e1cf23
2025-08-25 15:22:08 [main] INFO  o.s.b.w.e.tomcat.TomcatWebServer - Tomcat initialized with port(s): 8081 (http)
2025-08-25 15:22:08 [main] INFO  o.a.catalina.core.StandardService - Starting service [Tomcat]
2025-08-25 15:22:08 [main] INFO  o.a.catalina.core.StandardEngine - Starting Servlet engine: [Apache Tomcat/9.0.83]
2025-08-25 15:22:08 [main] INFO  o.a.c.c.C.[Tomcat].[localhost].[/] - Initializing Spring embedded WebApplicationContext
2025-08-25 15:22:08 [main] INFO  o.s.b.w.s.c.ServletWebServerApplicationContext - Root WebApplicationContext: initialization completed in 1319 ms
2025-08-25 15:22:08 [main] INFO  o.h.jpa.internal.util.LogHelper - HHH000204: Processing PersistenceUnitInfo [name: default]
2025-08-25 15:22:08 [main] INFO  org.hibernate.Version - HHH000412: Hibernate ORM core version 5.6.15.Final
2025-08-25 15:22:08 [main] INFO  o.h.annotations.common.Version - HCANN000001: Hibernate Commons Annotations {5.1.2.Final}
2025-08-25 15:22:08 [main] INFO  com.zaxxer.hikari.HikariDataSource - MemorinUserPool - Starting...
2025-08-25 15:22:08 [main] INFO  com.zaxxer.hikari.HikariDataSource - MemorinUserPool - Start completed.
2025-08-25 15:22:08 [main] INFO  org.hibernate.dialect.Dialect - HHH000400: Using dialect: org.hibernate.dialect.MySQL8Dialect
2025-08-25 15:22:09 [main] INFO  o.h.e.t.j.p.i.JtaPlatformInitiator - HHH000490: Using JtaPlatform implementation: [org.hibernate.engine.transaction.jta.platform.internal.NoJtaPlatform]
2025-08-25 15:22:09 [main] INFO  o.s.o.j.LocalContainerEntityManagerFactoryBean - Initialized JPA EntityManagerFactory for persistence unit 'default'
2025-08-25 15:22:09 [main] WARN  o.s.b.a.s.s.UserDetailsServiceAutoConfiguration - 

Using generated security password: bdb2d47d-388f-4251-b61c-7399d7c9c8cd

This generated password is for development use only. Your security configuration must be updated before running your application in production.

2025-08-25 15:22:10 [main] INFO  o.s.b.a.e.web.EndpointLinksResolver - Exposing 3 endpoint(s) beneath base path '/actuator'
2025-08-25 15:22:10 [main] DEBUG o.s.s.w.a.e.ExpressionBasedFilterInvocationSecurityMetadataSource - Adding web access control expression [permitAll] for Ant [pattern='/actuator/**']
2025-08-25 15:22:10 [main] DEBUG o.s.s.w.a.e.ExpressionBasedFilterInvocationSecurityMetadataSource - Adding web access control expression [permitAll] for Ant [pattern='/test/**']
2025-08-25 15:22:10 [main] DEBUG o.s.s.w.a.e.ExpressionBasedFilterInvocationSecurityMetadataSource - Adding web access control expression [permitAll] for Ant [pattern='/auth/**']
2025-08-25 15:22:10 [main] DEBUG o.s.s.w.a.e.ExpressionBasedFilterInvocationSecurityMetadataSource - Adding web access control expression [permitAll] for Ant [pattern='/h2-console/**']
2025-08-25 15:22:10 [main] DEBUG o.s.s.w.a.e.ExpressionBasedFilterInvocationSecurityMetadataSource - Adding web access control expression [permitAll] for Ant [pattern='/error']
2025-08-25 15:22:10 [main] DEBUG o.s.s.w.a.e.ExpressionBasedFilterInvocationSecurityMetadataSource - Adding web access control expression [permitAll] for Ant [pattern='/swagger-ui.html']
2025-08-25 15:22:10 [main] DEBUG o.s.s.w.a.e.ExpressionBasedFilterInvocationSecurityMetadataSource - Adding web access control expression [permitAll] for Ant [pattern='/swagger-ui/**']
2025-08-25 15:22:10 [main] DEBUG o.s.s.w.a.e.ExpressionBasedFilterInvocationSecurityMetadataSource - Adding web access control expression [permitAll] for Ant [pattern='/v3/api-docs/**']
2025-08-25 15:22:10 [main] DEBUG o.s.s.w.a.e.ExpressionBasedFilterInvocationSecurityMetadataSource - Adding web access control expression [permitAll] for Ant [pattern='/webjars/**']
2025-08-25 15:22:10 [main] DEBUG o.s.s.w.a.e.ExpressionBasedFilterInvocationSecurityMetadataSource - Adding web access control expression [authenticated] for any request
2025-08-25 15:22:10 [main] INFO  o.s.s.web.DefaultSecurityFilterChain - Will secure any request with [org.springframework.security.web.context.request.async.WebAsyncManagerIntegrationFilter@3dcf6026, org.springframework.security.web.context.SecurityContextPersistenceFilter@740fccd2, org.springframework.security.web.header.HeaderWriterFilter@3e0a112f, org.springframework.web.filter.CorsFilter@930911e, org.springframework.security.web.authentication.logout.LogoutFilter@7a74672, org.springframework.security.web.savedrequest.RequestCacheAwareFilter@63ccb1b2, org.springframework.security.web.servletapi.SecurityContextHolderAwareRequestFilter@6c9b6332, org.springframework.security.web.authentication.AnonymousAuthenticationFilter@2bd158ea, org.springframework.security.web.access.ExceptionTranslationFilter@7bd7c4cf, org.springframework.security.web.access.intercept.FilterSecurityInterceptor@690c3b1f]
2025-08-25 15:22:10 [main] WARN  o.s.b.w.s.c.AnnotationConfigServletWebServerApplicationContext - Exception encountered during context initialization - cancelling refresh attempt: org.springframework.context.ApplicationContextException: Failed to start bean 'webServerStartStop'; nested exception is org.springframework.boot.web.server.PortInUseException: Port 8081 is already in use
2025-08-25 15:22:10 [main] INFO  o.s.o.j.LocalContainerEntityManagerFactoryBean - Closing JPA EntityManagerFactory for persistence unit 'default'
2025-08-25 15:22:10 [main] INFO  com.zaxxer.hikari.HikariDataSource - MemorinUserPool - Shutdown initiated...
2025-08-25 15:22:10 [main] INFO  com.zaxxer.hikari.HikariDataSource - MemorinUserPool - Shutdown completed.
2025-08-25 15:22:10 [main] INFO  o.a.catalina.core.StandardService - Stopping service [Tomcat]
2025-08-25 15:22:10 [main] INFO  o.s.b.a.l.ConditionEvaluationReportLoggingListener - 

Error starting ApplicationContext. To display the conditions report re-run your application with 'debug' enabled.
2025-08-25 15:22:10 [main] ERROR o.s.b.d.LoggingFailureAnalysisReporter - 

***************************
APPLICATION FAILED TO START
***************************

Description:

Web server failed to start. Port 8081 was already in use.

Action:

Identify and stop the process that's listening on port 8081 or configure this application to listen on another port.

2025-08-25 18:34:42 [http-nio-8081-exec-4] DEBUG o.s.security.web.FilterChainProxy - Securing GET /swagger-ui.html
2025-08-25 18:34:42 [http-nio-8081-exec-4] DEBUG o.s.s.w.c.SecurityContextPersistenceFilter - Set SecurityContextHolder to empty SecurityContext
2025-08-25 18:34:42 [http-nio-8081-exec-4] DEBUG o.s.w.s.m.m.a.RequestMappingHandlerMapping - Mapped to org.springdoc.webmvc.ui.SwaggerWelcomeWebMvc#redirectToUi(HttpServletRequest)
2025-08-25 18:34:42 [http-nio-8081-exec-4] DEBUG o.s.s.w.a.AnonymousAuthenticationFilter - Set SecurityContextHolder to anonymous SecurityContext
2025-08-25 18:34:42 [http-nio-8081-exec-4] DEBUG o.s.s.w.a.i.FilterSecurityInterceptor - Authorized filter invocation [GET /swagger-ui.html] with attributes [permitAll]
2025-08-25 18:34:42 [http-nio-8081-exec-4] DEBUG o.s.security.web.FilterChainProxy - Secured GET /swagger-ui.html
2025-08-25 18:34:42 [http-nio-8081-exec-4] DEBUG o.s.web.servlet.DispatcherServlet - GET "/swagger-ui.html", parameters={}
2025-08-25 18:34:42 [http-nio-8081-exec-4] DEBUG o.s.w.s.m.m.a.RequestMappingHandlerMapping - Mapped to org.springdoc.webmvc.ui.SwaggerWelcomeWebMvc#redirectToUi(HttpServletRequest)
2025-08-25 18:34:42 [http-nio-8081-exec-4] DEBUG o.s.w.s.m.m.a.HttpEntityMethodProcessor - Using 'application/json;q=0.8', given [text/html, application/xhtml+xml, application/xml;q=0.9, */*;q=0.8] and supported [application/json, application/*+json, application/json, application/*+json]
2025-08-25 18:34:42 [http-nio-8081-exec-4] DEBUG o.s.w.s.m.m.a.HttpEntityMethodProcessor - Nothing to write: null body
2025-08-25 18:34:42 [http-nio-8081-exec-4] DEBUG o.s.web.servlet.DispatcherServlet - Completed 302 FOUND
2025-08-25 18:34:42 [http-nio-8081-exec-4] DEBUG o.s.s.w.c.HttpSessionSecurityContextRepository - Did not store anonymous SecurityContext
2025-08-25 18:34:42 [http-nio-8081-exec-4] DEBUG o.s.s.w.c.SecurityContextPersistenceFilter - Cleared SecurityContextHolder to complete request
2025-08-25 18:34:42 [http-nio-8081-exec-9] DEBUG o.s.security.web.FilterChainProxy - Securing GET /swagger-ui/index.html
2025-08-25 18:34:42 [http-nio-8081-exec-9] DEBUG o.s.s.w.c.SecurityContextPersistenceFilter - Set SecurityContextHolder to empty SecurityContext
2025-08-25 18:34:42 [http-nio-8081-exec-9] DEBUG o.s.w.s.h.SimpleUrlHandlerMapping - Mapped to ResourceHttpRequestHandler [classpath [META-INF/resources/webjars/]]
2025-08-25 18:34:42 [http-nio-8081-exec-9] DEBUG o.s.s.w.a.AnonymousAuthenticationFilter - Set SecurityContextHolder to anonymous SecurityContext
2025-08-25 18:34:42 [http-nio-8081-exec-9] DEBUG o.s.s.w.a.i.FilterSecurityInterceptor - Authorized filter invocation [GET /swagger-ui/index.html] with attributes [permitAll]
2025-08-25 18:34:42 [http-nio-8081-exec-9] DEBUG o.s.security.web.FilterChainProxy - Secured GET /swagger-ui/index.html
2025-08-25 18:34:42 [http-nio-8081-exec-9] DEBUG o.s.web.servlet.DispatcherServlet - GET "/swagger-ui/index.html", parameters={}
2025-08-25 18:34:42 [http-nio-8081-exec-9] DEBUG o.s.w.s.h.SimpleUrlHandlerMapping - Mapped to ResourceHttpRequestHandler [classpath [META-INF/resources/webjars/]]
2025-08-25 18:34:42 [http-nio-8081-exec-9] DEBUG o.s.s.w.c.HttpSessionSecurityContextRepository - Did not store anonymous SecurityContext
2025-08-25 18:34:42 [http-nio-8081-exec-9] DEBUG o.s.web.servlet.DispatcherServlet - Completed 200 OK
2025-08-25 18:34:42 [http-nio-8081-exec-9] DEBUG o.s.s.w.c.HttpSessionSecurityContextRepository - Did not store anonymous SecurityContext
2025-08-25 18:34:42 [http-nio-8081-exec-9] DEBUG o.s.s.w.c.SecurityContextPersistenceFilter - Cleared SecurityContextHolder to complete request
2025-08-25 18:34:42 [http-nio-8081-exec-10] DEBUG o.s.security.web.FilterChainProxy - Securing GET /swagger-ui/swagger-ui.css
2025-08-25 18:34:42 [http-nio-8081-exec-10] DEBUG o.s.s.w.c.SecurityContextPersistenceFilter - Set SecurityContextHolder to empty SecurityContext
2025-08-25 18:34:42 [http-nio-8081-exec-10] DEBUG o.s.w.s.h.SimpleUrlHandlerMapping - Mapped to ResourceHttpRequestHandler [classpath [META-INF/resources/webjars/]]
2025-08-25 18:34:42 [http-nio-8081-exec-10] DEBUG o.s.s.w.a.AnonymousAuthenticationFilter - Set SecurityContextHolder to anonymous SecurityContext
2025-08-25 18:34:42 [http-nio-8081-exec-10] DEBUG o.s.s.w.a.i.FilterSecurityInterceptor - Authorized filter invocation [GET /swagger-ui/swagger-ui.css] with attributes [permitAll]
2025-08-25 18:34:42 [http-nio-8081-exec-10] DEBUG o.s.security.web.FilterChainProxy - Secured GET /swagger-ui/swagger-ui.css
2025-08-25 18:34:42 [http-nio-8081-exec-10] DEBUG o.s.web.servlet.DispatcherServlet - GET "/swagger-ui/swagger-ui.css", parameters={}
2025-08-25 18:34:42 [http-nio-8081-exec-10] DEBUG o.s.w.s.h.SimpleUrlHandlerMapping - Mapped to ResourceHttpRequestHandler [classpath [META-INF/resources/webjars/]]
2025-08-25 18:34:42 [http-nio-8081-exec-10] DEBUG o.s.s.w.c.HttpSessionSecurityContextRepository - Did not store anonymous SecurityContext
2025-08-25 18:34:42 [http-nio-8081-exec-10] DEBUG o.s.web.servlet.DispatcherServlet - Completed 200 OK
2025-08-25 18:34:42 [http-nio-8081-exec-10] DEBUG o.s.s.w.c.HttpSessionSecurityContextRepository - Did not store anonymous SecurityContext
2025-08-25 18:34:42 [http-nio-8081-exec-10] DEBUG o.s.s.w.c.SecurityContextPersistenceFilter - Cleared SecurityContextHolder to complete request
2025-08-25 18:34:42 [http-nio-8081-exec-1] DEBUG o.s.security.web.FilterChainProxy - Securing GET /swagger-ui/index.css
2025-08-25 18:34:42 [http-nio-8081-exec-1] DEBUG o.s.s.w.c.SecurityContextPersistenceFilter - Set SecurityContextHolder to empty SecurityContext
2025-08-25 18:34:42 [http-nio-8081-exec-1] DEBUG o.s.w.s.h.SimpleUrlHandlerMapping - Mapped to ResourceHttpRequestHandler [classpath [META-INF/resources/webjars/]]
2025-08-25 18:34:42 [http-nio-8081-exec-1] DEBUG o.s.s.w.a.AnonymousAuthenticationFilter - Set SecurityContextHolder to anonymous SecurityContext
2025-08-25 18:34:42 [http-nio-8081-exec-1] DEBUG o.s.s.w.a.i.FilterSecurityInterceptor - Authorized filter invocation [GET /swagger-ui/index.css] with attributes [permitAll]
2025-08-25 18:34:42 [http-nio-8081-exec-1] DEBUG o.s.security.web.FilterChainProxy - Secured GET /swagger-ui/index.css
2025-08-25 18:34:42 [http-nio-8081-exec-1] DEBUG o.s.web.servlet.DispatcherServlet - GET "/swagger-ui/index.css", parameters={}
2025-08-25 18:34:42 [http-nio-8081-exec-1] DEBUG o.s.w.s.h.SimpleUrlHandlerMapping - Mapped to ResourceHttpRequestHandler [classpath [META-INF/resources/webjars/]]
2025-08-25 18:34:42 [http-nio-8081-exec-1] DEBUG o.s.s.w.c.HttpSessionSecurityContextRepository - Did not store anonymous SecurityContext
2025-08-25 18:34:42 [http-nio-8081-exec-1] DEBUG o.s.web.servlet.DispatcherServlet - Completed 200 OK
2025-08-25 18:34:42 [http-nio-8081-exec-1] DEBUG o.s.s.w.c.HttpSessionSecurityContextRepository - Did not store anonymous SecurityContext
2025-08-25 18:34:42 [http-nio-8081-exec-1] DEBUG o.s.s.w.c.SecurityContextPersistenceFilter - Cleared SecurityContextHolder to complete request
2025-08-25 18:34:42 [http-nio-8081-exec-2] DEBUG o.s.security.web.FilterChainProxy - Securing GET /swagger-ui/swagger-ui-bundle.js
2025-08-25 18:34:42 [http-nio-8081-exec-2] DEBUG o.s.s.w.c.SecurityContextPersistenceFilter - Set SecurityContextHolder to empty SecurityContext
2025-08-25 18:34:42 [http-nio-8081-exec-2] DEBUG o.s.w.s.h.SimpleUrlHandlerMapping - Mapped to ResourceHttpRequestHandler [classpath [META-INF/resources/webjars/]]
2025-08-25 18:34:42 [http-nio-8081-exec-2] DEBUG o.s.s.w.a.AnonymousAuthenticationFilter - Set SecurityContextHolder to anonymous SecurityContext
2025-08-25 18:34:42 [http-nio-8081-exec-3] DEBUG o.s.security.web.FilterChainProxy - Securing GET /swagger-ui/swagger-ui-standalone-preset.js
2025-08-25 18:34:42 [http-nio-8081-exec-3] DEBUG o.s.s.w.c.SecurityContextPersistenceFilter - Set SecurityContextHolder to empty SecurityContext
2025-08-25 18:34:42 [http-nio-8081-exec-3] DEBUG o.s.w.s.h.SimpleUrlHandlerMapping - Mapped to ResourceHttpRequestHandler [classpath [META-INF/resources/webjars/]]
2025-08-25 18:34:42 [http-nio-8081-exec-8] DEBUG o.s.security.web.FilterChainProxy - Securing GET /swagger-ui/swagger-initializer.js
2025-08-25 18:34:42 [http-nio-8081-exec-3] DEBUG o.s.s.w.a.AnonymousAuthenticationFilter - Set SecurityContextHolder to anonymous SecurityContext
2025-08-25 18:34:42 [http-nio-8081-exec-2] DEBUG o.s.s.w.a.i.FilterSecurityInterceptor - Authorized filter invocation [GET /swagger-ui/swagger-ui-bundle.js] with attributes [permitAll]
2025-08-25 18:34:42 [http-nio-8081-exec-8] DEBUG o.s.s.w.c.SecurityContextPersistenceFilter - Set SecurityContextHolder to empty SecurityContext
2025-08-25 18:34:42 [http-nio-8081-exec-2] DEBUG o.s.security.web.FilterChainProxy - Secured GET /swagger-ui/swagger-ui-bundle.js
2025-08-25 18:34:42 [http-nio-8081-exec-3] DEBUG o.s.s.w.a.i.FilterSecurityInterceptor - Authorized filter invocation [GET /swagger-ui/swagger-ui-standalone-preset.js] with attributes [permitAll]
2025-08-25 18:34:42 [http-nio-8081-exec-2] DEBUG o.s.web.servlet.DispatcherServlet - GET "/swagger-ui/swagger-ui-bundle.js", parameters={}
2025-08-25 18:34:42 [http-nio-8081-exec-8] DEBUG o.s.w.s.h.SimpleUrlHandlerMapping - Mapped to ResourceHttpRequestHandler [classpath [META-INF/resources/webjars/]]
2025-08-25 18:34:42 [http-nio-8081-exec-3] DEBUG o.s.security.web.FilterChainProxy - Secured GET /swagger-ui/swagger-ui-standalone-preset.js
2025-08-25 18:34:42 [http-nio-8081-exec-3] DEBUG o.s.web.servlet.DispatcherServlet - GET "/swagger-ui/swagger-ui-standalone-preset.js", parameters={}
2025-08-25 18:34:42 [http-nio-8081-exec-8] DEBUG o.s.s.w.a.AnonymousAuthenticationFilter - Set SecurityContextHolder to anonymous SecurityContext
2025-08-25 18:34:42 [http-nio-8081-exec-2] DEBUG o.s.w.s.h.SimpleUrlHandlerMapping - Mapped to ResourceHttpRequestHandler [classpath [META-INF/resources/webjars/]]
2025-08-25 18:34:42 [http-nio-8081-exec-3] DEBUG o.s.w.s.h.SimpleUrlHandlerMapping - Mapped to ResourceHttpRequestHandler [classpath [META-INF/resources/webjars/]]
2025-08-25 18:34:42 [http-nio-8081-exec-8] DEBUG o.s.s.w.a.i.FilterSecurityInterceptor - Authorized filter invocation [GET /swagger-ui/swagger-initializer.js] with attributes [permitAll]
2025-08-25 18:34:42 [http-nio-8081-exec-8] DEBUG o.s.security.web.FilterChainProxy - Secured GET /swagger-ui/swagger-initializer.js
2025-08-25 18:34:42 [http-nio-8081-exec-8] DEBUG o.s.web.servlet.DispatcherServlet - GET "/swagger-ui/swagger-initializer.js", parameters={}
2025-08-25 18:34:42 [http-nio-8081-exec-8] DEBUG o.s.w.s.h.SimpleUrlHandlerMapping - Mapped to ResourceHttpRequestHandler [classpath [META-INF/resources/webjars/]]
2025-08-25 18:34:42 [http-nio-8081-exec-2] DEBUG o.s.s.w.c.HttpSessionSecurityContextRepository - Did not store anonymous SecurityContext
2025-08-25 18:34:42 [http-nio-8081-exec-3] DEBUG o.s.s.w.c.HttpSessionSecurityContextRepository - Did not store anonymous SecurityContext
2025-08-25 18:34:42 [http-nio-8081-exec-3] DEBUG o.s.web.servlet.DispatcherServlet - Completed 200 OK
2025-08-25 18:34:42 [http-nio-8081-exec-3] DEBUG o.s.s.w.c.HttpSessionSecurityContextRepository - Did not store anonymous SecurityContext
2025-08-25 18:34:42 [http-nio-8081-exec-3] DEBUG o.s.s.w.c.SecurityContextPersistenceFilter - Cleared SecurityContextHolder to complete request
2025-08-25 18:34:42 [http-nio-8081-exec-8] DEBUG o.s.s.w.c.HttpSessionSecurityContextRepository - Did not store anonymous SecurityContext
2025-08-25 18:34:42 [http-nio-8081-exec-8] DEBUG o.s.web.servlet.DispatcherServlet - Completed 200 OK
2025-08-25 18:34:42 [http-nio-8081-exec-8] DEBUG o.s.s.w.c.HttpSessionSecurityContextRepository - Did not store anonymous SecurityContext
2025-08-25 18:34:42 [http-nio-8081-exec-2] DEBUG o.s.web.servlet.DispatcherServlet - Completed 200 OK
2025-08-25 18:34:42 [http-nio-8081-exec-8] DEBUG o.s.s.w.c.SecurityContextPersistenceFilter - Cleared SecurityContextHolder to complete request
2025-08-25 18:34:42 [http-nio-8081-exec-2] DEBUG o.s.s.w.c.HttpSessionSecurityContextRepository - Did not store anonymous SecurityContext
2025-08-25 18:34:42 [http-nio-8081-exec-2] DEBUG o.s.s.w.c.SecurityContextPersistenceFilter - Cleared SecurityContextHolder to complete request
2025-08-25 18:34:42 [http-nio-8081-exec-5] DEBUG o.s.security.web.FilterChainProxy - Securing GET /swagger-ui/favicon-32x32.png
2025-08-25 18:34:42 [http-nio-8081-exec-5] DEBUG o.s.s.w.c.SecurityContextPersistenceFilter - Set SecurityContextHolder to empty SecurityContext
2025-08-25 18:34:42 [http-nio-8081-exec-5] DEBUG o.s.w.s.h.SimpleUrlHandlerMapping - Mapped to ResourceHttpRequestHandler [classpath [META-INF/resources/webjars/]]
2025-08-25 18:34:42 [http-nio-8081-exec-5] DEBUG o.s.s.w.a.AnonymousAuthenticationFilter - Set SecurityContextHolder to anonymous SecurityContext
2025-08-25 18:34:42 [http-nio-8081-exec-5] DEBUG o.s.s.w.a.i.FilterSecurityInterceptor - Authorized filter invocation [GET /swagger-ui/favicon-32x32.png] with attributes [permitAll]
2025-08-25 18:34:42 [http-nio-8081-exec-5] DEBUG o.s.security.web.FilterChainProxy - Secured GET /swagger-ui/favicon-32x32.png
2025-08-25 18:34:42 [http-nio-8081-exec-5] DEBUG o.s.web.servlet.DispatcherServlet - GET "/swagger-ui/favicon-32x32.png", parameters={}
2025-08-25 18:34:42 [http-nio-8081-exec-5] DEBUG o.s.w.s.h.SimpleUrlHandlerMapping - Mapped to ResourceHttpRequestHandler [classpath [META-INF/resources/webjars/]]
2025-08-25 18:34:42 [http-nio-8081-exec-5] DEBUG o.s.s.w.c.HttpSessionSecurityContextRepository - Did not store anonymous SecurityContext
2025-08-25 18:34:42 [http-nio-8081-exec-5] DEBUG o.s.web.servlet.DispatcherServlet - Completed 200 OK
2025-08-25 18:34:42 [http-nio-8081-exec-5] DEBUG o.s.s.w.c.HttpSessionSecurityContextRepository - Did not store anonymous SecurityContext
2025-08-25 18:34:42 [http-nio-8081-exec-5] DEBUG o.s.s.w.c.SecurityContextPersistenceFilter - Cleared SecurityContextHolder to complete request
2025-08-25 18:34:42 [http-nio-8081-exec-6] DEBUG o.s.security.web.FilterChainProxy - Securing GET /v3/api-docs/swagger-config
2025-08-25 18:34:42 [http-nio-8081-exec-6] DEBUG o.s.s.w.c.SecurityContextPersistenceFilter - Set SecurityContextHolder to empty SecurityContext
2025-08-25 18:34:42 [http-nio-8081-exec-6] DEBUG o.s.w.s.m.m.a.RequestMappingHandlerMapping - Mapped to org.springdoc.webmvc.ui.SwaggerConfigResource#openapiJson(HttpServletRequest)
2025-08-25 18:34:42 [http-nio-8081-exec-6] DEBUG o.s.s.w.a.AnonymousAuthenticationFilter - Set SecurityContextHolder to anonymous SecurityContext
2025-08-25 18:34:42 [http-nio-8081-exec-6] DEBUG o.s.s.w.a.i.FilterSecurityInterceptor - Authorized filter invocation [GET /v3/api-docs/swagger-config] with attributes [permitAll]
2025-08-25 18:34:42 [http-nio-8081-exec-6] DEBUG o.s.security.web.FilterChainProxy - Secured GET /v3/api-docs/swagger-config
2025-08-25 18:34:42 [http-nio-8081-exec-6] DEBUG o.s.web.servlet.DispatcherServlet - GET "/v3/api-docs/swagger-config", parameters={}
2025-08-25 18:34:42 [http-nio-8081-exec-6] DEBUG o.s.w.s.m.m.a.RequestMappingHandlerMapping - Mapped to org.springdoc.webmvc.ui.SwaggerConfigResource#openapiJson(HttpServletRequest)
2025-08-25 18:34:42 [http-nio-8081-exec-6] DEBUG o.s.w.s.m.m.a.RequestResponseBodyMethodProcessor - Using 'application/json', given [*/*] and supported [application/json]
2025-08-25 18:34:42 [http-nio-8081-exec-6] DEBUG o.s.w.s.m.m.a.RequestResponseBodyMethodProcessor - Writing [{configUrl=/v3/api-docs/swagger-config, oauth2RedirectUrl=http://localhost:8081/swagger-ui/oauth2-re (truncated)...]
2025-08-25 18:34:42 [http-nio-8081-exec-6] DEBUG o.s.s.w.c.HttpSessionSecurityContextRepository - Did not store anonymous SecurityContext
2025-08-25 18:34:42 [http-nio-8081-exec-6] DEBUG o.s.web.servlet.DispatcherServlet - Completed 200 OK
2025-08-25 18:34:42 [http-nio-8081-exec-6] DEBUG o.s.s.w.c.HttpSessionSecurityContextRepository - Did not store anonymous SecurityContext
2025-08-25 18:34:42 [http-nio-8081-exec-6] DEBUG o.s.s.w.c.SecurityContextPersistenceFilter - Cleared SecurityContextHolder to complete request
2025-08-25 18:34:43 [http-nio-8081-exec-7] DEBUG o.s.security.web.FilterChainProxy - Securing GET /v3/api-docs
2025-08-25 18:34:43 [http-nio-8081-exec-7] DEBUG o.s.s.w.c.SecurityContextPersistenceFilter - Set SecurityContextHolder to empty SecurityContext
2025-08-25 18:34:43 [http-nio-8081-exec-7] DEBUG o.s.w.s.m.m.a.RequestMappingHandlerMapping - Mapped to org.springdoc.webmvc.api.OpenApiWebMvcResource#openapiJson(HttpServletRequest, String, Locale)
2025-08-25 18:34:43 [http-nio-8081-exec-7] DEBUG o.s.s.w.a.AnonymousAuthenticationFilter - Set SecurityContextHolder to anonymous SecurityContext
2025-08-25 18:34:43 [http-nio-8081-exec-7] DEBUG o.s.s.w.a.i.FilterSecurityInterceptor - Authorized filter invocation [GET /v3/api-docs] with attributes [permitAll]
2025-08-25 18:34:43 [http-nio-8081-exec-7] DEBUG o.s.security.web.FilterChainProxy - Secured GET /v3/api-docs
2025-08-25 18:34:43 [http-nio-8081-exec-7] DEBUG o.s.web.servlet.DispatcherServlet - GET "/v3/api-docs", parameters={}
2025-08-25 18:34:43 [http-nio-8081-exec-7] DEBUG o.s.w.s.m.m.a.RequestMappingHandlerMapping - Mapped to org.springdoc.webmvc.api.OpenApiWebMvcResource#openapiJson(HttpServletRequest, String, Locale)
2025-08-25 18:34:43 [http-nio-8081-exec-7] DEBUG o.s.w.s.m.m.a.RequestResponseBodyMethodProcessor - Using 'application/json', given [application/json, */*] and supported [application/json]
2025-08-25 18:34:43 [http-nio-8081-exec-7] DEBUG o.s.w.s.m.m.a.RequestResponseBodyMethodProcessor - Writing [{123, 34, 111, 112, 101, 110, 97, 112, 105, 34, 58, 34, 51, 46, 48, 46, 49, 34, 44, 34, 105, 110, 10 (truncated)...]
2025-08-25 18:34:43 [http-nio-8081-exec-7] DEBUG o.s.s.w.c.HttpSessionSecurityContextRepository - Did not store anonymous SecurityContext
2025-08-25 18:34:43 [http-nio-8081-exec-7] DEBUG o.s.web.servlet.DispatcherServlet - Completed 200 OK
2025-08-25 18:34:43 [http-nio-8081-exec-7] DEBUG o.s.s.w.c.HttpSessionSecurityContextRepository - Did not store anonymous SecurityContext
2025-08-25 18:34:43 [http-nio-8081-exec-7] DEBUG o.s.s.w.c.SecurityContextPersistenceFilter - Cleared SecurityContextHolder to complete request
2025-08-25 18:34:46 [http-nio-8081-exec-4] DEBUG o.s.security.web.FilterChainProxy - Securing GET /swagger-ui/index.html
2025-08-25 18:34:46 [http-nio-8081-exec-4] DEBUG o.s.s.w.c.SecurityContextPersistenceFilter - Set SecurityContextHolder to empty SecurityContext
2025-08-25 18:34:46 [http-nio-8081-exec-4] DEBUG o.s.w.s.h.SimpleUrlHandlerMapping - Mapped to ResourceHttpRequestHandler [classpath [META-INF/resources/webjars/]]
2025-08-25 18:34:46 [http-nio-8081-exec-4] DEBUG o.s.s.w.a.AnonymousAuthenticationFilter - Set SecurityContextHolder to anonymous SecurityContext
2025-08-25 18:34:46 [http-nio-8081-exec-4] DEBUG o.s.s.w.a.i.FilterSecurityInterceptor - Authorized filter invocation [GET /swagger-ui/index.html] with attributes [permitAll]
2025-08-25 18:34:46 [http-nio-8081-exec-4] DEBUG o.s.security.web.FilterChainProxy - Secured GET /swagger-ui/index.html
2025-08-25 18:34:46 [http-nio-8081-exec-4] DEBUG o.s.web.servlet.DispatcherServlet - GET "/swagger-ui/index.html", parameters={}
2025-08-25 18:34:46 [http-nio-8081-exec-4] DEBUG o.s.w.s.h.SimpleUrlHandlerMapping - Mapped to ResourceHttpRequestHandler [classpath [META-INF/resources/webjars/]]
2025-08-25 18:34:46 [http-nio-8081-exec-4] DEBUG o.s.s.w.c.HttpSessionSecurityContextRepository - Did not store anonymous SecurityContext
2025-08-25 18:34:46 [http-nio-8081-exec-4] DEBUG o.s.web.servlet.DispatcherServlet - Completed 200 OK
2025-08-25 18:34:46 [http-nio-8081-exec-4] DEBUG o.s.s.w.c.HttpSessionSecurityContextRepository - Did not store anonymous SecurityContext
2025-08-25 18:34:46 [http-nio-8081-exec-4] DEBUG o.s.s.w.c.SecurityContextPersistenceFilter - Cleared SecurityContextHolder to complete request
2025-08-25 18:34:46 [http-nio-8081-exec-9] DEBUG o.s.security.web.FilterChainProxy - Securing GET /swagger-ui/swagger-ui.css
2025-08-25 18:34:46 [http-nio-8081-exec-9] DEBUG o.s.s.w.c.SecurityContextPersistenceFilter - Set SecurityContextHolder to empty SecurityContext
2025-08-25 18:34:46 [http-nio-8081-exec-10] DEBUG o.s.security.web.FilterChainProxy - Securing GET /swagger-ui/index.css
2025-08-25 18:34:46 [http-nio-8081-exec-10] DEBUG o.s.s.w.c.SecurityContextPersistenceFilter - Set SecurityContextHolder to empty SecurityContext
2025-08-25 18:34:46 [http-nio-8081-exec-9] DEBUG o.s.w.s.h.SimpleUrlHandlerMapping - Mapped to ResourceHttpRequestHandler [classpath [META-INF/resources/webjars/]]
2025-08-25 18:34:46 [http-nio-8081-exec-9] DEBUG o.s.s.w.a.AnonymousAuthenticationFilter - Set SecurityContextHolder to anonymous SecurityContext
2025-08-25 18:34:46 [http-nio-8081-exec-10] DEBUG o.s.w.s.h.SimpleUrlHandlerMapping - Mapped to ResourceHttpRequestHandler [classpath [META-INF/resources/webjars/]]
2025-08-25 18:34:46 [http-nio-8081-exec-10] DEBUG o.s.s.w.a.AnonymousAuthenticationFilter - Set SecurityContextHolder to anonymous SecurityContext
2025-08-25 18:34:46 [http-nio-8081-exec-1] DEBUG o.s.security.web.FilterChainProxy - Securing GET /swagger-ui/swagger-ui-bundle.js
2025-08-25 18:34:46 [http-nio-8081-exec-9] DEBUG o.s.s.w.a.i.FilterSecurityInterceptor - Authorized filter invocation [GET /swagger-ui/swagger-ui.css] with attributes [permitAll]
2025-08-25 18:34:46 [http-nio-8081-exec-1] DEBUG o.s.s.w.c.SecurityContextPersistenceFilter - Set SecurityContextHolder to empty SecurityContext
2025-08-25 18:34:46 [http-nio-8081-exec-10] DEBUG o.s.s.w.a.i.FilterSecurityInterceptor - Authorized filter invocation [GET /swagger-ui/index.css] with attributes [permitAll]
2025-08-25 18:34:46 [http-nio-8081-exec-9] DEBUG o.s.security.web.FilterChainProxy - Secured GET /swagger-ui/swagger-ui.css
2025-08-25 18:34:46 [http-nio-8081-exec-10] DEBUG o.s.security.web.FilterChainProxy - Secured GET /swagger-ui/index.css
2025-08-25 18:34:46 [http-nio-8081-exec-10] DEBUG o.s.web.servlet.DispatcherServlet - GET "/swagger-ui/index.css", parameters={}
2025-08-25 18:34:46 [http-nio-8081-exec-9] DEBUG o.s.web.servlet.DispatcherServlet - GET "/swagger-ui/swagger-ui.css", parameters={}
2025-08-25 18:34:46 [http-nio-8081-exec-1] DEBUG o.s.w.s.h.SimpleUrlHandlerMapping - Mapped to ResourceHttpRequestHandler [classpath [META-INF/resources/webjars/]]
2025-08-25 18:34:46 [http-nio-8081-exec-3] DEBUG o.s.security.web.FilterChainProxy - Securing GET /swagger-ui/swagger-ui-standalone-preset.js
2025-08-25 18:34:46 [http-nio-8081-exec-2] DEBUG o.s.security.web.FilterChainProxy - Securing GET /swagger-ui/swagger-initializer.js
2025-08-25 18:34:46 [http-nio-8081-exec-9] DEBUG o.s.w.s.h.SimpleUrlHandlerMapping - Mapped to ResourceHttpRequestHandler [classpath [META-INF/resources/webjars/]]
2025-08-25 18:34:46 [http-nio-8081-exec-1] DEBUG o.s.s.w.a.AnonymousAuthenticationFilter - Set SecurityContextHolder to anonymous SecurityContext
2025-08-25 18:34:46 [http-nio-8081-exec-2] DEBUG o.s.s.w.c.SecurityContextPersistenceFilter - Set SecurityContextHolder to empty SecurityContext
2025-08-25 18:34:46 [http-nio-8081-exec-3] DEBUG o.s.s.w.c.SecurityContextPersistenceFilter - Set SecurityContextHolder to empty SecurityContext
2025-08-25 18:34:46 [http-nio-8081-exec-2] DEBUG o.s.w.s.h.SimpleUrlHandlerMapping - Mapped to ResourceHttpRequestHandler [classpath [META-INF/resources/webjars/]]
2025-08-25 18:34:46 [http-nio-8081-exec-1] DEBUG o.s.s.w.a.i.FilterSecurityInterceptor - Authorized filter invocation [GET /swagger-ui/swagger-ui-bundle.js] with attributes [permitAll]
2025-08-25 18:34:46 [http-nio-8081-exec-2] DEBUG o.s.s.w.a.AnonymousAuthenticationFilter - Set SecurityContextHolder to anonymous SecurityContext
2025-08-25 18:34:46 [http-nio-8081-exec-1] DEBUG o.s.security.web.FilterChainProxy - Secured GET /swagger-ui/swagger-ui-bundle.js
2025-08-25 18:34:46 [http-nio-8081-exec-10] DEBUG o.s.w.s.h.SimpleUrlHandlerMapping - Mapped to ResourceHttpRequestHandler [classpath [META-INF/resources/webjars/]]
2025-08-25 18:34:46 [http-nio-8081-exec-1] DEBUG o.s.web.servlet.DispatcherServlet - GET "/swagger-ui/swagger-ui-bundle.js", parameters={}
2025-08-25 18:34:46 [http-nio-8081-exec-2] DEBUG o.s.s.w.a.i.FilterSecurityInterceptor - Authorized filter invocation [GET /swagger-ui/swagger-initializer.js] with attributes [permitAll]
2025-08-25 18:34:46 [http-nio-8081-exec-3] DEBUG o.s.w.s.h.SimpleUrlHandlerMapping - Mapped to ResourceHttpRequestHandler [classpath [META-INF/resources/webjars/]]
2025-08-25 18:34:46 [http-nio-8081-exec-2] DEBUG o.s.security.web.FilterChainProxy - Secured GET /swagger-ui/swagger-initializer.js
2025-08-25 18:34:46 [http-nio-8081-exec-3] DEBUG o.s.s.w.a.AnonymousAuthenticationFilter - Set SecurityContextHolder to anonymous SecurityContext
2025-08-25 18:34:46 [http-nio-8081-exec-1] DEBUG o.s.w.s.h.SimpleUrlHandlerMapping - Mapped to ResourceHttpRequestHandler [classpath [META-INF/resources/webjars/]]
2025-08-25 18:34:46 [http-nio-8081-exec-2] DEBUG o.s.web.servlet.DispatcherServlet - GET "/swagger-ui/swagger-initializer.js", parameters={}
2025-08-25 18:34:46 [http-nio-8081-exec-3] DEBUG o.s.s.w.a.i.FilterSecurityInterceptor - Authorized filter invocation [GET /swagger-ui/swagger-ui-standalone-preset.js] with attributes [permitAll]
2025-08-25 18:34:46 [http-nio-8081-exec-3] DEBUG o.s.security.web.FilterChainProxy - Secured GET /swagger-ui/swagger-ui-standalone-preset.js
2025-08-25 18:34:46 [http-nio-8081-exec-3] DEBUG o.s.web.servlet.DispatcherServlet - GET "/swagger-ui/swagger-ui-standalone-preset.js", parameters={}
2025-08-25 18:34:46 [http-nio-8081-exec-2] DEBUG o.s.w.s.h.SimpleUrlHandlerMapping - Mapped to ResourceHttpRequestHandler [classpath [META-INF/resources/webjars/]]
2025-08-25 18:34:46 [http-nio-8081-exec-3] DEBUG o.s.w.s.h.SimpleUrlHandlerMapping - Mapped to ResourceHttpRequestHandler [classpath [META-INF/resources/webjars/]]
2025-08-25 18:34:46 [http-nio-8081-exec-9] DEBUG o.s.s.w.c.HttpSessionSecurityContextRepository - Did not store anonymous SecurityContext
2025-08-25 18:34:46 [http-nio-8081-exec-2] DEBUG o.s.s.w.c.HttpSessionSecurityContextRepository - Did not store anonymous SecurityContext
2025-08-25 18:34:46 [http-nio-8081-exec-1] DEBUG o.s.s.w.c.HttpSessionSecurityContextRepository - Did not store anonymous SecurityContext
2025-08-25 18:34:46 [http-nio-8081-exec-2] DEBUG o.s.web.servlet.DispatcherServlet - Completed 200 OK
2025-08-25 18:34:46 [http-nio-8081-exec-2] DEBUG o.s.s.w.c.HttpSessionSecurityContextRepository - Did not store anonymous SecurityContext
2025-08-25 18:34:46 [http-nio-8081-exec-2] DEBUG o.s.s.w.c.SecurityContextPersistenceFilter - Cleared SecurityContextHolder to complete request
2025-08-25 18:34:46 [http-nio-8081-exec-10] DEBUG o.s.s.w.c.HttpSessionSecurityContextRepository - Did not store anonymous SecurityContext
2025-08-25 18:34:46 [http-nio-8081-exec-3] DEBUG o.s.s.w.c.HttpSessionSecurityContextRepository - Did not store anonymous SecurityContext
2025-08-25 18:34:46 [http-nio-8081-exec-10] DEBUG o.s.web.servlet.DispatcherServlet - Completed 200 OK
2025-08-25 18:34:46 [http-nio-8081-exec-10] DEBUG o.s.s.w.c.HttpSessionSecurityContextRepository - Did not store anonymous SecurityContext
2025-08-25 18:34:46 [http-nio-8081-exec-10] DEBUG o.s.s.w.c.SecurityContextPersistenceFilter - Cleared SecurityContextHolder to complete request
2025-08-25 18:34:46 [http-nio-8081-exec-9] DEBUG o.s.web.servlet.DispatcherServlet - Completed 200 OK
2025-08-25 18:34:46 [http-nio-8081-exec-9] DEBUG o.s.s.w.c.HttpSessionSecurityContextRepository - Did not store anonymous SecurityContext
2025-08-25 18:34:46 [http-nio-8081-exec-9] DEBUG o.s.s.w.c.SecurityContextPersistenceFilter - Cleared SecurityContextHolder to complete request
2025-08-25 18:34:46 [http-nio-8081-exec-3] DEBUG o.s.web.servlet.DispatcherServlet - Completed 200 OK
2025-08-25 18:34:46 [http-nio-8081-exec-3] DEBUG o.s.s.w.c.HttpSessionSecurityContextRepository - Did not store anonymous SecurityContext
2025-08-25 18:34:46 [http-nio-8081-exec-3] DEBUG o.s.s.w.c.SecurityContextPersistenceFilter - Cleared SecurityContextHolder to complete request
2025-08-25 18:34:46 [http-nio-8081-exec-1] DEBUG o.s.web.servlet.DispatcherServlet - Completed 200 OK
2025-08-25 18:34:46 [http-nio-8081-exec-1] DEBUG o.s.s.w.c.HttpSessionSecurityContextRepository - Did not store anonymous SecurityContext
2025-08-25 18:34:46 [http-nio-8081-exec-1] DEBUG o.s.s.w.c.SecurityContextPersistenceFilter - Cleared SecurityContextHolder to complete request
2025-08-25 18:34:46 [http-nio-8081-exec-8] DEBUG o.s.security.web.FilterChainProxy - Securing GET /v3/api-docs/swagger-config
2025-08-25 18:34:46 [http-nio-8081-exec-8] DEBUG o.s.s.w.c.SecurityContextPersistenceFilter - Set SecurityContextHolder to empty SecurityContext
2025-08-25 18:34:46 [http-nio-8081-exec-8] DEBUG o.s.w.s.m.m.a.RequestMappingHandlerMapping - Mapped to org.springdoc.webmvc.ui.SwaggerConfigResource#openapiJson(HttpServletRequest)
2025-08-25 18:34:46 [http-nio-8081-exec-8] DEBUG o.s.s.w.a.AnonymousAuthenticationFilter - Set SecurityContextHolder to anonymous SecurityContext
2025-08-25 18:34:46 [http-nio-8081-exec-8] DEBUG o.s.s.w.a.i.FilterSecurityInterceptor - Authorized filter invocation [GET /v3/api-docs/swagger-config] with attributes [permitAll]
2025-08-25 18:34:46 [http-nio-8081-exec-8] DEBUG o.s.security.web.FilterChainProxy - Secured GET /v3/api-docs/swagger-config
2025-08-25 18:34:46 [http-nio-8081-exec-8] DEBUG o.s.web.servlet.DispatcherServlet - GET "/v3/api-docs/swagger-config", parameters={}
2025-08-25 18:34:46 [http-nio-8081-exec-8] DEBUG o.s.w.s.m.m.a.RequestMappingHandlerMapping - Mapped to org.springdoc.webmvc.ui.SwaggerConfigResource#openapiJson(HttpServletRequest)
2025-08-25 18:34:46 [http-nio-8081-exec-8] DEBUG o.s.w.s.m.m.a.RequestResponseBodyMethodProcessor - Using 'application/json', given [*/*] and supported [application/json]
2025-08-25 18:34:46 [http-nio-8081-exec-8] DEBUG o.s.w.s.m.m.a.RequestResponseBodyMethodProcessor - Writing [{configUrl=/v3/api-docs/swagger-config, oauth2RedirectUrl=http://localhost:8081/swagger-ui/oauth2-re (truncated)...]
2025-08-25 18:34:46 [http-nio-8081-exec-8] DEBUG o.s.s.w.c.HttpSessionSecurityContextRepository - Did not store anonymous SecurityContext
2025-08-25 18:34:46 [http-nio-8081-exec-8] DEBUG o.s.web.servlet.DispatcherServlet - Completed 200 OK
2025-08-25 18:34:46 [http-nio-8081-exec-8] DEBUG o.s.s.w.c.HttpSessionSecurityContextRepository - Did not store anonymous SecurityContext
2025-08-25 18:34:46 [http-nio-8081-exec-8] DEBUG o.s.s.w.c.SecurityContextPersistenceFilter - Cleared SecurityContextHolder to complete request
2025-08-25 18:34:46 [http-nio-8081-exec-5] DEBUG o.s.security.web.FilterChainProxy - Securing GET /v3/api-docs
2025-08-25 18:34:46 [http-nio-8081-exec-5] DEBUG o.s.s.w.c.SecurityContextPersistenceFilter - Set SecurityContextHolder to empty SecurityContext
2025-08-25 18:34:46 [http-nio-8081-exec-5] DEBUG o.s.w.s.m.m.a.RequestMappingHandlerMapping - Mapped to org.springdoc.webmvc.api.OpenApiWebMvcResource#openapiJson(HttpServletRequest, String, Locale)
2025-08-25 18:34:46 [http-nio-8081-exec-5] DEBUG o.s.s.w.a.AnonymousAuthenticationFilter - Set SecurityContextHolder to anonymous SecurityContext
2025-08-25 18:34:46 [http-nio-8081-exec-5] DEBUG o.s.s.w.a.i.FilterSecurityInterceptor - Authorized filter invocation [GET /v3/api-docs] with attributes [permitAll]
2025-08-25 18:34:46 [http-nio-8081-exec-5] DEBUG o.s.security.web.FilterChainProxy - Secured GET /v3/api-docs
2025-08-25 18:34:46 [http-nio-8081-exec-5] DEBUG o.s.web.servlet.DispatcherServlet - GET "/v3/api-docs", parameters={}
2025-08-25 18:34:46 [http-nio-8081-exec-5] DEBUG o.s.w.s.m.m.a.RequestMappingHandlerMapping - Mapped to org.springdoc.webmvc.api.OpenApiWebMvcResource#openapiJson(HttpServletRequest, String, Locale)
2025-08-25 18:34:46 [http-nio-8081-exec-5] DEBUG o.s.w.s.m.m.a.RequestResponseBodyMethodProcessor - Using 'application/json', given [application/json, */*] and supported [application/json]
2025-08-25 18:34:46 [http-nio-8081-exec-5] DEBUG o.s.w.s.m.m.a.RequestResponseBodyMethodProcessor - Writing [{123, 34, 111, 112, 101, 110, 97, 112, 105, 34, 58, 34, 51, 46, 48, 46, 49, 34, 44, 34, 105, 110, 10 (truncated)...]
2025-08-25 18:34:46 [http-nio-8081-exec-5] DEBUG o.s.s.w.c.HttpSessionSecurityContextRepository - Did not store anonymous SecurityContext
2025-08-25 18:34:46 [http-nio-8081-exec-5] DEBUG o.s.web.servlet.DispatcherServlet - Completed 200 OK
2025-08-25 18:34:46 [http-nio-8081-exec-5] DEBUG o.s.s.w.c.HttpSessionSecurityContextRepository - Did not store anonymous SecurityContext
2025-08-25 18:34:46 [http-nio-8081-exec-5] DEBUG o.s.s.w.c.SecurityContextPersistenceFilter - Cleared SecurityContextHolder to complete request
2025-08-25 18:34:56 [http-nio-8081-exec-6] DEBUG o.s.security.web.FilterChainProxy - Securing POST /auth/verify
2025-08-25 18:34:56 [http-nio-8081-exec-6] DEBUG o.s.s.w.c.SecurityContextPersistenceFilter - Set SecurityContextHolder to empty SecurityContext
2025-08-25 18:34:56 [http-nio-8081-exec-6] DEBUG o.s.w.s.m.m.a.RequestMappingHandlerMapping - Mapped to com.memorin.user.controller.AuthController#verifyToken(Map)
2025-08-25 18:34:56 [http-nio-8081-exec-6] DEBUG o.s.s.w.a.AnonymousAuthenticationFilter - Set SecurityContextHolder to anonymous SecurityContext
2025-08-25 18:34:56 [http-nio-8081-exec-6] DEBUG o.s.s.w.a.i.FilterSecurityInterceptor - Authorized filter invocation [POST /auth/verify] with attributes [permitAll]
2025-08-25 18:34:56 [http-nio-8081-exec-6] DEBUG o.s.security.web.FilterChainProxy - Secured POST /auth/verify
2025-08-25 18:34:56 [http-nio-8081-exec-6] DEBUG o.s.web.servlet.DispatcherServlet - POST "/auth/verify", parameters={}
2025-08-25 18:34:56 [http-nio-8081-exec-6] DEBUG o.s.w.s.m.m.a.RequestMappingHandlerMapping - Mapped to com.memorin.user.controller.AuthController#verifyToken(Map)
2025-08-25 18:34:56 [http-nio-8081-exec-6] DEBUG o.s.w.s.m.m.a.RequestResponseBodyMethodProcessor - Read "application/json;charset=UTF-8" to [{additionalProp1=string, additionalProp2=string, additionalProp3=string}]
2025-08-25 18:34:56 [http-nio-8081-exec-6] DEBUG o.s.w.s.m.m.a.ExceptionHandlerExceptionResolver - Using @ExceptionHandler com.memorin.user.exception.GlobalExceptionHandler#handleUserException(UserException, WebRequest)
2025-08-25 18:34:56 [http-nio-8081-exec-6] ERROR c.m.u.e.GlobalExceptionHandler - 用户服务异常: 令牌不能为空
com.memorin.user.exception.UserException$ValidationException: 令牌不能为空
	at com.memorin.user.controller.AuthController.verifyToken(AuthController.java:126)
	at sun.reflect.NativeMethodAccessorImpl.invoke0(Native Method)
	at sun.reflect.NativeMethodAccessorImpl.invoke(NativeMethodAccessorImpl.java:62)
	at sun.reflect.DelegatingMethodAccessorImpl.invoke(DelegatingMethodAccessorImpl.java:43)
	at java.lang.reflect.Method.invoke(Method.java:498)
	at org.springframework.web.method.support.InvocableHandlerMethod.doInvoke(InvocableHandlerMethod.java:205)
	at org.springframework.web.method.support.InvocableHandlerMethod.invokeForRequest(InvocableHandlerMethod.java:150)
	at org.springframework.web.servlet.mvc.method.annotation.ServletInvocableHandlerMethod.invokeAndHandle(ServletInvocableHandlerMethod.java:117)
	at org.springframework.web.servlet.mvc.method.annotation.RequestMappingHandlerAdapter.invokeHandlerMethod(RequestMappingHandlerAdapter.java:895)
	at org.springframework.web.servlet.mvc.method.annotation.RequestMappingHandlerAdapter.handleInternal(RequestMappingHandlerAdapter.java:808)
	at org.springframework.web.servlet.mvc.method.AbstractHandlerMethodAdapter.handle(AbstractHandlerMethodAdapter.java:87)
	at org.springframework.web.servlet.DispatcherServlet.doDispatch(DispatcherServlet.java:1072)
	at org.springframework.web.servlet.DispatcherServlet.doService(DispatcherServlet.java:965)
	at org.springframework.web.servlet.FrameworkServlet.processRequest(FrameworkServlet.java:1006)
	at org.springframework.web.servlet.FrameworkServlet.doPost(FrameworkServlet.java:909)
	at javax.servlet.http.HttpServlet.service(HttpServlet.java:555)
	at org.springframework.web.servlet.FrameworkServlet.service(FrameworkServlet.java:883)
	at javax.servlet.http.HttpServlet.service(HttpServlet.java:623)
	at org.apache.catalina.core.ApplicationFilterChain.internalDoFilter(ApplicationFilterChain.java:209)
	at org.apache.catalina.core.ApplicationFilterChain.doFilter(ApplicationFilterChain.java:153)
	at org.apache.tomcat.websocket.server.WsFilter.doFilter(WsFilter.java:51)
	at org.apache.catalina.core.ApplicationFilterChain.internalDoFilter(ApplicationFilterChain.java:178)
	at org.apache.catalina.core.ApplicationFilterChain.doFilter(ApplicationFilterChain.java:153)
	at org.springframework.security.web.FilterChainProxy$VirtualFilterChain.doFilter(FilterChainProxy.java:337)
	at org.springframework.security.web.access.intercept.FilterSecurityInterceptor.invoke(FilterSecurityInterceptor.java:115)
	at org.springframework.security.web.access.intercept.FilterSecurityInterceptor.doFilter(FilterSecurityInterceptor.java:81)
	at org.springframework.security.web.FilterChainProxy$VirtualFilterChain.doFilter(FilterChainProxy.java:346)
	at org.springframework.security.web.access.ExceptionTranslationFilter.doFilter(ExceptionTranslationFilter.java:122)
	at org.springframework.security.web.access.ExceptionTranslationFilter.doFilter(ExceptionTranslationFilter.java:116)
	at org.springframework.security.web.FilterChainProxy$VirtualFilterChain.doFilter(FilterChainProxy.java:346)
	at org.springframework.security.web.authentication.AnonymousAuthenticationFilter.doFilter(AnonymousAuthenticationFilter.java:109)
	at org.springframework.security.web.FilterChainProxy$VirtualFilterChain.doFilter(FilterChainProxy.java:346)
	at org.springframework.security.web.servletapi.SecurityContextHolderAwareRequestFilter.doFilter(SecurityContextHolderAwareRequestFilter.java:149)
	at org.springframework.security.web.FilterChainProxy$VirtualFilterChain.doFilter(FilterChainProxy.java:346)
	at org.springframework.security.web.savedrequest.RequestCacheAwareFilter.doFilter(RequestCacheAwareFilter.java:63)
	at org.springframework.security.web.FilterChainProxy$VirtualFilterChain.doFilter(FilterChainProxy.java:346)
	at org.springframework.security.web.authentication.logout.LogoutFilter.doFilter(LogoutFilter.java:103)
	at org.springframework.security.web.authentication.logout.LogoutFilter.doFilter(LogoutFilter.java:89)
	at org.springframework.security.web.FilterChainProxy$VirtualFilterChain.doFilter(FilterChainProxy.java:346)
	at org.springframework.web.filter.CorsFilter.doFilterInternal(CorsFilter.java:91)
	at org.springframework.web.filter.OncePerRequestFilter.doFilter(OncePerRequestFilter.java:117)
	at org.springframework.security.web.FilterChainProxy$VirtualFilterChain.doFilter(FilterChainProxy.java:346)
	at org.springframework.security.web.header.HeaderWriterFilter.doHeadersAfter(HeaderWriterFilter.java:90)
	at org.springframework.security.web.header.HeaderWriterFilter.doFilterInternal(HeaderWriterFilter.java:75)
	at org.springframework.web.filter.OncePerRequestFilter.doFilter(OncePerRequestFilter.java:117)
	at org.springframework.security.web.FilterChainProxy$VirtualFilterChain.doFilter(FilterChainProxy.java:346)
	at org.springframework.security.web.context.SecurityContextPersistenceFilter.doFilter(SecurityContextPersistenceFilter.java:112)
	at org.springframework.security.web.context.SecurityContextPersistenceFilter.doFilter(SecurityContextPersistenceFilter.java:82)
	at org.springframework.security.web.FilterChainProxy$VirtualFilterChain.doFilter(FilterChainProxy.java:346)
	at org.springframework.security.web.context.request.async.WebAsyncManagerIntegrationFilter.doFilterInternal(WebAsyncManagerIntegrationFilter.java:55)
	at org.springframework.web.filter.OncePerRequestFilter.doFilter(OncePerRequestFilter.java:117)
	at org.springframework.security.web.FilterChainProxy$VirtualFilterChain.doFilter(FilterChainProxy.java:346)
	at org.springframework.security.web.FilterChainProxy.doFilterInternal(FilterChainProxy.java:221)
	at org.springframework.security.web.FilterChainProxy.doFilter(FilterChainProxy.java:186)
	at org.springframework.web.filter.DelegatingFilterProxy.invokeDelegate(DelegatingFilterProxy.java:354)
	at org.springframework.web.filter.DelegatingFilterProxy.doFilter(DelegatingFilterProxy.java:267)
	at org.apache.catalina.core.ApplicationFilterChain.internalDoFilter(ApplicationFilterChain.java:178)
	at org.apache.catalina.core.ApplicationFilterChain.doFilter(ApplicationFilterChain.java:153)
	at org.springframework.web.filter.RequestContextFilter.doFilterInternal(RequestContextFilter.java:100)
	at org.springframework.web.filter.OncePerRequestFilter.doFilter(OncePerRequestFilter.java:117)
	at org.apache.catalina.core.ApplicationFilterChain.internalDoFilter(ApplicationFilterChain.java:178)
	at org.apache.catalina.core.ApplicationFilterChain.doFilter(ApplicationFilterChain.java:153)
	at org.springframework.web.filter.FormContentFilter.doFilterInternal(FormContentFilter.java:93)
	at org.springframework.web.filter.OncePerRequestFilter.doFilter(OncePerRequestFilter.java:117)
	at org.apache.catalina.core.ApplicationFilterChain.internalDoFilter(ApplicationFilterChain.java:178)
	at org.apache.catalina.core.ApplicationFilterChain.doFilter(ApplicationFilterChain.java:153)
	at org.springframework.boot.actuate.metrics.web.servlet.WebMvcMetricsFilter.doFilterInternal(WebMvcMetricsFilter.java:96)
	at org.springframework.web.filter.OncePerRequestFilter.doFilter(OncePerRequestFilter.java:117)
	at org.apache.catalina.core.ApplicationFilterChain.internalDoFilter(ApplicationFilterChain.java:178)
	at org.apache.catalina.core.ApplicationFilterChain.doFilter(ApplicationFilterChain.java:153)
	at org.springframework.web.filter.CharacterEncodingFilter.doFilterInternal(CharacterEncodingFilter.java:201)
	at org.springframework.web.filter.OncePerRequestFilter.doFilter(OncePerRequestFilter.java:117)
	at org.apache.catalina.core.ApplicationFilterChain.internalDoFilter(ApplicationFilterChain.java:178)
	at org.apache.catalina.core.ApplicationFilterChain.doFilter(ApplicationFilterChain.java:153)
	at org.apache.catalina.core.StandardWrapperValve.invoke(StandardWrapperValve.java:168)
	at org.apache.catalina.core.StandardContextValve.invoke(StandardContextValve.java:90)
	at org.apache.catalina.authenticator.AuthenticatorBase.invoke(AuthenticatorBase.java:481)
	at org.apache.catalina.core.StandardHostValve.invoke(StandardHostValve.java:130)
	at org.apache.catalina.valves.ErrorReportValve.invoke(ErrorReportValve.java:93)
	at org.apache.catalina.core.StandardEngineValve.invoke(StandardEngineValve.java:74)
	at org.apache.catalina.connector.CoyoteAdapter.service(CoyoteAdapter.java:342)
	at org.apache.coyote.http11.Http11Processor.service(Http11Processor.java:390)
	at org.apache.coyote.AbstractProcessorLight.process(AbstractProcessorLight.java:63)
	at org.apache.coyote.AbstractProtocol$ConnectionHandler.process(AbstractProtocol.java:928)
	at org.apache.tomcat.util.net.NioEndpoint$SocketProcessor.doRun(NioEndpoint.java:1794)
	at org.apache.tomcat.util.net.SocketProcessorBase.run(SocketProcessorBase.java:52)
	at org.apache.tomcat.util.threads.ThreadPoolExecutor.runWorker(ThreadPoolExecutor.java:1191)
	at org.apache.tomcat.util.threads.ThreadPoolExecutor$Worker.run(ThreadPoolExecutor.java:659)
	at org.apache.tomcat.util.threads.TaskThread$WrappingRunnable.run(TaskThread.java:61)
	at java.lang.Thread.run(Thread.java:750)
2025-08-25 18:34:56 [http-nio-8081-exec-6] DEBUG o.s.w.s.m.m.a.HttpEntityMethodProcessor - Using 'application/json', given [*/*] and supported [application/json, application/*+json, application/json, application/*+json]
2025-08-25 18:34:56 [http-nio-8081-exec-6] DEBUG o.s.w.s.m.m.a.HttpEntityMethodProcessor - Writing [{path=uri=/auth/verify, success=false, error=VALIDATION_ERROR, message=令牌不能为空, timestamp=2025-08-25T (truncated)...]
2025-08-25 18:34:56 [http-nio-8081-exec-6] DEBUG o.s.s.w.c.HttpSessionSecurityContextRepository - Did not store anonymous SecurityContext
2025-08-25 18:34:56 [http-nio-8081-exec-6] DEBUG o.s.w.s.m.m.a.ExceptionHandlerExceptionResolver - Resolved [com.memorin.user.exception.UserException$ValidationException: 令牌不能为空]
2025-08-25 18:34:56 [http-nio-8081-exec-6] DEBUG o.s.web.servlet.DispatcherServlet - Completed 400 BAD_REQUEST
2025-08-25 18:34:56 [http-nio-8081-exec-6] DEBUG o.s.s.w.c.HttpSessionSecurityContextRepository - Did not store anonymous SecurityContext
2025-08-25 18:34:56 [http-nio-8081-exec-6] DEBUG o.s.s.w.c.SecurityContextPersistenceFilter - Cleared SecurityContextHolder to complete request
2025-08-25 18:35:25 [http-nio-8081-exec-7] DEBUG o.s.security.web.FilterChainProxy - Securing GET /swagger-ui/index.html
2025-08-25 18:35:25 [http-nio-8081-exec-7] DEBUG o.s.s.w.c.SecurityContextPersistenceFilter - Set SecurityContextHolder to empty SecurityContext
2025-08-25 18:35:25 [http-nio-8081-exec-7] DEBUG o.s.w.s.h.SimpleUrlHandlerMapping - Mapped to ResourceHttpRequestHandler [classpath [META-INF/resources/webjars/]]
2025-08-25 18:35:25 [http-nio-8081-exec-7] DEBUG o.s.s.w.a.AnonymousAuthenticationFilter - Set SecurityContextHolder to anonymous SecurityContext
2025-08-25 18:35:25 [http-nio-8081-exec-7] DEBUG o.s.s.w.a.i.FilterSecurityInterceptor - Authorized filter invocation [GET /swagger-ui/index.html] with attributes [permitAll]
2025-08-25 18:35:25 [http-nio-8081-exec-7] DEBUG o.s.security.web.FilterChainProxy - Secured GET /swagger-ui/index.html
2025-08-25 18:35:25 [http-nio-8081-exec-7] DEBUG o.s.web.servlet.DispatcherServlet - GET "/swagger-ui/index.html", parameters={}
2025-08-25 18:35:25 [http-nio-8081-exec-7] DEBUG o.s.w.s.h.SimpleUrlHandlerMapping - Mapped to ResourceHttpRequestHandler [classpath [META-INF/resources/webjars/]]
2025-08-25 18:35:25 [http-nio-8081-exec-7] DEBUG o.s.s.w.c.HttpSessionSecurityContextRepository - Did not store anonymous SecurityContext
2025-08-25 18:35:25 [http-nio-8081-exec-7] DEBUG o.s.web.servlet.DispatcherServlet - Completed 200 OK
2025-08-25 18:35:25 [http-nio-8081-exec-7] DEBUG o.s.s.w.c.HttpSessionSecurityContextRepository - Did not store anonymous SecurityContext
2025-08-25 18:35:25 [http-nio-8081-exec-7] DEBUG o.s.s.w.c.SecurityContextPersistenceFilter - Cleared SecurityContextHolder to complete request
2025-08-25 18:35:25 [http-nio-8081-exec-4] DEBUG o.s.security.web.FilterChainProxy - Securing GET /swagger-ui/swagger-ui.css
2025-08-25 18:35:25 [http-nio-8081-exec-4] DEBUG o.s.s.w.c.SecurityContextPersistenceFilter - Set SecurityContextHolder to empty SecurityContext
2025-08-25 18:35:25 [http-nio-8081-exec-4] DEBUG o.s.w.s.h.SimpleUrlHandlerMapping - Mapped to ResourceHttpRequestHandler [classpath [META-INF/resources/webjars/]]
2025-08-25 18:35:25 [http-nio-8081-exec-4] DEBUG o.s.s.w.a.AnonymousAuthenticationFilter - Set SecurityContextHolder to anonymous SecurityContext
2025-08-25 18:35:25 [http-nio-8081-exec-4] DEBUG o.s.s.w.a.i.FilterSecurityInterceptor - Authorized filter invocation [GET /swagger-ui/swagger-ui.css] with attributes [permitAll]
2025-08-25 18:35:25 [http-nio-8081-exec-4] DEBUG o.s.security.web.FilterChainProxy - Secured GET /swagger-ui/swagger-ui.css
2025-08-25 18:35:25 [http-nio-8081-exec-2] DEBUG o.s.security.web.FilterChainProxy - Securing GET /swagger-ui/index.css
2025-08-25 18:35:25 [http-nio-8081-exec-4] DEBUG o.s.web.servlet.DispatcherServlet - GET "/swagger-ui/swagger-ui.css", parameters={}
2025-08-25 18:35:25 [http-nio-8081-exec-2] DEBUG o.s.s.w.c.SecurityContextPersistenceFilter - Set SecurityContextHolder to empty SecurityContext
2025-08-25 18:35:25 [http-nio-8081-exec-2] DEBUG o.s.w.s.h.SimpleUrlHandlerMapping - Mapped to ResourceHttpRequestHandler [classpath [META-INF/resources/webjars/]]
2025-08-25 18:35:25 [http-nio-8081-exec-2] DEBUG o.s.s.w.a.AnonymousAuthenticationFilter - Set SecurityContextHolder to anonymous SecurityContext
2025-08-25 18:35:25 [http-nio-8081-exec-2] DEBUG o.s.s.w.a.i.FilterSecurityInterceptor - Authorized filter invocation [GET /swagger-ui/index.css] with attributes [permitAll]
2025-08-25 18:35:25 [http-nio-8081-exec-2] DEBUG o.s.security.web.FilterChainProxy - Secured GET /swagger-ui/index.css
2025-08-25 18:35:25 [http-nio-8081-exec-2] DEBUG o.s.web.servlet.DispatcherServlet - GET "/swagger-ui/index.css", parameters={}
2025-08-25 18:35:25 [http-nio-8081-exec-4] DEBUG o.s.w.s.h.SimpleUrlHandlerMapping - Mapped to ResourceHttpRequestHandler [classpath [META-INF/resources/webjars/]]
2025-08-25 18:35:25 [http-nio-8081-exec-2] DEBUG o.s.w.s.h.SimpleUrlHandlerMapping - Mapped to ResourceHttpRequestHandler [classpath [META-INF/resources/webjars/]]
2025-08-25 18:35:25 [http-nio-8081-exec-10] DEBUG o.s.security.web.FilterChainProxy - Securing GET /swagger-ui/swagger-ui-bundle.js
2025-08-25 18:35:25 [http-nio-8081-exec-9] DEBUG o.s.security.web.FilterChainProxy - Securing GET /swagger-ui/swagger-initializer.js
2025-08-25 18:35:25 [http-nio-8081-exec-10] DEBUG o.s.s.w.c.SecurityContextPersistenceFilter - Set SecurityContextHolder to empty SecurityContext
2025-08-25 18:35:25 [http-nio-8081-exec-3] DEBUG o.s.security.web.FilterChainProxy - Securing GET /swagger-ui/swagger-ui-standalone-preset.js
2025-08-25 18:35:25 [http-nio-8081-exec-9] DEBUG o.s.s.w.c.SecurityContextPersistenceFilter - Set SecurityContextHolder to empty SecurityContext
2025-08-25 18:35:25 [http-nio-8081-exec-3] DEBUG o.s.s.w.c.SecurityContextPersistenceFilter - Set SecurityContextHolder to empty SecurityContext
2025-08-25 18:35:25 [http-nio-8081-exec-2] DEBUG o.s.s.w.c.HttpSessionSecurityContextRepository - Did not store anonymous SecurityContext
2025-08-25 18:35:25 [http-nio-8081-exec-4] DEBUG o.s.s.w.c.HttpSessionSecurityContextRepository - Did not store anonymous SecurityContext
2025-08-25 18:35:25 [http-nio-8081-exec-9] DEBUG o.s.w.s.h.SimpleUrlHandlerMapping - Mapped to ResourceHttpRequestHandler [classpath [META-INF/resources/webjars/]]
2025-08-25 18:35:25 [http-nio-8081-exec-3] DEBUG o.s.w.s.h.SimpleUrlHandlerMapping - Mapped to ResourceHttpRequestHandler [classpath [META-INF/resources/webjars/]]
2025-08-25 18:35:25 [http-nio-8081-exec-10] DEBUG o.s.w.s.h.SimpleUrlHandlerMapping - Mapped to ResourceHttpRequestHandler [classpath [META-INF/resources/webjars/]]
2025-08-25 18:35:25 [http-nio-8081-exec-2] DEBUG o.s.web.servlet.DispatcherServlet - Completed 200 OK
2025-08-25 18:35:25 [http-nio-8081-exec-9] DEBUG o.s.s.w.a.AnonymousAuthenticationFilter - Set SecurityContextHolder to anonymous SecurityContext
2025-08-25 18:35:25 [http-nio-8081-exec-3] DEBUG o.s.s.w.a.AnonymousAuthenticationFilter - Set SecurityContextHolder to anonymous SecurityContext
2025-08-25 18:35:25 [http-nio-8081-exec-10] DEBUG o.s.s.w.a.AnonymousAuthenticationFilter - Set SecurityContextHolder to anonymous SecurityContext
2025-08-25 18:35:25 [http-nio-8081-exec-2] DEBUG o.s.s.w.c.HttpSessionSecurityContextRepository - Did not store anonymous SecurityContext
2025-08-25 18:35:25 [http-nio-8081-exec-2] DEBUG o.s.s.w.c.SecurityContextPersistenceFilter - Cleared SecurityContextHolder to complete request
2025-08-25 18:35:25 [http-nio-8081-exec-10] DEBUG o.s.s.w.a.i.FilterSecurityInterceptor - Authorized filter invocation [GET /swagger-ui/swagger-ui-bundle.js] with attributes [permitAll]
2025-08-25 18:35:25 [http-nio-8081-exec-3] DEBUG o.s.s.w.a.i.FilterSecurityInterceptor - Authorized filter invocation [GET /swagger-ui/swagger-ui-standalone-preset.js] with attributes [permitAll]
2025-08-25 18:35:25 [http-nio-8081-exec-10] DEBUG o.s.security.web.FilterChainProxy - Secured GET /swagger-ui/swagger-ui-bundle.js
2025-08-25 18:35:25 [http-nio-8081-exec-9] DEBUG o.s.s.w.a.i.FilterSecurityInterceptor - Authorized filter invocation [GET /swagger-ui/swagger-initializer.js] with attributes [permitAll]
2025-08-25 18:35:25 [http-nio-8081-exec-3] DEBUG o.s.security.web.FilterChainProxy - Secured GET /swagger-ui/swagger-ui-standalone-preset.js
2025-08-25 18:35:25 [http-nio-8081-exec-9] DEBUG o.s.security.web.FilterChainProxy - Secured GET /swagger-ui/swagger-initializer.js
2025-08-25 18:35:25 [http-nio-8081-exec-10] DEBUG o.s.web.servlet.DispatcherServlet - GET "/swagger-ui/swagger-ui-bundle.js", parameters={}
2025-08-25 18:35:25 [http-nio-8081-exec-3] DEBUG o.s.web.servlet.DispatcherServlet - GET "/swagger-ui/swagger-ui-standalone-preset.js", parameters={}
2025-08-25 18:35:25 [http-nio-8081-exec-9] DEBUG o.s.web.servlet.DispatcherServlet - GET "/swagger-ui/swagger-initializer.js", parameters={}
2025-08-25 18:35:25 [http-nio-8081-exec-4] DEBUG o.s.web.servlet.DispatcherServlet - Completed 200 OK
2025-08-25 18:35:25 [http-nio-8081-exec-10] DEBUG o.s.w.s.h.SimpleUrlHandlerMapping - Mapped to ResourceHttpRequestHandler [classpath [META-INF/resources/webjars/]]
2025-08-25 18:35:25 [http-nio-8081-exec-3] DEBUG o.s.w.s.h.SimpleUrlHandlerMapping - Mapped to ResourceHttpRequestHandler [classpath [META-INF/resources/webjars/]]
2025-08-25 18:35:25 [http-nio-8081-exec-4] DEBUG o.s.s.w.c.HttpSessionSecurityContextRepository - Did not store anonymous SecurityContext
2025-08-25 18:35:25 [http-nio-8081-exec-4] DEBUG o.s.s.w.c.SecurityContextPersistenceFilter - Cleared SecurityContextHolder to complete request
2025-08-25 18:35:25 [http-nio-8081-exec-9] DEBUG o.s.w.s.h.SimpleUrlHandlerMapping - Mapped to ResourceHttpRequestHandler [classpath [META-INF/resources/webjars/]]
2025-08-25 18:35:25 [http-nio-8081-exec-3] DEBUG o.s.s.w.c.HttpSessionSecurityContextRepository - Did not store anonymous SecurityContext
2025-08-25 18:35:25 [http-nio-8081-exec-10] DEBUG o.s.s.w.c.HttpSessionSecurityContextRepository - Did not store anonymous SecurityContext
2025-08-25 18:35:25 [http-nio-8081-exec-9] DEBUG o.s.s.w.c.HttpSessionSecurityContextRepository - Did not store anonymous SecurityContext
2025-08-25 18:35:25 [http-nio-8081-exec-9] DEBUG o.s.web.servlet.DispatcherServlet - Completed 200 OK
2025-08-25 18:35:25 [http-nio-8081-exec-9] DEBUG o.s.s.w.c.HttpSessionSecurityContextRepository - Did not store anonymous SecurityContext
2025-08-25 18:35:25 [http-nio-8081-exec-9] DEBUG o.s.s.w.c.SecurityContextPersistenceFilter - Cleared SecurityContextHolder to complete request
2025-08-25 18:35:25 [http-nio-8081-exec-3] DEBUG o.s.web.servlet.DispatcherServlet - Completed 200 OK
2025-08-25 18:35:25 [http-nio-8081-exec-3] DEBUG o.s.s.w.c.HttpSessionSecurityContextRepository - Did not store anonymous SecurityContext
2025-08-25 18:35:25 [http-nio-8081-exec-3] DEBUG o.s.s.w.c.SecurityContextPersistenceFilter - Cleared SecurityContextHolder to complete request
2025-08-25 18:35:25 [http-nio-8081-exec-10] DEBUG o.s.web.servlet.DispatcherServlet - Completed 200 OK
2025-08-25 18:35:25 [http-nio-8081-exec-10] DEBUG o.s.s.w.c.HttpSessionSecurityContextRepository - Did not store anonymous SecurityContext
2025-08-25 18:35:25 [http-nio-8081-exec-10] DEBUG o.s.s.w.c.SecurityContextPersistenceFilter - Cleared SecurityContextHolder to complete request
2025-08-25 18:35:25 [http-nio-8081-exec-1] DEBUG o.s.security.web.FilterChainProxy - Securing GET /v3/api-docs/swagger-config
2025-08-25 18:35:25 [http-nio-8081-exec-1] DEBUG o.s.s.w.c.SecurityContextPersistenceFilter - Set SecurityContextHolder to empty SecurityContext
2025-08-25 18:35:25 [http-nio-8081-exec-1] DEBUG o.s.w.s.m.m.a.RequestMappingHandlerMapping - Mapped to org.springdoc.webmvc.ui.SwaggerConfigResource#openapiJson(HttpServletRequest)
2025-08-25 18:35:25 [http-nio-8081-exec-1] DEBUG o.s.s.w.a.AnonymousAuthenticationFilter - Set SecurityContextHolder to anonymous SecurityContext
2025-08-25 18:35:25 [http-nio-8081-exec-1] DEBUG o.s.s.w.a.i.FilterSecurityInterceptor - Authorized filter invocation [GET /v3/api-docs/swagger-config] with attributes [permitAll]
2025-08-25 18:35:25 [http-nio-8081-exec-1] DEBUG o.s.security.web.FilterChainProxy - Secured GET /v3/api-docs/swagger-config
2025-08-25 18:35:25 [http-nio-8081-exec-1] DEBUG o.s.web.servlet.DispatcherServlet - GET "/v3/api-docs/swagger-config", parameters={}
2025-08-25 18:35:25 [http-nio-8081-exec-1] DEBUG o.s.w.s.m.m.a.RequestMappingHandlerMapping - Mapped to org.springdoc.webmvc.ui.SwaggerConfigResource#openapiJson(HttpServletRequest)
2025-08-25 18:35:25 [http-nio-8081-exec-1] DEBUG o.s.w.s.m.m.a.RequestResponseBodyMethodProcessor - Using 'application/json', given [*/*] and supported [application/json]
2025-08-25 18:35:25 [http-nio-8081-exec-1] DEBUG o.s.w.s.m.m.a.RequestResponseBodyMethodProcessor - Writing [{configUrl=/v3/api-docs/swagger-config, oauth2RedirectUrl=http://localhost:8081/swagger-ui/oauth2-re (truncated)...]
2025-08-25 18:35:25 [http-nio-8081-exec-1] DEBUG o.s.s.w.c.HttpSessionSecurityContextRepository - Did not store anonymous SecurityContext
2025-08-25 18:35:25 [http-nio-8081-exec-1] DEBUG o.s.web.servlet.DispatcherServlet - Completed 200 OK
2025-08-25 18:35:25 [http-nio-8081-exec-1] DEBUG o.s.s.w.c.HttpSessionSecurityContextRepository - Did not store anonymous SecurityContext
2025-08-25 18:35:25 [http-nio-8081-exec-1] DEBUG o.s.s.w.c.SecurityContextPersistenceFilter - Cleared SecurityContextHolder to complete request
2025-08-25 18:35:25 [http-nio-8081-exec-8] DEBUG o.s.security.web.FilterChainProxy - Securing GET /v3/api-docs
2025-08-25 18:35:25 [http-nio-8081-exec-8] DEBUG o.s.s.w.c.SecurityContextPersistenceFilter - Set SecurityContextHolder to empty SecurityContext
2025-08-25 18:35:25 [http-nio-8081-exec-8] DEBUG o.s.w.s.m.m.a.RequestMappingHandlerMapping - Mapped to org.springdoc.webmvc.api.OpenApiWebMvcResource#openapiJson(HttpServletRequest, String, Locale)
2025-08-25 18:35:25 [http-nio-8081-exec-8] DEBUG o.s.s.w.a.AnonymousAuthenticationFilter - Set SecurityContextHolder to anonymous SecurityContext
2025-08-25 18:35:25 [http-nio-8081-exec-8] DEBUG o.s.s.w.a.i.FilterSecurityInterceptor - Authorized filter invocation [GET /v3/api-docs] with attributes [permitAll]
2025-08-25 18:35:25 [http-nio-8081-exec-8] DEBUG o.s.security.web.FilterChainProxy - Secured GET /v3/api-docs
2025-08-25 18:35:25 [http-nio-8081-exec-8] DEBUG o.s.web.servlet.DispatcherServlet - GET "/v3/api-docs", parameters={}
2025-08-25 18:35:25 [http-nio-8081-exec-8] DEBUG o.s.w.s.m.m.a.RequestMappingHandlerMapping - Mapped to org.springdoc.webmvc.api.OpenApiWebMvcResource#openapiJson(HttpServletRequest, String, Locale)
2025-08-25 18:35:25 [http-nio-8081-exec-8] DEBUG o.s.w.s.m.m.a.RequestResponseBodyMethodProcessor - Using 'application/json', given [application/json, */*] and supported [application/json]
2025-08-25 18:35:25 [http-nio-8081-exec-8] DEBUG o.s.w.s.m.m.a.RequestResponseBodyMethodProcessor - Writing [{123, 34, 111, 112, 101, 110, 97, 112, 105, 34, 58, 34, 51, 46, 48, 46, 49, 34, 44, 34, 105, 110, 10 (truncated)...]
2025-08-25 18:35:25 [http-nio-8081-exec-8] DEBUG o.s.s.w.c.HttpSessionSecurityContextRepository - Did not store anonymous SecurityContext
2025-08-25 18:35:25 [http-nio-8081-exec-8] DEBUG o.s.web.servlet.DispatcherServlet - Completed 200 OK
2025-08-25 18:35:25 [http-nio-8081-exec-8] DEBUG o.s.s.w.c.HttpSessionSecurityContextRepository - Did not store anonymous SecurityContext
2025-08-25 18:35:25 [http-nio-8081-exec-8] DEBUG o.s.s.w.c.SecurityContextPersistenceFilter - Cleared SecurityContextHolder to complete request
2025-08-25 18:38:42 [http-nio-8081-exec-8] DEBUG o.s.security.web.FilterChainProxy - Securing POST /api/users/register
2025-08-25 18:38:42 [http-nio-8081-exec-8] DEBUG o.s.s.w.c.SecurityContextPersistenceFilter - Set SecurityContextHolder to empty SecurityContext
2025-08-25 18:38:42 [http-nio-8081-exec-8] DEBUG o.s.w.s.h.SimpleUrlHandlerMapping - Mapped to ResourceHttpRequestHandler [classpath [META-INF/resources/], classpath [resources/], classpath [static/], classpath [public/], ServletContext [/]]
2025-08-25 18:38:42 [http-nio-8081-exec-8] DEBUG o.s.s.w.a.AnonymousAuthenticationFilter - Set SecurityContextHolder to anonymous SecurityContext
2025-08-25 18:38:42 [http-nio-8081-exec-8] DEBUG o.s.s.w.a.i.FilterSecurityInterceptor - Failed to authorize filter invocation [POST /api/users/register] with attributes [authenticated]
2025-08-25 18:38:42 [http-nio-8081-exec-8] DEBUG o.s.s.w.s.HttpSessionRequestCache - Saved request http://localhost:8081/api/users/register to session
2025-08-25 18:38:42 [http-nio-8081-exec-8] DEBUG o.s.s.w.a.Http403ForbiddenEntryPoint - Pre-authenticated entry point called. Rejecting access
2025-08-25 18:38:42 [http-nio-8081-exec-8] DEBUG o.s.s.w.c.HttpSessionSecurityContextRepository - Did not store empty SecurityContext
2025-08-25 18:38:42 [http-nio-8081-exec-8] DEBUG o.s.s.w.c.HttpSessionSecurityContextRepository - Did not store empty SecurityContext
2025-08-25 18:38:42 [http-nio-8081-exec-8] DEBUG o.s.s.w.c.SecurityContextPersistenceFilter - Cleared SecurityContextHolder to complete request
2025-08-25 18:38:42 [http-nio-8081-exec-8] DEBUG o.s.security.web.FilterChainProxy - Securing POST /error
2025-08-25 18:38:42 [http-nio-8081-exec-8] DEBUG o.s.s.w.c.SecurityContextPersistenceFilter - Set SecurityContextHolder to empty SecurityContext
2025-08-25 18:38:42 [http-nio-8081-exec-8] DEBUG o.s.s.w.a.AnonymousAuthenticationFilter - Set SecurityContextHolder to anonymous SecurityContext
2025-08-25 18:38:42 [http-nio-8081-exec-8] DEBUG o.s.security.web.FilterChainProxy - Secured POST /error
2025-08-25 18:38:42 [http-nio-8081-exec-8] DEBUG o.s.web.servlet.DispatcherServlet - "ERROR" dispatch for POST "/error", parameters={}
2025-08-25 18:38:42 [http-nio-8081-exec-8] DEBUG o.s.w.s.m.m.a.RequestMappingHandlerMapping - Mapped to org.springframework.boot.autoconfigure.web.servlet.error.BasicErrorController#error(HttpServletRequest)
2025-08-25 18:38:42 [http-nio-8081-exec-8] DEBUG o.s.w.s.m.m.a.HttpEntityMethodProcessor - Using 'application/json', given [*/*] and supported [application/json, application/*+json, application/json, application/*+json]
2025-08-25 18:38:42 [http-nio-8081-exec-8] DEBUG o.s.w.s.m.m.a.HttpEntityMethodProcessor - Writing [{timestamp=Mon Aug 25 18:38:42 CST 2025, status=403, error=Forbidden, path=/api/users/register}]
2025-08-25 18:38:42 [http-nio-8081-exec-8] DEBUG o.s.s.w.c.HttpSessionSecurityContextRepository - Did not store anonymous SecurityContext
2025-08-25 18:38:42 [http-nio-8081-exec-8] DEBUG o.s.web.servlet.DispatcherServlet - Exiting from "ERROR" dispatch, status 403
2025-08-25 18:38:42 [http-nio-8081-exec-8] DEBUG o.s.s.w.c.HttpSessionSecurityContextRepository - Did not store anonymous SecurityContext
2025-08-25 18:38:42 [http-nio-8081-exec-8] DEBUG o.s.s.w.c.SecurityContextPersistenceFilter - Cleared SecurityContextHolder to complete request
2025-08-25 18:38:45 [http-nio-8081-exec-5] DEBUG o.s.security.web.FilterChainProxy - Securing POST /api/test/users/register
2025-08-25 18:38:45 [http-nio-8081-exec-5] DEBUG o.s.s.w.c.SecurityContextPersistenceFilter - Set SecurityContextHolder to empty SecurityContext
2025-08-25 18:38:45 [http-nio-8081-exec-5] DEBUG o.s.w.s.h.SimpleUrlHandlerMapping - Mapped to ResourceHttpRequestHandler [classpath [META-INF/resources/], classpath [resources/], classpath [static/], classpath [public/], ServletContext [/]]
2025-08-25 18:38:45 [http-nio-8081-exec-5] DEBUG o.s.s.w.a.AnonymousAuthenticationFilter - Set SecurityContextHolder to anonymous SecurityContext
2025-08-25 18:38:45 [http-nio-8081-exec-5] DEBUG o.s.s.w.a.i.FilterSecurityInterceptor - Failed to authorize filter invocation [POST /api/test/users/register] with attributes [authenticated]
2025-08-25 18:38:45 [http-nio-8081-exec-5] DEBUG o.s.s.w.s.HttpSessionRequestCache - Saved request http://localhost:8081/api/test/users/register to session
2025-08-25 18:38:45 [http-nio-8081-exec-5] DEBUG o.s.s.w.a.Http403ForbiddenEntryPoint - Pre-authenticated entry point called. Rejecting access
2025-08-25 18:38:45 [http-nio-8081-exec-5] DEBUG o.s.s.w.c.HttpSessionSecurityContextRepository - Did not store empty SecurityContext
2025-08-25 18:38:45 [http-nio-8081-exec-5] DEBUG o.s.s.w.c.HttpSessionSecurityContextRepository - Did not store empty SecurityContext
2025-08-25 18:38:45 [http-nio-8081-exec-5] DEBUG o.s.s.w.c.SecurityContextPersistenceFilter - Cleared SecurityContextHolder to complete request
2025-08-25 18:38:45 [http-nio-8081-exec-5] DEBUG o.s.security.web.FilterChainProxy - Securing POST /error
2025-08-25 18:38:45 [http-nio-8081-exec-5] DEBUG o.s.s.w.c.SecurityContextPersistenceFilter - Set SecurityContextHolder to empty SecurityContext
2025-08-25 18:38:45 [http-nio-8081-exec-5] DEBUG o.s.s.w.a.AnonymousAuthenticationFilter - Set SecurityContextHolder to anonymous SecurityContext
2025-08-25 18:38:45 [http-nio-8081-exec-5] DEBUG o.s.security.web.FilterChainProxy - Secured POST /error
2025-08-25 18:38:45 [http-nio-8081-exec-5] DEBUG o.s.web.servlet.DispatcherServlet - "ERROR" dispatch for POST "/error", parameters={}
2025-08-25 18:38:45 [http-nio-8081-exec-5] DEBUG o.s.w.s.m.m.a.RequestMappingHandlerMapping - Mapped to org.springframework.boot.autoconfigure.web.servlet.error.BasicErrorController#error(HttpServletRequest)
2025-08-25 18:38:45 [http-nio-8081-exec-5] DEBUG o.s.w.s.m.m.a.HttpEntityMethodProcessor - Using 'application/json', given [*/*] and supported [application/json, application/*+json, application/json, application/*+json]
2025-08-25 18:38:45 [http-nio-8081-exec-5] DEBUG o.s.w.s.m.m.a.HttpEntityMethodProcessor - Writing [{timestamp=Mon Aug 25 18:38:45 CST 2025, status=403, error=Forbidden, path=/api/test/users/register}]
2025-08-25 18:38:45 [http-nio-8081-exec-5] DEBUG o.s.s.w.c.HttpSessionSecurityContextRepository - Did not store anonymous SecurityContext
2025-08-25 18:38:45 [http-nio-8081-exec-5] DEBUG o.s.web.servlet.DispatcherServlet - Exiting from "ERROR" dispatch, status 403
2025-08-25 18:38:45 [http-nio-8081-exec-5] DEBUG o.s.s.w.c.HttpSessionSecurityContextRepository - Did not store anonymous SecurityContext
2025-08-25 18:38:45 [http-nio-8081-exec-5] DEBUG o.s.s.w.c.SecurityContextPersistenceFilter - Cleared SecurityContextHolder to complete request
2025-08-25 18:41:48 [http-nio-8081-exec-6] DEBUG o.s.security.web.FilterChainProxy - Securing POST /auth/register
2025-08-25 18:41:48 [http-nio-8081-exec-6] DEBUG o.s.s.w.c.SecurityContextPersistenceFilter - Set SecurityContextHolder to empty SecurityContext
2025-08-25 18:41:48 [http-nio-8081-exec-6] DEBUG o.s.w.s.m.m.a.RequestMappingHandlerMapping - Mapped to com.memorin.user.controller.AuthController#register(RegisterRequest)
2025-08-25 18:41:48 [http-nio-8081-exec-6] DEBUG o.s.s.w.a.AnonymousAuthenticationFilter - Set SecurityContextHolder to anonymous SecurityContext
2025-08-25 18:41:48 [http-nio-8081-exec-6] DEBUG o.s.s.w.a.i.FilterSecurityInterceptor - Authorized filter invocation [POST /auth/register] with attributes [permitAll]
2025-08-25 18:41:48 [http-nio-8081-exec-6] DEBUG o.s.security.web.FilterChainProxy - Secured POST /auth/register
2025-08-25 18:41:48 [http-nio-8081-exec-6] DEBUG o.s.web.servlet.DispatcherServlet - POST "/auth/register", parameters={}
2025-08-25 18:41:48 [http-nio-8081-exec-6] DEBUG o.s.w.s.m.m.a.RequestMappingHandlerMapping - Mapped to com.memorin.user.controller.AuthController#register(RegisterRequest)
2025-08-25 18:41:48 [http-nio-8081-exec-6] DEBUG o.s.w.s.m.m.a.RequestResponseBodyMethodProcessor - Read "application/json;charset=UTF-8" to [RegisterRequest{username='USER_001', email='user001@memorin.com', password='[PROTECTED]', nickname=' (truncated)...]
2025-08-25 18:41:48 [http-nio-8081-exec-6] DEBUG o.s.w.s.m.m.a.ExceptionHandlerExceptionResolver - Using @ExceptionHandler com.memorin.user.exception.GlobalExceptionHandler#handleValidationException(MethodArgumentNotValidException, WebRequest)
2025-08-25 18:41:48 [http-nio-8081-exec-6] ERROR c.m.u.e.GlobalExceptionHandler - 参数验证失败: Validation failed for argument [0] in public org.springframework.http.ResponseEntity<java.util.Map<java.lang.String, java.lang.Object>> com.memorin.user.controller.AuthController.register(com.memorin.user.dto.request.RegisterRequest): [Field error in object 'registerRequest' on field 'password': rejected value [123456]; codes [Pattern.registerRequest.password,Pattern.password,Pattern.java.lang.String,Pattern]; arguments [org.springframework.context.support.DefaultMessageSourceResolvable: codes [registerRequest.password,password]; arguments []; default message [password],[Ljavax.validation.constraints.Pattern$Flag;@4bf48377,^(?=.*[a-z])(?=.*[A-Z])(?=.*\d)[a-zA-Z\d@$!%*?&]{6,}$]; default message [密码必须包含至少一个小写字母、一个大写字母和一个数字]] 
2025-08-25 18:41:48 [http-nio-8081-exec-6] DEBUG o.s.w.s.m.m.a.HttpEntityMethodProcessor - Using 'application/json', given [*/*] and supported [application/json, application/*+json, application/json, application/*+json]
2025-08-25 18:41:48 [http-nio-8081-exec-6] DEBUG o.s.w.s.m.m.a.HttpEntityMethodProcessor - Writing [{path=uri=/auth/register, fieldErrors={password=密码必须包含至少一个小写字母、一个大写字母和一个数字}, success=false, error=VA (truncated)...]
2025-08-25 18:41:48 [http-nio-8081-exec-6] DEBUG o.s.s.w.c.HttpSessionSecurityContextRepository - Did not store anonymous SecurityContext
2025-08-25 18:41:48 [http-nio-8081-exec-6] DEBUG o.s.w.s.m.m.a.ExceptionHandlerExceptionResolver - Resolved [org.springframework.web.bind.MethodArgumentNotValidException: Validation failed for argument [0] in public org.springframework.http.ResponseEntity<java.util.Map<java.lang.String, java.lang.Object>> com.memorin.user.controller.AuthController.register(com.memorin.user.dto.request.RegisterRequest): [Field error in object 'registerRequest' on field 'password': rejected value [123456]; codes [Pattern.registerRequest.password,Pattern.password,Pattern.java.lang.String,Pattern]; arguments [org.springframework.context.support.DefaultMessageSourceResolvable: codes [registerRequest.password,password]; arguments []; default message [password],[Ljavax.validation.constraints.Pattern$Flag;@4bf48377,^(?=.*[a-z])(?=.*[A-Z])(?=.*\d)[a-zA-Z\d@$!%*?&]{6,}$]; default message [密码必须包含至少一个小写字母、一个大写字母和一个数字]] ]
2025-08-25 18:41:48 [http-nio-8081-exec-6] DEBUG o.s.web.servlet.DispatcherServlet - Completed 400 BAD_REQUEST
2025-08-25 18:41:48 [http-nio-8081-exec-6] DEBUG o.s.s.w.c.HttpSessionSecurityContextRepository - Did not store anonymous SecurityContext
2025-08-25 18:41:48 [http-nio-8081-exec-6] DEBUG o.s.s.w.c.SecurityContextPersistenceFilter - Cleared SecurityContextHolder to complete request
2025-08-25 18:41:52 [http-nio-8081-exec-2] DEBUG o.s.security.web.FilterChainProxy - Securing POST /auth/register
2025-08-25 18:41:52 [http-nio-8081-exec-2] DEBUG o.s.s.w.c.SecurityContextPersistenceFilter - Set SecurityContextHolder to empty SecurityContext
2025-08-25 18:41:52 [http-nio-8081-exec-2] DEBUG o.s.w.s.m.m.a.RequestMappingHandlerMapping - Mapped to com.memorin.user.controller.AuthController#register(RegisterRequest)
2025-08-25 18:41:52 [http-nio-8081-exec-2] DEBUG o.s.s.w.a.AnonymousAuthenticationFilter - Set SecurityContextHolder to anonymous SecurityContext
2025-08-25 18:41:52 [http-nio-8081-exec-2] DEBUG o.s.s.w.a.i.FilterSecurityInterceptor - Authorized filter invocation [POST /auth/register] with attributes [permitAll]
2025-08-25 18:41:52 [http-nio-8081-exec-2] DEBUG o.s.security.web.FilterChainProxy - Secured POST /auth/register
2025-08-25 18:41:52 [http-nio-8081-exec-2] DEBUG o.s.web.servlet.DispatcherServlet - POST "/auth/register", parameters={}
2025-08-25 18:41:52 [http-nio-8081-exec-2] DEBUG o.s.w.s.m.m.a.RequestMappingHandlerMapping - Mapped to com.memorin.user.controller.AuthController#register(RegisterRequest)
2025-08-25 18:41:52 [http-nio-8081-exec-2] DEBUG o.s.w.s.m.m.a.RequestResponseBodyMethodProcessor - Read "application/json;charset=UTF-8" to [RegisterRequest{username='USER_001', email='user001@memorin.com', password='[PROTECTED]', nickname=' (truncated)...]
2025-08-25 18:41:52 [http-nio-8081-exec-2] DEBUG org.hibernate.SQL - 
    /* select
        generatedAlias0 
    from
        User as generatedAlias0 
    where
        generatedAlias0.username=:param0 */ select
            user0_.id as id1_0_,
            user0_.created_at as created_2_0_,
            user0_.email as email3_0_,
            user0_.password_hash as password4_0_,
            user0_.status as status5_0_,
            user0_.updated_at as updated_6_0_,
            user0_.username as username7_0_ 
        from
            users user0_ 
        where
            user0_.username=?
2025-08-25 18:41:52 [http-nio-8081-exec-2] TRACE o.h.type.descriptor.sql.BasicBinder - binding parameter [1] as [VARCHAR] - [USER_001]
2025-08-25 18:41:52 [http-nio-8081-exec-2] DEBUG org.hibernate.SQL - 
    /* select
        generatedAlias0 
    from
        User as generatedAlias0 
    where
        generatedAlias0.email=:param0 */ select
            user0_.id as id1_0_,
            user0_.created_at as created_2_0_,
            user0_.email as email3_0_,
            user0_.password_hash as password4_0_,
            user0_.status as status5_0_,
            user0_.updated_at as updated_6_0_,
            user0_.username as username7_0_ 
        from
            users user0_ 
        where
            user0_.email=?
2025-08-25 18:41:52 [http-nio-8081-exec-2] TRACE o.h.type.descriptor.sql.BasicBinder - binding parameter [1] as [VARCHAR] - [user001@memorin.com]
2025-08-25 18:41:52 [http-nio-8081-exec-2] DEBUG org.hibernate.SQL - 
    /* insert com.memorin.user.entity.User
        */ insert 
        into
            users
            (created_at, email, password_hash, status, updated_at, username) 
        values
            (?, ?, ?, ?, ?, ?)
2025-08-25 18:41:52 [http-nio-8081-exec-2] TRACE o.h.type.descriptor.sql.BasicBinder - binding parameter [1] as [TIMESTAMP] - [2025-08-25T18:41:52.585]
2025-08-25 18:41:52 [http-nio-8081-exec-2] TRACE o.h.type.descriptor.sql.BasicBinder - binding parameter [2] as [VARCHAR] - [user001@memorin.com]
2025-08-25 18:41:52 [http-nio-8081-exec-2] TRACE o.h.type.descriptor.sql.BasicBinder - binding parameter [3] as [VARCHAR] - [$2a$10$/qZxjwLAe3svTbRb72cOy.o/sNg5A8uWo1WxilExNzu/eeajo7gcq]
2025-08-25 18:41:52 [http-nio-8081-exec-2] TRACE o.h.type.descriptor.sql.BasicBinder - binding parameter [4] as [VARCHAR] - [ACTIVE]
2025-08-25 18:41:52 [http-nio-8081-exec-2] TRACE o.h.type.descriptor.sql.BasicBinder - binding parameter [5] as [TIMESTAMP] - [2025-08-25T18:41:52.585]
2025-08-25 18:41:52 [http-nio-8081-exec-2] TRACE o.h.type.descriptor.sql.BasicBinder - binding parameter [6] as [VARCHAR] - [USER_001]
2025-08-25 18:41:52 [http-nio-8081-exec-2] DEBUG o.s.w.s.m.m.a.HttpEntityMethodProcessor - Using 'application/json', given [*/*] and supported [application/json, application/*+json, application/json, application/*+json]
2025-08-25 18:41:52 [http-nio-8081-exec-2] DEBUG o.s.w.s.m.m.a.HttpEntityMethodProcessor - Writing [{createdAt=2025-08-25T18:41:52.585, success=true, message=用户注册成功, userId=2, email=user001@memorin.co (truncated)...]
2025-08-25 18:41:52 [http-nio-8081-exec-2] DEBUG o.s.s.w.c.HttpSessionSecurityContextRepository - Did not store anonymous SecurityContext
2025-08-25 18:41:52 [http-nio-8081-exec-2] DEBUG o.s.web.servlet.DispatcherServlet - Completed 200 OK
2025-08-25 18:41:52 [http-nio-8081-exec-2] DEBUG o.s.s.w.c.HttpSessionSecurityContextRepository - Did not store anonymous SecurityContext
2025-08-25 18:41:52 [http-nio-8081-exec-2] DEBUG o.s.s.w.c.SecurityContextPersistenceFilter - Cleared SecurityContextHolder to complete request
2025-08-25 18:41:55 [http-nio-8081-exec-4] DEBUG o.s.security.web.FilterChainProxy - Securing POST /auth/login
2025-08-25 18:41:55 [http-nio-8081-exec-4] DEBUG o.s.s.w.c.SecurityContextPersistenceFilter - Set SecurityContextHolder to empty SecurityContext
2025-08-25 18:41:55 [http-nio-8081-exec-4] DEBUG o.s.w.s.m.m.a.RequestMappingHandlerMapping - Mapped to com.memorin.user.controller.AuthController#login(LoginRequest)
2025-08-25 18:41:55 [http-nio-8081-exec-4] DEBUG o.s.s.w.a.AnonymousAuthenticationFilter - Set SecurityContextHolder to anonymous SecurityContext
2025-08-25 18:41:55 [http-nio-8081-exec-4] DEBUG o.s.s.w.a.i.FilterSecurityInterceptor - Authorized filter invocation [POST /auth/login] with attributes [permitAll]
2025-08-25 18:41:55 [http-nio-8081-exec-4] DEBUG o.s.security.web.FilterChainProxy - Secured POST /auth/login
2025-08-25 18:41:55 [http-nio-8081-exec-4] DEBUG o.s.web.servlet.DispatcherServlet - POST "/auth/login", parameters={}
2025-08-25 18:41:55 [http-nio-8081-exec-4] DEBUG o.s.w.s.m.m.a.RequestMappingHandlerMapping - Mapped to com.memorin.user.controller.AuthController#login(LoginRequest)
2025-08-25 18:41:55 [http-nio-8081-exec-4] DEBUG o.s.w.s.m.m.a.RequestResponseBodyMethodProcessor - Read "application/json;charset=UTF-8" to [LoginRequest{username='USER_001', password='[PROTECTED]'}]
2025-08-25 18:41:55 [http-nio-8081-exec-4] DEBUG org.hibernate.SQL - 
    /* select
        generatedAlias0 
    from
        User as generatedAlias0 
    where
        generatedAlias0.username=:param0 */ select
            user0_.id as id1_0_,
            user0_.created_at as created_2_0_,
            user0_.email as email3_0_,
            user0_.password_hash as password4_0_,
            user0_.status as status5_0_,
            user0_.updated_at as updated_6_0_,
            user0_.username as username7_0_ 
        from
            users user0_ 
        where
            user0_.username=?
2025-08-25 18:41:55 [http-nio-8081-exec-4] TRACE o.h.type.descriptor.sql.BasicBinder - binding parameter [1] as [VARCHAR] - [USER_001]
2025-08-25 18:41:56 [http-nio-8081-exec-4] DEBUG org.hibernate.SQL - 
    /* update
        com.memorin.user.entity.User */ update
            users 
        set
            email=?,
            password_hash=?,
            status=?,
            updated_at=?,
            username=? 
        where
            id=?
2025-08-25 18:41:56 [http-nio-8081-exec-4] TRACE o.h.type.descriptor.sql.BasicBinder - binding parameter [1] as [VARCHAR] - [user001@memorin.com]
2025-08-25 18:41:56 [http-nio-8081-exec-4] TRACE o.h.type.descriptor.sql.BasicBinder - binding parameter [2] as [VARCHAR] - [$2a$10$/qZxjwLAe3svTbRb72cOy.o/sNg5A8uWo1WxilExNzu/eeajo7gcq]
2025-08-25 18:41:56 [http-nio-8081-exec-4] TRACE o.h.type.descriptor.sql.BasicBinder - binding parameter [3] as [VARCHAR] - [ACTIVE]
2025-08-25 18:41:56 [http-nio-8081-exec-4] TRACE o.h.type.descriptor.sql.BasicBinder - binding parameter [4] as [TIMESTAMP] - [2025-08-25T18:41:56.056]
2025-08-25 18:41:56 [http-nio-8081-exec-4] TRACE o.h.type.descriptor.sql.BasicBinder - binding parameter [5] as [VARCHAR] - [USER_001]
2025-08-25 18:41:56 [http-nio-8081-exec-4] TRACE o.h.type.descriptor.sql.BasicBinder - binding parameter [6] as [BIGINT] - [2]
2025-08-25 18:41:56 [http-nio-8081-exec-4] DEBUG o.s.w.s.m.m.a.HttpEntityMethodProcessor - Using 'application/json', given [*/*] and supported [application/json, application/*+json, application/json, application/*+json]
2025-08-25 18:41:56 [http-nio-8081-exec-4] DEBUG o.s.w.s.m.m.a.HttpEntityMethodProcessor - Writing [com.memorin.user.dto.response.LoginResponse@18fed7fa]
2025-08-25 18:41:56 [http-nio-8081-exec-4] DEBUG o.s.s.w.c.HttpSessionSecurityContextRepository - Did not store anonymous SecurityContext
2025-08-25 18:41:56 [http-nio-8081-exec-4] DEBUG o.s.web.servlet.DispatcherServlet - Completed 200 OK
2025-08-25 18:41:56 [http-nio-8081-exec-4] DEBUG o.s.s.w.c.HttpSessionSecurityContextRepository - Did not store anonymous SecurityContext
2025-08-25 18:41:56 [http-nio-8081-exec-4] DEBUG o.s.s.w.c.SecurityContextPersistenceFilter - Cleared SecurityContextHolder to complete request
