2025-08-25 13:22:34 [main] INFO  c.a.n.c.env.SearchableProperties - properties search order:PROPERTIES->JVM->ENV->DEFAULT_SETTING
2025-08-25 13:22:34 [main] INFO  c.m.review.ReviewServiceApplication - Starting ReviewServiceApplication using Java 1.8.0_451 on WIN-C3D985L1HJN with PID 15580 (D:\CODE\Memorin-rebuild\backend\memorin-review-service\target\classes started by Mechrevo in D:\CODE\Memorin-rebuild\backend\memorin-review-service)
2025-08-25 13:22:34 [main] DEBUG c.m.review.ReviewServiceApplication - Running with Spring Boot v2.7.18, Spring v5.3.31
2025-08-25 13:22:34 [main] INFO  c.m.review.ReviewServiceApplication - The following 1 profile is active: "dev"
2025-08-25 13:22:34 [main] INFO  o.s.d.r.c.RepositoryConfigurationDelegate - Bootstrapping Spring Data JPA repositories in DEFAULT mode.
2025-08-25 13:22:34 [main] INFO  o.s.d.r.c.RepositoryConfigurationDelegate - Finished Spring Data repository scanning in 35 ms. Found 3 JPA repository interfaces.
2025-08-25 13:22:34 [main] INFO  o.s.cloud.context.scope.GenericScope - BeanFactory id=4e7ba4f4-f3f0-3320-b8a1-691e505a51e5
2025-08-25 13:22:35 [main] INFO  o.s.b.w.e.tomcat.TomcatWebServer - Tomcat initialized with port(s): 8083 (http)
2025-08-25 13:22:35 [main] INFO  o.a.catalina.core.StandardService - Starting service [Tomcat]
2025-08-25 13:22:35 [main] INFO  o.a.catalina.core.StandardEngine - Starting Servlet engine: [Apache Tomcat/9.0.83]
2025-08-25 13:22:35 [main] INFO  o.a.c.c.C.[Tomcat].[localhost].[/] - Initializing Spring embedded WebApplicationContext
2025-08-25 13:22:35 [main] INFO  o.s.b.w.s.c.ServletWebServerApplicationContext - Root WebApplicationContext: initialization completed in 1065 ms
2025-08-25 13:22:35 [main] INFO  com.zaxxer.hikari.HikariDataSource - HikariPool-1 - Starting...
2025-08-25 13:22:35 [main] INFO  com.zaxxer.hikari.HikariDataSource - HikariPool-1 - Start completed.
2025-08-25 13:22:35 [main] INFO  o.s.b.a.h.H2ConsoleAutoConfiguration - H2 console available at '/h2-console'. Database available at 'jdbc:h2:mem:review_db'
2025-08-25 13:22:35 [main] INFO  o.h.jpa.internal.util.LogHelper - HHH000204: Processing PersistenceUnitInfo [name: default]
2025-08-25 13:22:35 [main] INFO  org.hibernate.Version - HHH000412: Hibernate ORM core version 5.6.15.Final
2025-08-25 13:22:35 [main] INFO  o.h.annotations.common.Version - HCANN000001: Hibernate Commons Annotations {5.1.2.Final}
2025-08-25 13:22:35 [main] INFO  org.hibernate.dialect.Dialect - HHH000400: Using dialect: org.hibernate.dialect.H2Dialect
2025-08-25 13:22:36 [main] DEBUG org.hibernate.SQL - 
    
    drop table if exists mistake_records CASCADE 
2025-08-25 13:22:36 [main] DEBUG org.hibernate.SQL - 
    
    drop table if exists review_sessions CASCADE 
2025-08-25 13:22:36 [main] DEBUG org.hibernate.SQL - 
    
    drop table if exists review_submissions CASCADE 
2025-08-25 13:22:36 [main] DEBUG org.hibernate.SQL - 
    
    create table mistake_records (
       id varchar(50) not null,
        correct_count integer,
        created_at timestamp not null,
        difficulty_level varchar(20),
        first_mistake_time timestamp not null,
        is_resolved boolean not null,
        knowledge_point_id varchar(50) not null,
        last_mistake_time timestamp not null,
        mistake_count integer not null,
        mistake_reasons TEXT,
        mistake_tags varchar(500),
        question_type varchar(20),
        resolved_time timestamp,
        total_review_count integer,
        updated_at timestamp not null,
        user_id varchar(50) not null,
        user_notes varchar(1000),
        primary key (id)
    )
2025-08-25 13:22:36 [main] DEBUG org.hibernate.SQL - 
    
    create table review_sessions (
       id varchar(50) not null,
        completed_count integer not null check (completed_count>=0),
        correct_count integer not null check (correct_count>=0),
        created_at bigint not null,
        current_index integer not null check (current_index>=0),
        end_time bigint,
        estimated_duration_minutes integer,
        is_active boolean not null,
        notes varchar(500),
        pause_time bigint,
        question_list varchar(5000),
        review_mode varchar(50) not null,
        session_config varchar(2000),
        start_time bigint,
        status varchar(20) not null,
        total_pause_duration bigint,
        total_questions integer not null check (total_questions>=1 AND total_questions<=1000),
        updated_at bigint not null,
        user_id varchar(50) not null,
        primary key (id)
    )
2025-08-25 13:22:36 [main] DEBUG org.hibernate.SQL - 
    
    create table review_submissions (
       id varchar(50) not null,
        created_at bigint not null,
        is_correct boolean,
        is_skipped boolean not null,
        knowledge_point_id varchar(50) not null,
        mistake_reason varchar(500),
        new_ease_factor double,
        new_interval integer,
        next_review_time bigint,
        perceived_difficulty integer check (perceived_difficulty>=1 AND perceived_difficulty<=5),
        previous_ease_factor double,
        previous_interval integer,
        quality_rating integer not null check (quality_rating>=1 AND quality_rating<=3),
        question_index integer not null check (question_index>=0),
        question_type varchar(20) not null,
        session_id varchar(50) not null,
        study_notes varchar(1000),
        submission_type varchar(20) not null,
        time_spent_seconds integer not null check (time_spent_seconds<=3600 AND time_spent_seconds>=1),
        updated_at bigint not null,
        user_answer varchar(3000),
        primary key (id)
    )
2025-08-25 13:22:36 [main] DEBUG org.hibernate.SQL - create index idx_session_user_id on review_sessions (user_id)
2025-08-25 13:22:36 [main] DEBUG org.hibernate.SQL - create index idx_session_status on review_sessions (status)
2025-08-25 13:22:36 [main] DEBUG org.hibernate.SQL - create index idx_session_mode on review_sessions (review_mode)
2025-08-25 13:22:36 [main] DEBUG org.hibernate.SQL - create index idx_session_created on review_sessions (created_at)
2025-08-25 13:22:36 [main] DEBUG org.hibernate.SQL - create index idx_submission_session_id on review_submissions (session_id)
2025-08-25 13:22:36 [main] DEBUG org.hibernate.SQL - create index idx_submission_knowledge_id on review_submissions (knowledge_point_id)
2025-08-25 13:22:36 [main] DEBUG org.hibernate.SQL - create index idx_submission_created on review_submissions (created_at)
2025-08-25 13:22:36 [main] DEBUG org.hibernate.SQL - create index idx_submission_rating on review_submissions (quality_rating)
2025-08-25 13:22:36 [main] INFO  o.h.e.t.j.p.i.JtaPlatformInitiator - HHH000490: Using JtaPlatform implementation: [org.hibernate.engine.transaction.jta.platform.internal.NoJtaPlatform]
2025-08-25 13:22:36 [main] INFO  o.s.o.j.LocalContainerEntityManagerFactoryBean - Initialized JPA EntityManagerFactory for persistence unit 'default'
2025-08-25 13:22:36 [main] INFO  c.m.r.c.StrategyAutoConfiguration - [策略注册] 开始自动注册所有策略实现类...
2025-08-25 13:22:36 [main] INFO  c.m.r.c.StrategyAutoConfiguration - [策略注册] 发现 5 个数据源策略
2025-08-25 13:22:36 [main] INFO  c.m.r.s.QuestionGeneratorService - [策略注册] 数据源策略: all-knowledge - 获取所有知识点
2025-08-25 13:22:36 [main] DEBUG c.m.r.c.StrategyAutoConfiguration - [策略注册] 数据源策略注册成功: all-knowledge - 获取所有知识点
2025-08-25 13:22:36 [main] INFO  c.m.r.s.QuestionGeneratorService - [策略注册] 数据源策略: all-mistakes - 获取用户所有未解决的错题记录，用于错题专项复习
2025-08-25 13:22:36 [main] DEBUG c.m.r.c.StrategyAutoConfiguration - [策略注册] 数据源策略注册成功: all-mistakes - 获取用户所有未解决的错题记录，用于错题专项复习
2025-08-25 13:22:36 [main] INFO  c.m.r.s.QuestionGeneratorService - [策略注册] 数据源策略: high-priority-mistakes - 获取需要重点复习的高优先级错题，基于错误次数和准确率筛选
2025-08-25 13:22:36 [main] DEBUG c.m.r.c.StrategyAutoConfiguration - [策略注册] 数据源策略注册成功: high-priority-mistakes - 获取需要重点复习的高优先级错题，基于错误次数和准确率筛选
2025-08-25 13:22:36 [main] INFO  c.m.r.s.QuestionGeneratorService - [策略注册] 数据源策略: mistakes-by-type - 根据题目类型获取错题记录，支持特定类型的错题专项复习
2025-08-25 13:22:36 [main] DEBUG c.m.r.c.StrategyAutoConfiguration - [策略注册] 数据源策略注册成功: mistakes-by-type - 根据题目类型获取错题记录，支持特定类型的错题专项复习
2025-08-25 13:22:36 [main] INFO  c.m.r.s.QuestionGeneratorService - [策略注册] 数据源策略: mock-data - 模拟数据源（用于测试）
2025-08-25 13:22:36 [main] DEBUG c.m.r.c.StrategyAutoConfiguration - [策略注册] 数据源策略注册成功: mock-data - 模拟数据源（用于测试）
2025-08-25 13:22:36 [main] INFO  c.m.r.c.StrategyAutoConfiguration - [策略注册] 发现 0 个过滤器策略
2025-08-25 13:22:36 [main] INFO  c.m.r.c.StrategyAutoConfiguration - [策略注册] 发现 1 个排序器策略
2025-08-25 13:22:36 [main] INFO  c.m.r.s.QuestionGeneratorService - [策略注册] 排序器策略: random - 随机排序
2025-08-25 13:22:36 [main] DEBUG c.m.r.c.StrategyAutoConfiguration - [策略注册] 排序器策略注册成功: random - 随机排序
2025-08-25 13:22:36 [main] INFO  c.m.r.c.StrategyAutoConfiguration - [策略注册] 发现 1 个限制器策略
2025-08-25 13:22:36 [main] INFO  c.m.r.s.QuestionGeneratorService - [策略注册] 限制器策略: fixed-count - 固定数量限制
2025-08-25 13:22:36 [main] DEBUG c.m.r.c.StrategyAutoConfiguration - [策略注册] 限制器策略注册成功: fixed-count - 固定数量限制
2025-08-25 13:22:36 [main] INFO  c.m.r.c.StrategyAutoConfiguration - [策略注册] 所有策略注册完成
2025-08-25 13:22:36 [main] WARN  o.s.b.a.o.j.JpaBaseConfiguration$JpaWebConfiguration - spring.jpa.open-in-view is enabled by default. Therefore, database queries may be performed during view rendering. Explicitly configure spring.jpa.open-in-view to disable this warning
2025-08-25 13:22:37 [main] INFO  o.s.b.a.e.web.EndpointLinksResolver - Exposing 3 endpoint(s) beneath base path '/actuator'
2025-08-25 13:22:37 [main] INFO  o.s.b.w.e.tomcat.TomcatWebServer - Tomcat started on port(s): 8083 (http) with context path ''
2025-08-25 13:22:37 [main] INFO  c.m.review.ReviewServiceApplication - Started ReviewServiceApplication in 3.538 seconds (JVM running for 3.773)
2025-08-25 13:52:26 [http-nio-8083-exec-1] INFO  o.a.c.c.C.[Tomcat].[localhost].[/] - Initializing Spring DispatcherServlet 'dispatcherServlet'
2025-08-25 13:52:26 [http-nio-8083-exec-1] INFO  o.s.web.servlet.DispatcherServlet - Initializing Servlet 'dispatcherServlet'
2025-08-25 13:52:26 [http-nio-8083-exec-1] INFO  o.s.web.servlet.DispatcherServlet - Completed initialization in 1 ms
2025-08-25 13:52:47 [http-nio-8083-exec-6] INFO  c.m.r.c.ReviewAlgorithmController - 执行SM-2算法测试
2025-08-25 13:52:47 [http-nio-8083-exec-6] INFO  c.m.r.service.ReviewAlgorithmService - 开始计算SM-2算法，输入参数: easeFactor=2.5, interval=7, quality=1
2025-08-25 13:52:47 [http-nio-8083-exec-6] INFO  c.m.r.service.ReviewAlgorithmService - 错误评分处理: 新易度因子=2.2, 新间隔=1天, 6小时后复习
2025-08-25 13:52:47 [http-nio-8083-exec-6] INFO  c.m.r.service.ReviewAlgorithmService - SM-2算法计算完成: 输入[EF=2.5, I=7, Q=1] -> 输出[EF=2.2, I=1, 复习强度=IMMEDIATE]
2025-08-25 13:52:47 [http-nio-8083-exec-6] INFO  c.m.r.service.ReviewAlgorithmService - 开始计算SM-2算法，输入参数: easeFactor=2.5, interval=7, quality=2
2025-08-25 13:52:47 [http-nio-8083-exec-6] INFO  c.m.r.service.ReviewAlgorithmService - 模糊评分处理: 新易度因子=2.4, 新间隔=4天, 4天后复习
2025-08-25 13:52:47 [http-nio-8083-exec-6] INFO  c.m.r.service.ReviewAlgorithmService - SM-2算法计算完成: 输入[EF=2.5, I=7, Q=2] -> 输出[EF=2.4, I=4, 复习强度=SHORT]
2025-08-25 13:52:47 [http-nio-8083-exec-6] INFO  c.m.r.service.ReviewAlgorithmService - 开始计算SM-2算法，输入参数: easeFactor=2.5, interval=7, quality=3
2025-08-25 13:52:47 [http-nio-8083-exec-6] INFO  c.m.r.service.ReviewAlgorithmService - 正确评分处理: 新易度因子=2.65, 新间隔=19天, 19天后复习
2025-08-25 13:52:47 [http-nio-8083-exec-6] INFO  c.m.r.service.ReviewAlgorithmService - SM-2算法计算完成: 输入[EF=2.5, I=7, Q=3] -> 输出[EF=2.65, I=19, 复习强度=MEDIUM]
2025-08-25 13:52:47 [http-nio-8083-exec-6] INFO  c.m.r.service.ReviewAlgorithmService - 返回默认算法参数: EF=2.5, I=1天
2025-08-25 13:53:04 [http-nio-8083-exec-5] INFO  c.m.r.c.ReviewSessionController - 获取用户会话列表，用户ID: USER_001, 状态过滤: null, 限制数量: null
2025-08-25 13:53:04 [http-nio-8083-exec-5] INFO  c.m.r.service.ReviewSessionService - 获取用户会话列表，用户ID: USER_001, 状态过滤: null, 限制数量: null
2025-08-25 13:53:04 [http-nio-8083-exec-5] DEBUG org.hibernate.SQL - 
    /* SELECT
        s 
    FROM
        ReviewSession s 
    WHERE
        s.userId = :userId 
        AND s.isActive = true 
    ORDER BY
        s.createdAt DESC */ select
            reviewsess0_.id as id1_1_,
            reviewsess0_.completed_count as complete2_1_,
            reviewsess0_.correct_count as correct_3_1_,
            reviewsess0_.created_at as created_4_1_,
            reviewsess0_.current_index as current_5_1_,
            reviewsess0_.end_time as end_time6_1_,
            reviewsess0_.estimated_duration_minutes as estimate7_1_,
            reviewsess0_.is_active as is_activ8_1_,
            reviewsess0_.notes as notes9_1_,
            reviewsess0_.pause_time as pause_t10_1_,
            reviewsess0_.question_list as questio11_1_,
            reviewsess0_.review_mode as review_12_1_,
            reviewsess0_.session_config as session13_1_,
            reviewsess0_.start_time as start_t14_1_,
            reviewsess0_.status as status15_1_,
            reviewsess0_.total_pause_duration as total_p16_1_,
            reviewsess0_.total_questions as total_q17_1_,
            reviewsess0_.updated_at as updated18_1_,
            reviewsess0_.user_id as user_id19_1_ 
        from
            review_sessions reviewsess0_ 
        where
            reviewsess0_.user_id=? 
            and reviewsess0_.is_active=true 
        order by
            reviewsess0_.created_at DESC
2025-08-25 13:53:04 [http-nio-8083-exec-5] TRACE o.h.type.descriptor.sql.BasicBinder - binding parameter [1] as [VARCHAR] - [USER_001]
2025-08-25 13:53:16 [http-nio-8083-exec-9] WARN  o.s.w.s.m.s.DefaultHandlerExceptionResolver - Resolved [org.springframework.web.HttpRequestMethodNotSupportedException: Request method 'GET' not supported]
2025-08-25 13:53:30 [http-nio-8083-exec-4] WARN  o.s.w.s.m.s.DefaultHandlerExceptionResolver - Resolved [org.springframework.web.bind.MethodArgumentNotValidException: Validation failed for argument [0] in public org.springframework.http.ResponseEntity<java.util.Map<java.lang.String, java.lang.Object>> com.memorin.review.controller.ReviewSessionController.createSession(com.memorin.review.dto.request.CreateReviewSessionRequest,java.lang.String): [Field error in object 'createReviewSessionRequest' on field 'targetQuestionCount': rejected value [null]; codes [NotNull.createReviewSessionRequest.targetQuestionCount,NotNull.targetQuestionCount,NotNull.java.lang.Integer,NotNull]; arguments [org.springframework.context.support.DefaultMessageSourceResolvable: codes [createReviewSessionRequest.targetQuestionCount,targetQuestionCount]; arguments []; default message [targetQuestionCount]]; default message [题目数量不能为空]] ]
2025-08-25 13:53:40 [http-nio-8083-exec-8] DEBUG c.m.r.controller.MistakeController - 获取用户所有错题: userId=test_user_001
2025-08-25 13:53:40 [http-nio-8083-exec-8] DEBUG c.m.r.s.MistakeManagementService - 获取用户所有错题: userId=test_user_001
2025-08-25 13:53:40 [http-nio-8083-exec-8] DEBUG org.hibernate.SQL - 
    /* select
        generatedAlias0 
    from
        MistakeRecord as generatedAlias0 
    where
        generatedAlias0.userId=:param0 
    order by
        generatedAlias0.lastMistakeTime desc */ select
            mistakerec0_.id as id1_0_,
            mistakerec0_.correct_count as correct_2_0_,
            mistakerec0_.created_at as created_3_0_,
            mistakerec0_.difficulty_level as difficul4_0_,
            mistakerec0_.first_mistake_time as first_mi5_0_,
            mistakerec0_.is_resolved as is_resol6_0_,
            mistakerec0_.knowledge_point_id as knowledg7_0_,
            mistakerec0_.last_mistake_time as last_mis8_0_,
            mistakerec0_.mistake_count as mistake_9_0_,
            mistakerec0_.mistake_reasons as mistake10_0_,
            mistakerec0_.mistake_tags as mistake11_0_,
            mistakerec0_.question_type as questio12_0_,
            mistakerec0_.resolved_time as resolve13_0_,
            mistakerec0_.total_review_count as total_r14_0_,
            mistakerec0_.updated_at as updated15_0_,
            mistakerec0_.user_id as user_id16_0_,
            mistakerec0_.user_notes as user_no17_0_ 
        from
            mistake_records mistakerec0_ 
        where
            mistakerec0_.user_id=? 
        order by
            mistakerec0_.last_mistake_time desc
2025-08-25 13:53:40 [http-nio-8083-exec-8] TRACE o.h.type.descriptor.sql.BasicBinder - binding parameter [1] as [VARCHAR] - [test_user_001]
2025-08-25 13:53:40 [http-nio-8083-exec-8] DEBUG c.m.r.controller.MistakeController - 用户错题查询成功: userId=test_user_001, 数量=0
2025-08-25 13:54:07 [http-nio-8083-exec-9] INFO  c.m.r.c.ReviewSessionController - 获取用户活跃会话，用户ID: test_user_001
2025-08-25 13:54:07 [http-nio-8083-exec-9] INFO  c.m.r.service.ReviewSessionService - 获取用户活跃会话，用户ID: test_user_001
2025-08-25 13:54:07 [http-nio-8083-exec-9] DEBUG org.hibernate.SQL - 
    /* SELECT
        s 
    FROM
        ReviewSession s 
    WHERE
        s.userId = :userId 
        AND s.status IN (
            'ACTIVE', 'PAUSED'
        ) 
        AND s.isActive = true 
    ORDER BY
        s.updatedAt DESC */ select
            reviewsess0_.id as id1_1_,
            reviewsess0_.completed_count as complete2_1_,
            reviewsess0_.correct_count as correct_3_1_,
            reviewsess0_.created_at as created_4_1_,
            reviewsess0_.current_index as current_5_1_,
            reviewsess0_.end_time as end_time6_1_,
            reviewsess0_.estimated_duration_minutes as estimate7_1_,
            reviewsess0_.is_active as is_activ8_1_,
            reviewsess0_.notes as notes9_1_,
            reviewsess0_.pause_time as pause_t10_1_,
            reviewsess0_.question_list as questio11_1_,
            reviewsess0_.review_mode as review_12_1_,
            reviewsess0_.session_config as session13_1_,
            reviewsess0_.start_time as start_t14_1_,
            reviewsess0_.status as status15_1_,
            reviewsess0_.total_pause_duration as total_p16_1_,
            reviewsess0_.total_questions as total_q17_1_,
            reviewsess0_.updated_at as updated18_1_,
            reviewsess0_.user_id as user_id19_1_ 
        from
            review_sessions reviewsess0_ 
        where
            reviewsess0_.user_id=? 
            and (
                reviewsess0_.status in (
                    'ACTIVE' , 'PAUSED'
                )
            ) 
            and reviewsess0_.is_active=true 
        order by
            reviewsess0_.updated_at DESC
2025-08-25 13:54:07 [http-nio-8083-exec-9] TRACE o.h.type.descriptor.sql.BasicBinder - binding parameter [1] as [VARCHAR] - [test_user_001]
2025-08-25 13:54:11 [http-nio-8083-exec-4] DEBUG c.m.r.controller.MistakeController - 获取用户所有错题: userId=test_user_001
2025-08-25 13:54:11 [http-nio-8083-exec-4] DEBUG c.m.r.s.MistakeManagementService - 获取用户所有错题: userId=test_user_001
2025-08-25 13:54:11 [http-nio-8083-exec-4] DEBUG org.hibernate.SQL - 
    /* select
        generatedAlias0 
    from
        MistakeRecord as generatedAlias0 
    where
        generatedAlias0.userId=:param0 
    order by
        generatedAlias0.lastMistakeTime desc */ select
            mistakerec0_.id as id1_0_,
            mistakerec0_.correct_count as correct_2_0_,
            mistakerec0_.created_at as created_3_0_,
            mistakerec0_.difficulty_level as difficul4_0_,
            mistakerec0_.first_mistake_time as first_mi5_0_,
            mistakerec0_.is_resolved as is_resol6_0_,
            mistakerec0_.knowledge_point_id as knowledg7_0_,
            mistakerec0_.last_mistake_time as last_mis8_0_,
            mistakerec0_.mistake_count as mistake_9_0_,
            mistakerec0_.mistake_reasons as mistake10_0_,
            mistakerec0_.mistake_tags as mistake11_0_,
            mistakerec0_.question_type as questio12_0_,
            mistakerec0_.resolved_time as resolve13_0_,
            mistakerec0_.total_review_count as total_r14_0_,
            mistakerec0_.updated_at as updated15_0_,
            mistakerec0_.user_id as user_id16_0_,
            mistakerec0_.user_notes as user_no17_0_ 
        from
            mistake_records mistakerec0_ 
        where
            mistakerec0_.user_id=? 
        order by
            mistakerec0_.last_mistake_time desc
2025-08-25 13:54:11 [http-nio-8083-exec-4] TRACE o.h.type.descriptor.sql.BasicBinder - binding parameter [1] as [VARCHAR] - [test_user_001]
2025-08-25 13:54:11 [http-nio-8083-exec-4] DEBUG c.m.r.controller.MistakeController - 用户错题查询成功: userId=test_user_001, 数量=0
2025-08-25 13:54:13 [http-nio-8083-exec-6] INFO  c.m.r.controller.MistakeController - 错题管理服务测试接口调用
2025-08-25 13:54:13 [http-nio-8083-exec-6] INFO  c.m.r.s.MistakeManagementService - 添加错题记录: userId=USER_001, knowledgePointId=TEST_KNOWLEDGE_001, reason=测试错误原因
2025-08-25 13:54:13 [http-nio-8083-exec-6] DEBUG org.hibernate.SQL - 
    /* select
        generatedAlias0 
    from
        MistakeRecord as generatedAlias0 
    where
        (
            generatedAlias0.userId=:param0 
        ) 
        and (
            generatedAlias0.knowledgePointId=:param1 
        ) */ select
            mistakerec0_.id as id1_0_,
            mistakerec0_.correct_count as correct_2_0_,
            mistakerec0_.created_at as created_3_0_,
            mistakerec0_.difficulty_level as difficul4_0_,
            mistakerec0_.first_mistake_time as first_mi5_0_,
            mistakerec0_.is_resolved as is_resol6_0_,
            mistakerec0_.knowledge_point_id as knowledg7_0_,
            mistakerec0_.last_mistake_time as last_mis8_0_,
            mistakerec0_.mistake_count as mistake_9_0_,
            mistakerec0_.mistake_reasons as mistake10_0_,
            mistakerec0_.mistake_tags as mistake11_0_,
            mistakerec0_.question_type as questio12_0_,
            mistakerec0_.resolved_time as resolve13_0_,
            mistakerec0_.total_review_count as total_r14_0_,
            mistakerec0_.updated_at as updated15_0_,
            mistakerec0_.user_id as user_id16_0_,
            mistakerec0_.user_notes as user_no17_0_ 
        from
            mistake_records mistakerec0_ 
        where
            mistakerec0_.user_id=? 
            and mistakerec0_.knowledge_point_id=?
2025-08-25 13:54:13 [http-nio-8083-exec-6] TRACE o.h.type.descriptor.sql.BasicBinder - binding parameter [1] as [VARCHAR] - [USER_001]
2025-08-25 13:54:13 [http-nio-8083-exec-6] TRACE o.h.type.descriptor.sql.BasicBinder - binding parameter [2] as [VARCHAR] - [TEST_KNOWLEDGE_001]
2025-08-25 13:54:13 [http-nio-8083-exec-6] INFO  c.m.r.s.MistakeManagementService - 创建新错题记录: id=MR_20250825_001
2025-08-25 13:54:13 [http-nio-8083-exec-6] DEBUG org.hibernate.SQL - 
    /* load com.memorin.review.entity.MistakeRecord */ select
        mistakerec0_.id as id1_0_0_,
        mistakerec0_.correct_count as correct_2_0_0_,
        mistakerec0_.created_at as created_3_0_0_,
        mistakerec0_.difficulty_level as difficul4_0_0_,
        mistakerec0_.first_mistake_time as first_mi5_0_0_,
        mistakerec0_.is_resolved as is_resol6_0_0_,
        mistakerec0_.knowledge_point_id as knowledg7_0_0_,
        mistakerec0_.last_mistake_time as last_mis8_0_0_,
        mistakerec0_.mistake_count as mistake_9_0_0_,
        mistakerec0_.mistake_reasons as mistake10_0_0_,
        mistakerec0_.mistake_tags as mistake11_0_0_,
        mistakerec0_.question_type as questio12_0_0_,
        mistakerec0_.resolved_time as resolve13_0_0_,
        mistakerec0_.total_review_count as total_r14_0_0_,
        mistakerec0_.updated_at as updated15_0_0_,
        mistakerec0_.user_id as user_id16_0_0_,
        mistakerec0_.user_notes as user_no17_0_0_ 
    from
        mistake_records mistakerec0_ 
    where
        mistakerec0_.id=?
2025-08-25 13:54:13 [http-nio-8083-exec-6] TRACE o.h.type.descriptor.sql.BasicBinder - binding parameter [1] as [VARCHAR] - [MR_20250825_001]
2025-08-25 13:54:13 [http-nio-8083-exec-6] INFO  c.m.r.s.MistakeManagementService - 错题记录保存成功: id=MR_20250825_001
2025-08-25 13:54:13 [http-nio-8083-exec-6] DEBUG org.hibernate.SQL - 
    /* insert com.memorin.review.entity.MistakeRecord
        */ insert 
        into
            mistake_records
            (correct_count, created_at, difficulty_level, first_mistake_time, is_resolved, knowledge_point_id, last_mistake_time, mistake_count, mistake_reasons, mistake_tags, question_type, resolved_time, total_review_count, updated_at, user_id, user_notes, id) 
        values
            (?, ?, ?, ?, ?, ?, ?, ?, ?, ?, ?, ?, ?, ?, ?, ?, ?)
2025-08-25 13:54:13 [http-nio-8083-exec-6] TRACE o.h.type.descriptor.sql.BasicBinder - binding parameter [1] as [INTEGER] - [0]
2025-08-25 13:54:13 [http-nio-8083-exec-6] TRACE o.h.type.descriptor.sql.BasicBinder - binding parameter [2] as [TIMESTAMP] - [2025-08-25T13:54:13.025]
2025-08-25 13:54:13 [http-nio-8083-exec-6] TRACE o.h.type.descriptor.sql.BasicBinder - binding parameter [3] as [VARCHAR] - [medium]
2025-08-25 13:54:13 [http-nio-8083-exec-6] TRACE o.h.type.descriptor.sql.BasicBinder - binding parameter [4] as [TIMESTAMP] - [2025-08-25T13:54:13.025]
2025-08-25 13:54:13 [http-nio-8083-exec-6] TRACE o.h.type.descriptor.sql.BasicBinder - binding parameter [5] as [BOOLEAN] - [false]
2025-08-25 13:54:13 [http-nio-8083-exec-6] TRACE o.h.type.descriptor.sql.BasicBinder - binding parameter [6] as [VARCHAR] - [TEST_KNOWLEDGE_001]
2025-08-25 13:54:13 [http-nio-8083-exec-6] TRACE o.h.type.descriptor.sql.BasicBinder - binding parameter [7] as [TIMESTAMP] - [2025-08-25T13:54:13.025]
2025-08-25 13:54:13 [http-nio-8083-exec-6] TRACE o.h.type.descriptor.sql.BasicBinder - binding parameter [8] as [INTEGER] - [2]
2025-08-25 13:54:13 [http-nio-8083-exec-6] TRACE o.h.type.descriptor.sql.BasicBinder - binding parameter [9] as [VARCHAR] - [["测试错误原因"]]
2025-08-25 13:54:13 [http-nio-8083-exec-6] TRACE o.h.type.descriptor.sql.BasicBinder - binding parameter [10] as [VARCHAR] - [null]
2025-08-25 13:54:13 [http-nio-8083-exec-6] TRACE o.h.type.descriptor.sql.BasicBinder - binding parameter [11] as [VARCHAR] - [choice]
2025-08-25 13:54:13 [http-nio-8083-exec-6] TRACE o.h.type.descriptor.sql.BasicBinder - binding parameter [12] as [TIMESTAMP] - [null]
2025-08-25 13:54:13 [http-nio-8083-exec-6] TRACE o.h.type.descriptor.sql.BasicBinder - binding parameter [13] as [INTEGER] - [0]
2025-08-25 13:54:13 [http-nio-8083-exec-6] TRACE o.h.type.descriptor.sql.BasicBinder - binding parameter [14] as [TIMESTAMP] - [2025-08-25T13:54:13.025]
2025-08-25 13:54:13 [http-nio-8083-exec-6] TRACE o.h.type.descriptor.sql.BasicBinder - binding parameter [15] as [VARCHAR] - [USER_001]
2025-08-25 13:54:13 [http-nio-8083-exec-6] TRACE o.h.type.descriptor.sql.BasicBinder - binding parameter [16] as [VARCHAR] - [null]
2025-08-25 13:54:13 [http-nio-8083-exec-6] TRACE o.h.type.descriptor.sql.BasicBinder - binding parameter [17] as [VARCHAR] - [MR_20250825_001]
2025-08-25 13:54:14 [http-nio-8083-exec-5] INFO  c.m.r.c.ReviewSessionController - 创建测试会话
2025-08-25 13:54:14 [http-nio-8083-exec-5] INFO  c.m.r.service.ReviewSessionService - 创建复习会话，用户ID: USER_001, 复习模式: smart-review, 目标题目数: 10
2025-08-25 13:54:14 [http-nio-8083-exec-5] DEBUG org.hibernate.SQL - 
    /* load com.memorin.review.entity.ReviewSession */ select
        reviewsess0_.id as id1_1_0_,
        reviewsess0_.completed_count as complete2_1_0_,
        reviewsess0_.correct_count as correct_3_1_0_,
        reviewsess0_.created_at as created_4_1_0_,
        reviewsess0_.current_index as current_5_1_0_,
        reviewsess0_.end_time as end_time6_1_0_,
        reviewsess0_.estimated_duration_minutes as estimate7_1_0_,
        reviewsess0_.is_active as is_activ8_1_0_,
        reviewsess0_.notes as notes9_1_0_,
        reviewsess0_.pause_time as pause_t10_1_0_,
        reviewsess0_.question_list as questio11_1_0_,
        reviewsess0_.review_mode as review_12_1_0_,
        reviewsess0_.session_config as session13_1_0_,
        reviewsess0_.start_time as start_t14_1_0_,
        reviewsess0_.status as status15_1_0_,
        reviewsess0_.total_pause_duration as total_p16_1_0_,
        reviewsess0_.total_questions as total_q17_1_0_,
        reviewsess0_.updated_at as updated18_1_0_,
        reviewsess0_.user_id as user_id19_1_0_ 
    from
        review_sessions reviewsess0_ 
    where
        reviewsess0_.id=?
2025-08-25 13:54:14 [http-nio-8083-exec-5] TRACE o.h.type.descriptor.sql.BasicBinder - binding parameter [1] as [VARCHAR] - [RS_20250825_001]
2025-08-25 13:54:14 [http-nio-8083-exec-5] INFO  c.m.r.service.ReviewSessionService - 成功创建复习会话，ID: RS_20250825_001, 总题目数: 10
2025-08-25 13:54:14 [http-nio-8083-exec-5] DEBUG org.hibernate.SQL - 
    /* insert com.memorin.review.entity.ReviewSession
        */ insert 
        into
            review_sessions
            (completed_count, correct_count, created_at, current_index, end_time, estimated_duration_minutes, is_active, notes, pause_time, question_list, review_mode, session_config, start_time, status, total_pause_duration, total_questions, updated_at, user_id, id) 
        values
            (?, ?, ?, ?, ?, ?, ?, ?, ?, ?, ?, ?, ?, ?, ?, ?, ?, ?, ?)
2025-08-25 13:54:14 [http-nio-8083-exec-5] TRACE o.h.type.descriptor.sql.BasicBinder - binding parameter [1] as [INTEGER] - [0]
2025-08-25 13:54:14 [http-nio-8083-exec-5] TRACE o.h.type.descriptor.sql.BasicBinder - binding parameter [2] as [INTEGER] - [0]
2025-08-25 13:54:14 [http-nio-8083-exec-5] TRACE o.h.type.descriptor.sql.BasicBinder - binding parameter [3] as [BIGINT] - [1756101254757]
2025-08-25 13:54:14 [http-nio-8083-exec-5] TRACE o.h.type.descriptor.sql.BasicBinder - binding parameter [4] as [INTEGER] - [0]
2025-08-25 13:54:14 [http-nio-8083-exec-5] TRACE o.h.type.descriptor.sql.BasicBinder - binding parameter [5] as [BIGINT] - [null]
2025-08-25 13:54:14 [http-nio-8083-exec-5] TRACE o.h.type.descriptor.sql.BasicBinder - binding parameter [6] as [INTEGER] - [20]
2025-08-25 13:54:14 [http-nio-8083-exec-5] TRACE o.h.type.descriptor.sql.BasicBinder - binding parameter [7] as [BOOLEAN] - [true]
2025-08-25 13:54:14 [http-nio-8083-exec-5] TRACE o.h.type.descriptor.sql.BasicBinder - binding parameter [8] as [VARCHAR] - [测试会话]
2025-08-25 13:54:14 [http-nio-8083-exec-5] TRACE o.h.type.descriptor.sql.BasicBinder - binding parameter [9] as [BIGINT] - [null]
2025-08-25 13:54:14 [http-nio-8083-exec-5] TRACE o.h.type.descriptor.sql.BasicBinder - binding parameter [10] as [VARCHAR] - [[{"knowledgePointId":"KP_DEMO_001","questionType":"text"}]]
2025-08-25 13:54:14 [http-nio-8083-exec-5] TRACE o.h.type.descriptor.sql.BasicBinder - binding parameter [11] as [VARCHAR] - [smart-review]
2025-08-25 13:54:14 [http-nio-8083-exec-5] TRACE o.h.type.descriptor.sql.BasicBinder - binding parameter [12] as [VARCHAR] - [{"reviewMode":"smart-review","sortOrder":"smart","targetCount":10}]
2025-08-25 13:54:14 [http-nio-8083-exec-5] TRACE o.h.type.descriptor.sql.BasicBinder - binding parameter [13] as [BIGINT] - [null]
2025-08-25 13:54:14 [http-nio-8083-exec-5] TRACE o.h.type.descriptor.sql.BasicBinder - binding parameter [14] as [VARCHAR] - [CREATED]
2025-08-25 13:54:14 [http-nio-8083-exec-5] TRACE o.h.type.descriptor.sql.BasicBinder - binding parameter [15] as [BIGINT] - [0]
2025-08-25 13:54:14 [http-nio-8083-exec-5] TRACE o.h.type.descriptor.sql.BasicBinder - binding parameter [16] as [INTEGER] - [10]
2025-08-25 13:54:14 [http-nio-8083-exec-5] TRACE o.h.type.descriptor.sql.BasicBinder - binding parameter [17] as [BIGINT] - [1756101254757]
2025-08-25 13:54:14 [http-nio-8083-exec-5] TRACE o.h.type.descriptor.sql.BasicBinder - binding parameter [18] as [VARCHAR] - [USER_001]
2025-08-25 13:54:14 [http-nio-8083-exec-5] TRACE o.h.type.descriptor.sql.BasicBinder - binding parameter [19] as [VARCHAR] - [RS_20250825_001]
2025-08-25 13:54:23 [http-nio-8083-exec-9] INFO  c.m.r.c.ReviewSessionController - 创建复习会话请求，用户ID: test_user_001, 复习模式: SM2
2025-08-25 13:54:23 [http-nio-8083-exec-9] INFO  c.m.r.service.ReviewSessionService - 创建复习会话，用户ID: test_user_001, 复习模式: SM2, 目标题目数: 5
2025-08-25 13:54:23 [http-nio-8083-exec-9] DEBUG org.hibernate.SQL - 
    /* load com.memorin.review.entity.ReviewSession */ select
        reviewsess0_.id as id1_1_0_,
        reviewsess0_.completed_count as complete2_1_0_,
        reviewsess0_.correct_count as correct_3_1_0_,
        reviewsess0_.created_at as created_4_1_0_,
        reviewsess0_.current_index as current_5_1_0_,
        reviewsess0_.end_time as end_time6_1_0_,
        reviewsess0_.estimated_duration_minutes as estimate7_1_0_,
        reviewsess0_.is_active as is_activ8_1_0_,
        reviewsess0_.notes as notes9_1_0_,
        reviewsess0_.pause_time as pause_t10_1_0_,
        reviewsess0_.question_list as questio11_1_0_,
        reviewsess0_.review_mode as review_12_1_0_,
        reviewsess0_.session_config as session13_1_0_,
        reviewsess0_.start_time as start_t14_1_0_,
        reviewsess0_.status as status15_1_0_,
        reviewsess0_.total_pause_duration as total_p16_1_0_,
        reviewsess0_.total_questions as total_q17_1_0_,
        reviewsess0_.updated_at as updated18_1_0_,
        reviewsess0_.user_id as user_id19_1_0_ 
    from
        review_sessions reviewsess0_ 
    where
        reviewsess0_.id=?
2025-08-25 13:54:23 [http-nio-8083-exec-9] TRACE o.h.type.descriptor.sql.BasicBinder - binding parameter [1] as [VARCHAR] - [RS_20250825_002]
2025-08-25 13:54:23 [http-nio-8083-exec-9] INFO  c.m.r.service.ReviewSessionService - 成功创建复习会话，ID: RS_20250825_002, 总题目数: 5
2025-08-25 13:54:23 [http-nio-8083-exec-9] DEBUG org.hibernate.SQL - 
    /* insert com.memorin.review.entity.ReviewSession
        */ insert 
        into
            review_sessions
            (completed_count, correct_count, created_at, current_index, end_time, estimated_duration_minutes, is_active, notes, pause_time, question_list, review_mode, session_config, start_time, status, total_pause_duration, total_questions, updated_at, user_id, id) 
        values
            (?, ?, ?, ?, ?, ?, ?, ?, ?, ?, ?, ?, ?, ?, ?, ?, ?, ?, ?)
2025-08-25 13:54:23 [http-nio-8083-exec-9] TRACE o.h.type.descriptor.sql.BasicBinder - binding parameter [1] as [INTEGER] - [0]
2025-08-25 13:54:23 [http-nio-8083-exec-9] TRACE o.h.type.descriptor.sql.BasicBinder - binding parameter [2] as [INTEGER] - [0]
2025-08-25 13:54:23 [http-nio-8083-exec-9] TRACE o.h.type.descriptor.sql.BasicBinder - binding parameter [3] as [BIGINT] - [1756101263790]
2025-08-25 13:54:23 [http-nio-8083-exec-9] TRACE o.h.type.descriptor.sql.BasicBinder - binding parameter [4] as [INTEGER] - [0]
2025-08-25 13:54:23 [http-nio-8083-exec-9] TRACE o.h.type.descriptor.sql.BasicBinder - binding parameter [5] as [BIGINT] - [null]
2025-08-25 13:54:23 [http-nio-8083-exec-9] TRACE o.h.type.descriptor.sql.BasicBinder - binding parameter [6] as [INTEGER] - [10]
2025-08-25 13:54:23 [http-nio-8083-exec-9] TRACE o.h.type.descriptor.sql.BasicBinder - binding parameter [7] as [BOOLEAN] - [true]
2025-08-25 13:54:23 [http-nio-8083-exec-9] TRACE o.h.type.descriptor.sql.BasicBinder - binding parameter [8] as [VARCHAR] - [API测试会话]
2025-08-25 13:54:23 [http-nio-8083-exec-9] TRACE o.h.type.descriptor.sql.BasicBinder - binding parameter [9] as [BIGINT] - [null]
2025-08-25 13:54:23 [http-nio-8083-exec-9] TRACE o.h.type.descriptor.sql.BasicBinder - binding parameter [10] as [VARCHAR] - [[{"knowledgePointId":"KP_DEMO_001","questionType":"text"}]]
2025-08-25 13:54:23 [http-nio-8083-exec-9] TRACE o.h.type.descriptor.sql.BasicBinder - binding parameter [11] as [VARCHAR] - [SM2]
2025-08-25 13:54:23 [http-nio-8083-exec-9] TRACE o.h.type.descriptor.sql.BasicBinder - binding parameter [12] as [VARCHAR] - [{"reviewMode":"SM2","sortOrder":"smart","targetCount":5}]
2025-08-25 13:54:23 [http-nio-8083-exec-9] TRACE o.h.type.descriptor.sql.BasicBinder - binding parameter [13] as [BIGINT] - [null]
2025-08-25 13:54:23 [http-nio-8083-exec-9] TRACE o.h.type.descriptor.sql.BasicBinder - binding parameter [14] as [VARCHAR] - [CREATED]
2025-08-25 13:54:23 [http-nio-8083-exec-9] TRACE o.h.type.descriptor.sql.BasicBinder - binding parameter [15] as [BIGINT] - [0]
2025-08-25 13:54:23 [http-nio-8083-exec-9] TRACE o.h.type.descriptor.sql.BasicBinder - binding parameter [16] as [INTEGER] - [5]
2025-08-25 13:54:23 [http-nio-8083-exec-9] TRACE o.h.type.descriptor.sql.BasicBinder - binding parameter [17] as [BIGINT] - [1756101263790]
2025-08-25 13:54:23 [http-nio-8083-exec-9] TRACE o.h.type.descriptor.sql.BasicBinder - binding parameter [18] as [VARCHAR] - [test_user_001]
2025-08-25 13:54:23 [http-nio-8083-exec-9] TRACE o.h.type.descriptor.sql.BasicBinder - binding parameter [19] as [VARCHAR] - [RS_20250825_002]
2025-08-25 13:54:23 [http-nio-8083-exec-9] INFO  c.m.r.c.ReviewSessionController - 复习会话创建成功，会话ID: RS_20250825_002
2025-08-25 13:54:27 [http-nio-8083-exec-4] INFO  c.m.r.c.QuestionGeneratorController - [API] 智能复习模板，baseId: null, count: 20, onlyDue: true
2025-08-25 13:54:27 [http-nio-8083-exec-4] INFO  c.m.r.s.QuestionGeneratorService - [题目生成] 开始生成，ID: QG_1756101267652_457, 用户: null
2025-08-25 13:54:27 [http-nio-8083-exec-4] ERROR c.m.r.s.QuestionGeneratorService - [题目生成] 生成失败，ID: QG_1756101267652_457, 错误: 未找到过滤器策略: due-for-review
java.lang.IllegalArgumentException: 未找到过滤器策略: due-for-review
	at com.memorin.review.service.QuestionGeneratorService.validateConfig(QuestionGeneratorService.java:150)
	at com.memorin.review.service.QuestionGeneratorService.generateQuestionList(QuestionGeneratorService.java:61)
	at com.memorin.review.controller.QuestionGeneratorController.generateSmartReview(QuestionGeneratorController.java:133)
	at com.memorin.review.controller.QuestionGeneratorController$$FastClassBySpringCGLIB$$f9b935af.invoke(<generated>)
	at org.springframework.cglib.proxy.MethodProxy.invoke(MethodProxy.java:218)
	at org.springframework.aop.framework.CglibAopProxy$CglibMethodInvocation.invokeJoinpoint(CglibAopProxy.java:792)
	at org.springframework.aop.framework.ReflectiveMethodInvocation.proceed(ReflectiveMethodInvocation.java:163)
	at org.springframework.aop.framework.CglibAopProxy$CglibMethodInvocation.proceed(CglibAopProxy.java:762)
	at org.springframework.validation.beanvalidation.MethodValidationInterceptor.invoke(MethodValidationInterceptor.java:123)
	at org.springframework.aop.framework.ReflectiveMethodInvocation.proceed(ReflectiveMethodInvocation.java:186)
	at org.springframework.aop.framework.CglibAopProxy$CglibMethodInvocation.proceed(CglibAopProxy.java:762)
	at org.springframework.aop.framework.CglibAopProxy$DynamicAdvisedInterceptor.intercept(CglibAopProxy.java:707)
	at com.memorin.review.controller.QuestionGeneratorController$$EnhancerBySpringCGLIB$$95011222.generateSmartReview(<generated>)
	at sun.reflect.NativeMethodAccessorImpl.invoke0(Native Method)
	at sun.reflect.NativeMethodAccessorImpl.invoke(NativeMethodAccessorImpl.java:62)
	at sun.reflect.DelegatingMethodAccessorImpl.invoke(DelegatingMethodAccessorImpl.java:43)
	at java.lang.reflect.Method.invoke(Method.java:498)
	at org.springframework.web.method.support.InvocableHandlerMethod.doInvoke(InvocableHandlerMethod.java:205)
	at org.springframework.web.method.support.InvocableHandlerMethod.invokeForRequest(InvocableHandlerMethod.java:150)
	at org.springframework.web.servlet.mvc.method.annotation.ServletInvocableHandlerMethod.invokeAndHandle(ServletInvocableHandlerMethod.java:117)
	at org.springframework.web.servlet.mvc.method.annotation.RequestMappingHandlerAdapter.invokeHandlerMethod(RequestMappingHandlerAdapter.java:895)
	at org.springframework.web.servlet.mvc.method.annotation.RequestMappingHandlerAdapter.handleInternal(RequestMappingHandlerAdapter.java:808)
	at org.springframework.web.servlet.mvc.method.AbstractHandlerMethodAdapter.handle(AbstractHandlerMethodAdapter.java:87)
	at org.springframework.web.servlet.DispatcherServlet.doDispatch(DispatcherServlet.java:1072)
	at org.springframework.web.servlet.DispatcherServlet.doService(DispatcherServlet.java:965)
	at org.springframework.web.servlet.FrameworkServlet.processRequest(FrameworkServlet.java:1006)
	at org.springframework.web.servlet.FrameworkServlet.doPost(FrameworkServlet.java:909)
	at javax.servlet.http.HttpServlet.service(HttpServlet.java:555)
	at org.springframework.web.servlet.FrameworkServlet.service(FrameworkServlet.java:883)
	at javax.servlet.http.HttpServlet.service(HttpServlet.java:623)
	at org.apache.catalina.core.ApplicationFilterChain.internalDoFilter(ApplicationFilterChain.java:209)
	at org.apache.catalina.core.ApplicationFilterChain.doFilter(ApplicationFilterChain.java:153)
	at org.apache.tomcat.websocket.server.WsFilter.doFilter(WsFilter.java:51)
	at org.apache.catalina.core.ApplicationFilterChain.internalDoFilter(ApplicationFilterChain.java:178)
	at org.apache.catalina.core.ApplicationFilterChain.doFilter(ApplicationFilterChain.java:153)
	at org.springframework.web.filter.RequestContextFilter.doFilterInternal(RequestContextFilter.java:100)
	at org.springframework.web.filter.OncePerRequestFilter.doFilter(OncePerRequestFilter.java:117)
	at org.apache.catalina.core.ApplicationFilterChain.internalDoFilter(ApplicationFilterChain.java:178)
	at org.apache.catalina.core.ApplicationFilterChain.doFilter(ApplicationFilterChain.java:153)
	at org.springframework.web.filter.FormContentFilter.doFilterInternal(FormContentFilter.java:93)
	at org.springframework.web.filter.OncePerRequestFilter.doFilter(OncePerRequestFilter.java:117)
	at org.apache.catalina.core.ApplicationFilterChain.internalDoFilter(ApplicationFilterChain.java:178)
	at org.apache.catalina.core.ApplicationFilterChain.doFilter(ApplicationFilterChain.java:153)
	at org.springframework.boot.actuate.metrics.web.servlet.WebMvcMetricsFilter.doFilterInternal(WebMvcMetricsFilter.java:96)
	at org.springframework.web.filter.OncePerRequestFilter.doFilter(OncePerRequestFilter.java:117)
	at org.apache.catalina.core.ApplicationFilterChain.internalDoFilter(ApplicationFilterChain.java:178)
	at org.apache.catalina.core.ApplicationFilterChain.doFilter(ApplicationFilterChain.java:153)
	at org.springframework.web.filter.CharacterEncodingFilter.doFilterInternal(CharacterEncodingFilter.java:201)
	at org.springframework.web.filter.OncePerRequestFilter.doFilter(OncePerRequestFilter.java:117)
	at org.apache.catalina.core.ApplicationFilterChain.internalDoFilter(ApplicationFilterChain.java:178)
	at org.apache.catalina.core.ApplicationFilterChain.doFilter(ApplicationFilterChain.java:153)
	at org.apache.catalina.core.StandardWrapperValve.invoke(StandardWrapperValve.java:168)
	at org.apache.catalina.core.StandardContextValve.invoke(StandardContextValve.java:90)
	at org.apache.catalina.authenticator.AuthenticatorBase.invoke(AuthenticatorBase.java:481)
	at org.apache.catalina.core.StandardHostValve.invoke(StandardHostValve.java:130)
	at org.apache.catalina.valves.ErrorReportValve.invoke(ErrorReportValve.java:93)
	at org.apache.catalina.core.StandardEngineValve.invoke(StandardEngineValve.java:74)
	at org.apache.catalina.connector.CoyoteAdapter.service(CoyoteAdapter.java:342)
	at org.apache.coyote.http11.Http11Processor.service(Http11Processor.java:390)
	at org.apache.coyote.AbstractProcessorLight.process(AbstractProcessorLight.java:63)
	at org.apache.coyote.AbstractProtocol$ConnectionHandler.process(AbstractProtocol.java:928)
	at org.apache.tomcat.util.net.NioEndpoint$SocketProcessor.doRun(NioEndpoint.java:1794)
	at org.apache.tomcat.util.net.SocketProcessorBase.run(SocketProcessorBase.java:52)
	at org.apache.tomcat.util.threads.ThreadPoolExecutor.runWorker(ThreadPoolExecutor.java:1191)
	at org.apache.tomcat.util.threads.ThreadPoolExecutor$Worker.run(ThreadPoolExecutor.java:659)
	at org.apache.tomcat.util.threads.TaskThread$WrappingRunnable.run(TaskThread.java:61)
	at java.lang.Thread.run(Thread.java:750)
2025-08-25 13:54:27 [http-nio-8083-exec-4] ERROR c.m.r.c.QuestionGeneratorController - [API] 智能复习模板生成失败: 题目列表生成失败: 未找到过滤器策略: due-for-review
java.lang.RuntimeException: 题目列表生成失败: 未找到过滤器策略: due-for-review
	at com.memorin.review.service.QuestionGeneratorService.generateQuestionList(QuestionGeneratorService.java:116)
	at com.memorin.review.controller.QuestionGeneratorController.generateSmartReview(QuestionGeneratorController.java:133)
	at com.memorin.review.controller.QuestionGeneratorController$$FastClassBySpringCGLIB$$f9b935af.invoke(<generated>)
	at org.springframework.cglib.proxy.MethodProxy.invoke(MethodProxy.java:218)
	at org.springframework.aop.framework.CglibAopProxy$CglibMethodInvocation.invokeJoinpoint(CglibAopProxy.java:792)
	at org.springframework.aop.framework.ReflectiveMethodInvocation.proceed(ReflectiveMethodInvocation.java:163)
	at org.springframework.aop.framework.CglibAopProxy$CglibMethodInvocation.proceed(CglibAopProxy.java:762)
	at org.springframework.validation.beanvalidation.MethodValidationInterceptor.invoke(MethodValidationInterceptor.java:123)
	at org.springframework.aop.framework.ReflectiveMethodInvocation.proceed(ReflectiveMethodInvocation.java:186)
	at org.springframework.aop.framework.CglibAopProxy$CglibMethodInvocation.proceed(CglibAopProxy.java:762)
	at org.springframework.aop.framework.CglibAopProxy$DynamicAdvisedInterceptor.intercept(CglibAopProxy.java:707)
	at com.memorin.review.controller.QuestionGeneratorController$$EnhancerBySpringCGLIB$$95011222.generateSmartReview(<generated>)
	at sun.reflect.NativeMethodAccessorImpl.invoke0(Native Method)
	at sun.reflect.NativeMethodAccessorImpl.invoke(NativeMethodAccessorImpl.java:62)
	at sun.reflect.DelegatingMethodAccessorImpl.invoke(DelegatingMethodAccessorImpl.java:43)
	at java.lang.reflect.Method.invoke(Method.java:498)
	at org.springframework.web.method.support.InvocableHandlerMethod.doInvoke(InvocableHandlerMethod.java:205)
	at org.springframework.web.method.support.InvocableHandlerMethod.invokeForRequest(InvocableHandlerMethod.java:150)
	at org.springframework.web.servlet.mvc.method.annotation.ServletInvocableHandlerMethod.invokeAndHandle(ServletInvocableHandlerMethod.java:117)
	at org.springframework.web.servlet.mvc.method.annotation.RequestMappingHandlerAdapter.invokeHandlerMethod(RequestMappingHandlerAdapter.java:895)
	at org.springframework.web.servlet.mvc.method.annotation.RequestMappingHandlerAdapter.handleInternal(RequestMappingHandlerAdapter.java:808)
	at org.springframework.web.servlet.mvc.method.AbstractHandlerMethodAdapter.handle(AbstractHandlerMethodAdapter.java:87)
	at org.springframework.web.servlet.DispatcherServlet.doDispatch(DispatcherServlet.java:1072)
	at org.springframework.web.servlet.DispatcherServlet.doService(DispatcherServlet.java:965)
	at org.springframework.web.servlet.FrameworkServlet.processRequest(FrameworkServlet.java:1006)
	at org.springframework.web.servlet.FrameworkServlet.doPost(FrameworkServlet.java:909)
	at javax.servlet.http.HttpServlet.service(HttpServlet.java:555)
	at org.springframework.web.servlet.FrameworkServlet.service(FrameworkServlet.java:883)
	at javax.servlet.http.HttpServlet.service(HttpServlet.java:623)
	at org.apache.catalina.core.ApplicationFilterChain.internalDoFilter(ApplicationFilterChain.java:209)
	at org.apache.catalina.core.ApplicationFilterChain.doFilter(ApplicationFilterChain.java:153)
	at org.apache.tomcat.websocket.server.WsFilter.doFilter(WsFilter.java:51)
	at org.apache.catalina.core.ApplicationFilterChain.internalDoFilter(ApplicationFilterChain.java:178)
	at org.apache.catalina.core.ApplicationFilterChain.doFilter(ApplicationFilterChain.java:153)
	at org.springframework.web.filter.RequestContextFilter.doFilterInternal(RequestContextFilter.java:100)
	at org.springframework.web.filter.OncePerRequestFilter.doFilter(OncePerRequestFilter.java:117)
	at org.apache.catalina.core.ApplicationFilterChain.internalDoFilter(ApplicationFilterChain.java:178)
	at org.apache.catalina.core.ApplicationFilterChain.doFilter(ApplicationFilterChain.java:153)
	at org.springframework.web.filter.FormContentFilter.doFilterInternal(FormContentFilter.java:93)
	at org.springframework.web.filter.OncePerRequestFilter.doFilter(OncePerRequestFilter.java:117)
	at org.apache.catalina.core.ApplicationFilterChain.internalDoFilter(ApplicationFilterChain.java:178)
	at org.apache.catalina.core.ApplicationFilterChain.doFilter(ApplicationFilterChain.java:153)
	at org.springframework.boot.actuate.metrics.web.servlet.WebMvcMetricsFilter.doFilterInternal(WebMvcMetricsFilter.java:96)
	at org.springframework.web.filter.OncePerRequestFilter.doFilter(OncePerRequestFilter.java:117)
	at org.apache.catalina.core.ApplicationFilterChain.internalDoFilter(ApplicationFilterChain.java:178)
	at org.apache.catalina.core.ApplicationFilterChain.doFilter(ApplicationFilterChain.java:153)
	at org.springframework.web.filter.CharacterEncodingFilter.doFilterInternal(CharacterEncodingFilter.java:201)
	at org.springframework.web.filter.OncePerRequestFilter.doFilter(OncePerRequestFilter.java:117)
	at org.apache.catalina.core.ApplicationFilterChain.internalDoFilter(ApplicationFilterChain.java:178)
	at org.apache.catalina.core.ApplicationFilterChain.doFilter(ApplicationFilterChain.java:153)
	at org.apache.catalina.core.StandardWrapperValve.invoke(StandardWrapperValve.java:168)
	at org.apache.catalina.core.StandardContextValve.invoke(StandardContextValve.java:90)
	at org.apache.catalina.authenticator.AuthenticatorBase.invoke(AuthenticatorBase.java:481)
	at org.apache.catalina.core.StandardHostValve.invoke(StandardHostValve.java:130)
	at org.apache.catalina.valves.ErrorReportValve.invoke(ErrorReportValve.java:93)
	at org.apache.catalina.core.StandardEngineValve.invoke(StandardEngineValve.java:74)
	at org.apache.catalina.connector.CoyoteAdapter.service(CoyoteAdapter.java:342)
	at org.apache.coyote.http11.Http11Processor.service(Http11Processor.java:390)
	at org.apache.coyote.AbstractProcessorLight.process(AbstractProcessorLight.java:63)
	at org.apache.coyote.AbstractProtocol$ConnectionHandler.process(AbstractProtocol.java:928)
	at org.apache.tomcat.util.net.NioEndpoint$SocketProcessor.doRun(NioEndpoint.java:1794)
	at org.apache.tomcat.util.net.SocketProcessorBase.run(SocketProcessorBase.java:52)
	at org.apache.tomcat.util.threads.ThreadPoolExecutor.runWorker(ThreadPoolExecutor.java:1191)
	at org.apache.tomcat.util.threads.ThreadPoolExecutor$Worker.run(ThreadPoolExecutor.java:659)
	at org.apache.tomcat.util.threads.TaskThread$WrappingRunnable.run(TaskThread.java:61)
	at java.lang.Thread.run(Thread.java:750)
Caused by: java.lang.IllegalArgumentException: 未找到过滤器策略: due-for-review
	at com.memorin.review.service.QuestionGeneratorService.validateConfig(QuestionGeneratorService.java:150)
	at com.memorin.review.service.QuestionGeneratorService.generateQuestionList(QuestionGeneratorService.java:61)
	... 65 common frames omitted
2025-08-25 13:54:29 [http-nio-8083-exec-8] INFO  c.m.r.controller.MistakeController - 接收添加错题请求: MistakeRequest{userId='test_user_001', knowledgePointId='KP_TEST_001', mistakeReason='概念理解错误', questionType='choice', difficultyLevel='medium', mistakeTags='null', userNotes='null'}
2025-08-25 13:54:29 [http-nio-8083-exec-8] INFO  c.m.r.s.MistakeManagementService - 添加错题记录: userId=test_user_001, knowledgePointId=KP_TEST_001, reason=概念理解错误
2025-08-25 13:54:29 [http-nio-8083-exec-8] DEBUG org.hibernate.SQL - 
    /* select
        generatedAlias0 
    from
        MistakeRecord as generatedAlias0 
    where
        (
            generatedAlias0.userId=:param0 
        ) 
        and (
            generatedAlias0.knowledgePointId=:param1 
        ) */ select
            mistakerec0_.id as id1_0_,
            mistakerec0_.correct_count as correct_2_0_,
            mistakerec0_.created_at as created_3_0_,
            mistakerec0_.difficulty_level as difficul4_0_,
            mistakerec0_.first_mistake_time as first_mi5_0_,
            mistakerec0_.is_resolved as is_resol6_0_,
            mistakerec0_.knowledge_point_id as knowledg7_0_,
            mistakerec0_.last_mistake_time as last_mis8_0_,
            mistakerec0_.mistake_count as mistake_9_0_,
            mistakerec0_.mistake_reasons as mistake10_0_,
            mistakerec0_.mistake_tags as mistake11_0_,
            mistakerec0_.question_type as questio12_0_,
            mistakerec0_.resolved_time as resolve13_0_,
            mistakerec0_.total_review_count as total_r14_0_,
            mistakerec0_.updated_at as updated15_0_,
            mistakerec0_.user_id as user_id16_0_,
            mistakerec0_.user_notes as user_no17_0_ 
        from
            mistake_records mistakerec0_ 
        where
            mistakerec0_.user_id=? 
            and mistakerec0_.knowledge_point_id=?
2025-08-25 13:54:29 [http-nio-8083-exec-8] TRACE o.h.type.descriptor.sql.BasicBinder - binding parameter [1] as [VARCHAR] - [test_user_001]
2025-08-25 13:54:29 [http-nio-8083-exec-8] TRACE o.h.type.descriptor.sql.BasicBinder - binding parameter [2] as [VARCHAR] - [KP_TEST_001]
2025-08-25 13:54:29 [http-nio-8083-exec-8] INFO  c.m.r.s.MistakeManagementService - 创建新错题记录: id=MR_20250825_002
2025-08-25 13:54:29 [http-nio-8083-exec-8] DEBUG org.hibernate.SQL - 
    /* load com.memorin.review.entity.MistakeRecord */ select
        mistakerec0_.id as id1_0_0_,
        mistakerec0_.correct_count as correct_2_0_0_,
        mistakerec0_.created_at as created_3_0_0_,
        mistakerec0_.difficulty_level as difficul4_0_0_,
        mistakerec0_.first_mistake_time as first_mi5_0_0_,
        mistakerec0_.is_resolved as is_resol6_0_0_,
        mistakerec0_.knowledge_point_id as knowledg7_0_0_,
        mistakerec0_.last_mistake_time as last_mis8_0_0_,
        mistakerec0_.mistake_count as mistake_9_0_0_,
        mistakerec0_.mistake_reasons as mistake10_0_0_,
        mistakerec0_.mistake_tags as mistake11_0_0_,
        mistakerec0_.question_type as questio12_0_0_,
        mistakerec0_.resolved_time as resolve13_0_0_,
        mistakerec0_.total_review_count as total_r14_0_0_,
        mistakerec0_.updated_at as updated15_0_0_,
        mistakerec0_.user_id as user_id16_0_0_,
        mistakerec0_.user_notes as user_no17_0_0_ 
    from
        mistake_records mistakerec0_ 
    where
        mistakerec0_.id=?
2025-08-25 13:54:29 [http-nio-8083-exec-8] TRACE o.h.type.descriptor.sql.BasicBinder - binding parameter [1] as [VARCHAR] - [MR_20250825_002]
2025-08-25 13:54:29 [http-nio-8083-exec-8] INFO  c.m.r.s.MistakeManagementService - 错题记录保存成功: id=MR_20250825_002
2025-08-25 13:54:29 [http-nio-8083-exec-8] DEBUG org.hibernate.SQL - 
    /* insert com.memorin.review.entity.MistakeRecord
        */ insert 
        into
            mistake_records
            (correct_count, created_at, difficulty_level, first_mistake_time, is_resolved, knowledge_point_id, last_mistake_time, mistake_count, mistake_reasons, mistake_tags, question_type, resolved_time, total_review_count, updated_at, user_id, user_notes, id) 
        values
            (?, ?, ?, ?, ?, ?, ?, ?, ?, ?, ?, ?, ?, ?, ?, ?, ?)
2025-08-25 13:54:29 [http-nio-8083-exec-8] TRACE o.h.type.descriptor.sql.BasicBinder - binding parameter [1] as [INTEGER] - [0]
2025-08-25 13:54:29 [http-nio-8083-exec-8] TRACE o.h.type.descriptor.sql.BasicBinder - binding parameter [2] as [TIMESTAMP] - [2025-08-25T13:54:29.975]
2025-08-25 13:54:29 [http-nio-8083-exec-8] TRACE o.h.type.descriptor.sql.BasicBinder - binding parameter [3] as [VARCHAR] - [medium]
2025-08-25 13:54:29 [http-nio-8083-exec-8] TRACE o.h.type.descriptor.sql.BasicBinder - binding parameter [4] as [TIMESTAMP] - [2025-08-25T13:54:29.975]
2025-08-25 13:54:29 [http-nio-8083-exec-8] TRACE o.h.type.descriptor.sql.BasicBinder - binding parameter [5] as [BOOLEAN] - [false]
2025-08-25 13:54:29 [http-nio-8083-exec-8] TRACE o.h.type.descriptor.sql.BasicBinder - binding parameter [6] as [VARCHAR] - [KP_TEST_001]
2025-08-25 13:54:29 [http-nio-8083-exec-8] TRACE o.h.type.descriptor.sql.BasicBinder - binding parameter [7] as [TIMESTAMP] - [2025-08-25T13:54:29.975]
2025-08-25 13:54:29 [http-nio-8083-exec-8] TRACE o.h.type.descriptor.sql.BasicBinder - binding parameter [8] as [INTEGER] - [2]
2025-08-25 13:54:29 [http-nio-8083-exec-8] TRACE o.h.type.descriptor.sql.BasicBinder - binding parameter [9] as [VARCHAR] - [["概念理解错误"]]
2025-08-25 13:54:29 [http-nio-8083-exec-8] TRACE o.h.type.descriptor.sql.BasicBinder - binding parameter [10] as [VARCHAR] - [null]
2025-08-25 13:54:29 [http-nio-8083-exec-8] TRACE o.h.type.descriptor.sql.BasicBinder - binding parameter [11] as [VARCHAR] - [choice]
2025-08-25 13:54:29 [http-nio-8083-exec-8] TRACE o.h.type.descriptor.sql.BasicBinder - binding parameter [12] as [TIMESTAMP] - [null]
2025-08-25 13:54:29 [http-nio-8083-exec-8] TRACE o.h.type.descriptor.sql.BasicBinder - binding parameter [13] as [INTEGER] - [0]
2025-08-25 13:54:29 [http-nio-8083-exec-8] TRACE o.h.type.descriptor.sql.BasicBinder - binding parameter [14] as [TIMESTAMP] - [2025-08-25T13:54:29.975]
2025-08-25 13:54:29 [http-nio-8083-exec-8] TRACE o.h.type.descriptor.sql.BasicBinder - binding parameter [15] as [VARCHAR] - [test_user_001]
2025-08-25 13:54:29 [http-nio-8083-exec-8] TRACE o.h.type.descriptor.sql.BasicBinder - binding parameter [16] as [VARCHAR] - [null]
2025-08-25 13:54:29 [http-nio-8083-exec-8] TRACE o.h.type.descriptor.sql.BasicBinder - binding parameter [17] as [VARCHAR] - [MR_20250825_002]
2025-08-25 13:54:29 [http-nio-8083-exec-8] INFO  c.m.r.controller.MistakeController - 错题记录添加成功: mistakeId=MR_20250825_002
2025-08-25 13:54:37 [http-nio-8083-exec-7] INFO  c.m.r.c.ReviewSessionController - 启动会话请求，会话ID: RS_20250825_002, 用户ID: test_user_001
2025-08-25 13:54:37 [http-nio-8083-exec-7] INFO  c.m.r.service.ReviewSessionService - 启动复习会话，会话ID: RS_20250825_002, 用户ID: test_user_001
2025-08-25 13:54:37 [http-nio-8083-exec-7] DEBUG org.hibernate.SQL - 
    /* SELECT
        s 
    FROM
        ReviewSession s 
    WHERE
        s.id = :sessionId 
        AND s.userId = :userId 
        AND s.isActive = true */ select
            reviewsess0_.id as id1_1_,
            reviewsess0_.completed_count as complete2_1_,
            reviewsess0_.correct_count as correct_3_1_,
            reviewsess0_.created_at as created_4_1_,
            reviewsess0_.current_index as current_5_1_,
            reviewsess0_.end_time as end_time6_1_,
            reviewsess0_.estimated_duration_minutes as estimate7_1_,
            reviewsess0_.is_active as is_activ8_1_,
            reviewsess0_.notes as notes9_1_,
            reviewsess0_.pause_time as pause_t10_1_,
            reviewsess0_.question_list as questio11_1_,
            reviewsess0_.review_mode as review_12_1_,
            reviewsess0_.session_config as session13_1_,
            reviewsess0_.start_time as start_t14_1_,
            reviewsess0_.status as status15_1_,
            reviewsess0_.total_pause_duration as total_p16_1_,
            reviewsess0_.total_questions as total_q17_1_,
            reviewsess0_.updated_at as updated18_1_,
            reviewsess0_.user_id as user_id19_1_ 
        from
            review_sessions reviewsess0_ 
        where
            reviewsess0_.id=? 
            and reviewsess0_.user_id=? 
            and reviewsess0_.is_active=true
2025-08-25 13:54:37 [http-nio-8083-exec-7] TRACE o.h.type.descriptor.sql.BasicBinder - binding parameter [1] as [VARCHAR] - [RS_20250825_002]
2025-08-25 13:54:37 [http-nio-8083-exec-7] TRACE o.h.type.descriptor.sql.BasicBinder - binding parameter [2] as [VARCHAR] - [test_user_001]
2025-08-25 13:54:37 [http-nio-8083-exec-7] INFO  c.m.r.service.ReviewSessionService - 会话启动成功，ID: RS_20250825_002, 状态: ACTIVE
2025-08-25 13:54:37 [http-nio-8083-exec-7] DEBUG org.hibernate.SQL - 
    /* update
        com.memorin.review.entity.ReviewSession */ update
            review_sessions 
        set
            completed_count=?,
            correct_count=?,
            created_at=?,
            current_index=?,
            end_time=?,
            estimated_duration_minutes=?,
            is_active=?,
            notes=?,
            pause_time=?,
            question_list=?,
            review_mode=?,
            session_config=?,
            start_time=?,
            status=?,
            total_pause_duration=?,
            total_questions=?,
            updated_at=?,
            user_id=? 
        where
            id=?
2025-08-25 13:54:37 [http-nio-8083-exec-7] TRACE o.h.type.descriptor.sql.BasicBinder - binding parameter [1] as [INTEGER] - [0]
2025-08-25 13:54:37 [http-nio-8083-exec-7] TRACE o.h.type.descriptor.sql.BasicBinder - binding parameter [2] as [INTEGER] - [0]
2025-08-25 13:54:37 [http-nio-8083-exec-7] TRACE o.h.type.descriptor.sql.BasicBinder - binding parameter [3] as [BIGINT] - [1756101263790]
2025-08-25 13:54:37 [http-nio-8083-exec-7] TRACE o.h.type.descriptor.sql.BasicBinder - binding parameter [4] as [INTEGER] - [0]
2025-08-25 13:54:37 [http-nio-8083-exec-7] TRACE o.h.type.descriptor.sql.BasicBinder - binding parameter [5] as [BIGINT] - [null]
2025-08-25 13:54:37 [http-nio-8083-exec-7] TRACE o.h.type.descriptor.sql.BasicBinder - binding parameter [6] as [INTEGER] - [10]
2025-08-25 13:54:37 [http-nio-8083-exec-7] TRACE o.h.type.descriptor.sql.BasicBinder - binding parameter [7] as [BOOLEAN] - [true]
2025-08-25 13:54:37 [http-nio-8083-exec-7] TRACE o.h.type.descriptor.sql.BasicBinder - binding parameter [8] as [VARCHAR] - [API测试会话]
2025-08-25 13:54:37 [http-nio-8083-exec-7] TRACE o.h.type.descriptor.sql.BasicBinder - binding parameter [9] as [BIGINT] - [null]
2025-08-25 13:54:37 [http-nio-8083-exec-7] TRACE o.h.type.descriptor.sql.BasicBinder - binding parameter [10] as [VARCHAR] - [[{"knowledgePointId":"KP_DEMO_001","questionType":"text"}]]
2025-08-25 13:54:37 [http-nio-8083-exec-7] TRACE o.h.type.descriptor.sql.BasicBinder - binding parameter [11] as [VARCHAR] - [SM2]
2025-08-25 13:54:37 [http-nio-8083-exec-7] TRACE o.h.type.descriptor.sql.BasicBinder - binding parameter [12] as [VARCHAR] - [{"reviewMode":"SM2","sortOrder":"smart","targetCount":5}]
2025-08-25 13:54:37 [http-nio-8083-exec-7] TRACE o.h.type.descriptor.sql.BasicBinder - binding parameter [13] as [BIGINT] - [1756101277417]
2025-08-25 13:54:37 [http-nio-8083-exec-7] TRACE o.h.type.descriptor.sql.BasicBinder - binding parameter [14] as [VARCHAR] - [ACTIVE]
2025-08-25 13:54:37 [http-nio-8083-exec-7] TRACE o.h.type.descriptor.sql.BasicBinder - binding parameter [15] as [BIGINT] - [0]
2025-08-25 13:54:37 [http-nio-8083-exec-7] TRACE o.h.type.descriptor.sql.BasicBinder - binding parameter [16] as [INTEGER] - [5]
2025-08-25 13:54:37 [http-nio-8083-exec-7] TRACE o.h.type.descriptor.sql.BasicBinder - binding parameter [17] as [BIGINT] - [1756101277417]
2025-08-25 13:54:37 [http-nio-8083-exec-7] TRACE o.h.type.descriptor.sql.BasicBinder - binding parameter [18] as [VARCHAR] - [test_user_001]
2025-08-25 13:54:37 [http-nio-8083-exec-7] TRACE o.h.type.descriptor.sql.BasicBinder - binding parameter [19] as [VARCHAR] - [RS_20250825_002]
2025-08-25 13:54:37 [http-nio-8083-exec-7] INFO  c.m.r.c.ReviewSessionController - 会话启动成功，会话ID: RS_20250825_002
2025-08-25 13:54:39 [http-nio-8083-exec-5] WARN  o.s.w.s.m.s.DefaultHandlerExceptionResolver - Resolved [org.springframework.web.bind.MethodArgumentNotValidException: Validation failed for argument [1] in public org.springframework.http.ResponseEntity<java.util.Map<java.lang.String, java.lang.Object>> com.memorin.review.controller.ReviewSessionController.submitAnswer(java.lang.String,com.memorin.review.dto.request.SubmitAnswerRequest,java.lang.String) with 3 errors: [Field error in object 'submitAnswerRequest' on field 'questionIndex': rejected value [null]; codes [NotNull.submitAnswerRequest.questionIndex,NotNull.questionIndex,NotNull.java.lang.Integer,NotNull]; arguments [org.springframework.context.support.DefaultMessageSourceResolvable: codes [submitAnswerRequest.questionIndex,questionIndex]; arguments []; default message [questionIndex]]; default message [题目索引不能为空]] [Field error in object 'submitAnswerRequest' on field 'sessionId': rejected value [null]; codes [NotBlank.submitAnswerRequest.sessionId,NotBlank.sessionId,NotBlank.java.lang.String,NotBlank]; arguments [org.springframework.context.support.DefaultMessageSourceResolvable: codes [submitAnswerRequest.sessionId,sessionId]; arguments []; default message [sessionId]]; default message [会话ID不能为空]] [Field error in object 'submitAnswerRequest' on field 'questionType': rejected value [null]; codes [NotBlank.submitAnswerRequest.questionType,NotBlank.questionType,NotBlank.java.lang.String,NotBlank]; arguments [org.springframework.context.support.DefaultMessageSourceResolvable: codes [submitAnswerRequest.questionType,questionType]; arguments []; default message [questionType]]; default message [题目类型不能为空]] ]
2025-08-25 13:54:41 [http-nio-8083-exec-10] INFO  c.m.r.controller.MistakeController - 接收解决错题请求: userId=test_user_001, knowledgePointId=KP_TEST_001
2025-08-25 13:54:41 [http-nio-8083-exec-10] INFO  c.m.r.s.MistakeManagementService - 标记错题为已解决: userId=test_user_001, knowledgePointId=KP_TEST_001
2025-08-25 13:54:41 [http-nio-8083-exec-10] DEBUG org.hibernate.SQL - 
    /* select
        generatedAlias0 
    from
        MistakeRecord as generatedAlias0 
    where
        (
            generatedAlias0.userId=:param0 
        ) 
        and (
            generatedAlias0.knowledgePointId=:param1 
        ) */ select
            mistakerec0_.id as id1_0_,
            mistakerec0_.correct_count as correct_2_0_,
            mistakerec0_.created_at as created_3_0_,
            mistakerec0_.difficulty_level as difficul4_0_,
            mistakerec0_.first_mistake_time as first_mi5_0_,
            mistakerec0_.is_resolved as is_resol6_0_,
            mistakerec0_.knowledge_point_id as knowledg7_0_,
            mistakerec0_.last_mistake_time as last_mis8_0_,
            mistakerec0_.mistake_count as mistake_9_0_,
            mistakerec0_.mistake_reasons as mistake10_0_,
            mistakerec0_.mistake_tags as mistake11_0_,
            mistakerec0_.question_type as questio12_0_,
            mistakerec0_.resolved_time as resolve13_0_,
            mistakerec0_.total_review_count as total_r14_0_,
            mistakerec0_.updated_at as updated15_0_,
            mistakerec0_.user_id as user_id16_0_,
            mistakerec0_.user_notes as user_no17_0_ 
        from
            mistake_records mistakerec0_ 
        where
            mistakerec0_.user_id=? 
            and mistakerec0_.knowledge_point_id=?
2025-08-25 13:54:41 [http-nio-8083-exec-10] TRACE o.h.type.descriptor.sql.BasicBinder - binding parameter [1] as [VARCHAR] - [test_user_001]
2025-08-25 13:54:41 [http-nio-8083-exec-10] TRACE o.h.type.descriptor.sql.BasicBinder - binding parameter [2] as [VARCHAR] - [KP_TEST_001]
2025-08-25 13:54:41 [http-nio-8083-exec-10] INFO  c.m.r.s.MistakeManagementService - 错题已标记为解决: id=MR_20250825_002
2025-08-25 13:54:41 [http-nio-8083-exec-10] DEBUG org.hibernate.SQL - 
    /* update
        com.memorin.review.entity.MistakeRecord */ update
            mistake_records 
        set
            correct_count=?,
            created_at=?,
            difficulty_level=?,
            first_mistake_time=?,
            is_resolved=?,
            knowledge_point_id=?,
            last_mistake_time=?,
            mistake_count=?,
            mistake_reasons=?,
            mistake_tags=?,
            question_type=?,
            resolved_time=?,
            total_review_count=?,
            updated_at=?,
            user_id=?,
            user_notes=? 
        where
            id=?
2025-08-25 13:54:41 [http-nio-8083-exec-10] TRACE o.h.type.descriptor.sql.BasicBinder - binding parameter [1] as [INTEGER] - [0]
2025-08-25 13:54:41 [http-nio-8083-exec-10] TRACE o.h.type.descriptor.sql.BasicBinder - binding parameter [2] as [TIMESTAMP] - [2025-08-25T13:54:29.975]
2025-08-25 13:54:41 [http-nio-8083-exec-10] TRACE o.h.type.descriptor.sql.BasicBinder - binding parameter [3] as [VARCHAR] - [medium]
2025-08-25 13:54:41 [http-nio-8083-exec-10] TRACE o.h.type.descriptor.sql.BasicBinder - binding parameter [4] as [TIMESTAMP] - [2025-08-25T13:54:29.975]
2025-08-25 13:54:41 [http-nio-8083-exec-10] TRACE o.h.type.descriptor.sql.BasicBinder - binding parameter [5] as [BOOLEAN] - [true]
2025-08-25 13:54:41 [http-nio-8083-exec-10] TRACE o.h.type.descriptor.sql.BasicBinder - binding parameter [6] as [VARCHAR] - [KP_TEST_001]
2025-08-25 13:54:41 [http-nio-8083-exec-10] TRACE o.h.type.descriptor.sql.BasicBinder - binding parameter [7] as [TIMESTAMP] - [2025-08-25T13:54:29.975]
2025-08-25 13:54:41 [http-nio-8083-exec-10] TRACE o.h.type.descriptor.sql.BasicBinder - binding parameter [8] as [INTEGER] - [2]
2025-08-25 13:54:41 [http-nio-8083-exec-10] TRACE o.h.type.descriptor.sql.BasicBinder - binding parameter [9] as [VARCHAR] - [["概念理解错误"]]
2025-08-25 13:54:41 [http-nio-8083-exec-10] TRACE o.h.type.descriptor.sql.BasicBinder - binding parameter [10] as [VARCHAR] - [null]
2025-08-25 13:54:41 [http-nio-8083-exec-10] TRACE o.h.type.descriptor.sql.BasicBinder - binding parameter [11] as [VARCHAR] - [choice]
2025-08-25 13:54:41 [http-nio-8083-exec-10] TRACE o.h.type.descriptor.sql.BasicBinder - binding parameter [12] as [TIMESTAMP] - [2025-08-25T13:54:41.097]
2025-08-25 13:54:41 [http-nio-8083-exec-10] TRACE o.h.type.descriptor.sql.BasicBinder - binding parameter [13] as [INTEGER] - [0]
2025-08-25 13:54:41 [http-nio-8083-exec-10] TRACE o.h.type.descriptor.sql.BasicBinder - binding parameter [14] as [TIMESTAMP] - [2025-08-25T13:54:41.097]
2025-08-25 13:54:41 [http-nio-8083-exec-10] TRACE o.h.type.descriptor.sql.BasicBinder - binding parameter [15] as [VARCHAR] - [test_user_001]
2025-08-25 13:54:41 [http-nio-8083-exec-10] TRACE o.h.type.descriptor.sql.BasicBinder - binding parameter [16] as [VARCHAR] - [null]
2025-08-25 13:54:41 [http-nio-8083-exec-10] TRACE o.h.type.descriptor.sql.BasicBinder - binding parameter [17] as [VARCHAR] - [MR_20250825_002]
2025-08-25 13:54:41 [http-nio-8083-exec-10] INFO  c.m.r.controller.MistakeController - 错题解决成功: userId=test_user_001, knowledgePointId=KP_TEST_001
2025-08-25 13:54:42 [http-nio-8083-exec-1] DEBUG c.m.r.controller.MistakeController - 获取用户错题统计: userId=test_user_001
2025-08-25 13:54:42 [http-nio-8083-exec-1] DEBUG c.m.r.s.MistakeManagementService - 获取错题统计: userId=test_user_001
2025-08-25 13:54:42 [http-nio-8083-exec-1] DEBUG org.hibernate.SQL - 
    /* SELECT
        COUNT(m) 
    FROM
        MistakeRecord m 
    WHERE
        m.userId = :userId */ select
            count(mistakerec0_.id) as col_0_0_ 
        from
            mistake_records mistakerec0_ 
        where
            mistakerec0_.user_id=?
2025-08-25 13:54:42 [http-nio-8083-exec-1] TRACE o.h.type.descriptor.sql.BasicBinder - binding parameter [1] as [VARCHAR] - [test_user_001]
2025-08-25 13:54:42 [http-nio-8083-exec-1] DEBUG org.hibernate.SQL - 
    /* SELECT
        COUNT(m) 
    FROM
        MistakeRecord m 
    WHERE
        m.userId = :userId 
        AND m.isResolved = false */ select
            count(mistakerec0_.id) as col_0_0_ 
        from
            mistake_records mistakerec0_ 
        where
            mistakerec0_.user_id=? 
            and mistakerec0_.is_resolved=false
2025-08-25 13:54:42 [http-nio-8083-exec-1] TRACE o.h.type.descriptor.sql.BasicBinder - binding parameter [1] as [VARCHAR] - [test_user_001]
2025-08-25 13:54:42 [http-nio-8083-exec-1] DEBUG org.hibernate.SQL - 
    /* SELECT
        COUNT(m) 
    FROM
        MistakeRecord m 
    WHERE
        m.userId = :userId 
        AND m.isResolved = true */ select
            count(mistakerec0_.id) as col_0_0_ 
        from
            mistake_records mistakerec0_ 
        where
            mistakerec0_.user_id=? 
            and mistakerec0_.is_resolved=true
2025-08-25 13:54:42 [http-nio-8083-exec-1] TRACE o.h.type.descriptor.sql.BasicBinder - binding parameter [1] as [VARCHAR] - [test_user_001]
2025-08-25 13:54:42 [http-nio-8083-exec-1] DEBUG org.hibernate.SQL - 
    /* SELECT
        AVG(m.mistakeCount) 
    FROM
        MistakeRecord m 
    WHERE
        m.userId = :userId */ select
            avg(cast(mistakerec0_.mistake_count as double)) as col_0_0_ 
        from
            mistake_records mistakerec0_ 
        where
            mistakerec0_.user_id=?
2025-08-25 13:54:42 [http-nio-8083-exec-1] TRACE o.h.type.descriptor.sql.BasicBinder - binding parameter [1] as [VARCHAR] - [test_user_001]
2025-08-25 13:54:42 [http-nio-8083-exec-1] DEBUG org.hibernate.SQL - 
    /* SELECT
        AVG(m.correctCount * 1.0 / m.totalReviewCount) 
    FROM
        MistakeRecord m 
    WHERE
        m.userId = :userId 
        AND m.totalReviewCount > 0 */ select
            avg(mistakerec0_.correct_count*1.0/mistakerec0_.total_review_count) as col_0_0_ 
        from
            mistake_records mistakerec0_ 
        where
            mistakerec0_.user_id=? 
            and mistakerec0_.total_review_count>0
2025-08-25 13:54:42 [http-nio-8083-exec-1] TRACE o.h.type.descriptor.sql.BasicBinder - binding parameter [1] as [VARCHAR] - [test_user_001]
2025-08-25 13:54:42 [http-nio-8083-exec-1] DEBUG org.hibernate.SQL - 
    /* SELECT
        COUNT(m) 
    FROM
        MistakeRecord m 
    WHERE
        m.userId = :userId 
        AND m.lastMistakeTime >= :sinceTime */ select
            count(mistakerec0_.id) as col_0_0_ 
        from
            mistake_records mistakerec0_ 
        where
            mistakerec0_.user_id=? 
            and mistakerec0_.last_mistake_time>=?
2025-08-25 13:54:42 [http-nio-8083-exec-1] TRACE o.h.type.descriptor.sql.BasicBinder - binding parameter [1] as [VARCHAR] - [test_user_001]
2025-08-25 13:54:42 [http-nio-8083-exec-1] TRACE o.h.type.descriptor.sql.BasicBinder - binding parameter [2] as [TIMESTAMP] - [2025-08-18T13:54:42.761]
2025-08-25 13:54:42 [http-nio-8083-exec-1] DEBUG org.hibernate.SQL - 
    /* SELECT
        COUNT(m) 
    FROM
        MistakeRecord m 
    WHERE
        m.userId = :userId 
        AND m.lastMistakeTime >= :sinceTime */ select
            count(mistakerec0_.id) as col_0_0_ 
        from
            mistake_records mistakerec0_ 
        where
            mistakerec0_.user_id=? 
            and mistakerec0_.last_mistake_time>=?
2025-08-25 13:54:42 [http-nio-8083-exec-1] TRACE o.h.type.descriptor.sql.BasicBinder - binding parameter [1] as [VARCHAR] - [test_user_001]
2025-08-25 13:54:42 [http-nio-8083-exec-1] TRACE o.h.type.descriptor.sql.BasicBinder - binding parameter [2] as [TIMESTAMP] - [2025-07-26T13:54:42.763]
2025-08-25 13:54:42 [http-nio-8083-exec-1] DEBUG org.hibernate.SQL - 
    /* SELECT
        COUNT(m) 
    FROM
        MistakeRecord m 
    WHERE
        m.userId = :userId 
        AND m.resolvedTime >= :sinceTime 
        AND m.isResolved = true */ select
            count(mistakerec0_.id) as col_0_0_ 
        from
            mistake_records mistakerec0_ 
        where
            mistakerec0_.user_id=? 
            and mistakerec0_.resolved_time>=? 
            and mistakerec0_.is_resolved=true
2025-08-25 13:54:42 [http-nio-8083-exec-1] TRACE o.h.type.descriptor.sql.BasicBinder - binding parameter [1] as [VARCHAR] - [test_user_001]
2025-08-25 13:54:42 [http-nio-8083-exec-1] TRACE o.h.type.descriptor.sql.BasicBinder - binding parameter [2] as [TIMESTAMP] - [2025-08-18T13:54:42.764]
2025-08-25 13:54:42 [http-nio-8083-exec-1] DEBUG org.hibernate.SQL - 
    /* SELECT
        m.questionType,
        COUNT(m) 
    FROM
        MistakeRecord m 
    WHERE
        m.userId = :userId 
    GROUP BY
        m.questionType */ select
            mistakerec0_.question_type as col_0_0_,
            count(mistakerec0_.id) as col_1_0_ 
        from
            mistake_records mistakerec0_ 
        where
            mistakerec0_.user_id=? 
        group by
            mistakerec0_.question_type
2025-08-25 13:54:42 [http-nio-8083-exec-1] TRACE o.h.type.descriptor.sql.BasicBinder - binding parameter [1] as [VARCHAR] - [test_user_001]
2025-08-25 13:54:42 [http-nio-8083-exec-1] DEBUG org.hibernate.SQL - 
    /* SELECT
        m.difficultyLevel,
        COUNT(m) 
    FROM
        MistakeRecord m 
    WHERE
        m.userId = :userId 
    GROUP BY
        m.difficultyLevel */ select
            mistakerec0_.difficulty_level as col_0_0_,
            count(mistakerec0_.id) as col_1_0_ 
        from
            mistake_records mistakerec0_ 
        where
            mistakerec0_.user_id=? 
        group by
            mistakerec0_.difficulty_level
2025-08-25 13:54:42 [http-nio-8083-exec-1] TRACE o.h.type.descriptor.sql.BasicBinder - binding parameter [1] as [VARCHAR] - [test_user_001]
2025-08-25 13:54:42 [http-nio-8083-exec-1] DEBUG c.m.r.s.MistakeManagementService - 错题统计完成: userId=test_user_001, 总错题数=1, 解决率=1.0
2025-08-25 14:15:27 [http-nio-8083-exec-8] INFO  c.m.r.c.ReviewAlgorithmController - 执行SM-2算法测试
2025-08-25 14:15:27 [http-nio-8083-exec-8] INFO  c.m.r.service.ReviewAlgorithmService - 开始计算SM-2算法，输入参数: easeFactor=2.5, interval=7, quality=1
2025-08-25 14:15:27 [http-nio-8083-exec-8] INFO  c.m.r.service.ReviewAlgorithmService - 错误评分处理: 新易度因子=2.2, 新间隔=1天, 6小时后复习
2025-08-25 14:15:27 [http-nio-8083-exec-8] INFO  c.m.r.service.ReviewAlgorithmService - SM-2算法计算完成: 输入[EF=2.5, I=7, Q=1] -> 输出[EF=2.2, I=1, 复习强度=IMMEDIATE]
2025-08-25 14:15:27 [http-nio-8083-exec-8] INFO  c.m.r.service.ReviewAlgorithmService - 开始计算SM-2算法，输入参数: easeFactor=2.5, interval=7, quality=2
2025-08-25 14:15:27 [http-nio-8083-exec-8] INFO  c.m.r.service.ReviewAlgorithmService - 模糊评分处理: 新易度因子=2.4, 新间隔=4天, 4天后复习
2025-08-25 14:15:27 [http-nio-8083-exec-8] INFO  c.m.r.service.ReviewAlgorithmService - SM-2算法计算完成: 输入[EF=2.5, I=7, Q=2] -> 输出[EF=2.4, I=4, 复习强度=SHORT]
2025-08-25 14:15:27 [http-nio-8083-exec-8] INFO  c.m.r.service.ReviewAlgorithmService - 开始计算SM-2算法，输入参数: easeFactor=2.5, interval=7, quality=3
2025-08-25 14:15:27 [http-nio-8083-exec-8] INFO  c.m.r.service.ReviewAlgorithmService - 正确评分处理: 新易度因子=2.65, 新间隔=19天, 19天后复习
2025-08-25 14:15:27 [http-nio-8083-exec-8] INFO  c.m.r.service.ReviewAlgorithmService - SM-2算法计算完成: 输入[EF=2.5, I=7, Q=3] -> 输出[EF=2.65, I=19, 复习强度=MEDIUM]
2025-08-25 14:15:27 [http-nio-8083-exec-8] INFO  c.m.r.service.ReviewAlgorithmService - 返回默认算法参数: EF=2.5, I=1天
2025-08-25 14:16:30 [http-nio-8083-exec-1] INFO  c.m.r.c.ReviewSessionController - 创建复习会话请求，用户ID: USER_001, 复习模式: SM2
2025-08-25 14:16:30 [http-nio-8083-exec-1] INFO  c.m.r.service.ReviewSessionService - 创建复习会话，用户ID: USER_001, 复习模式: SM2, 目标题目数: 5
2025-08-25 14:16:30 [http-nio-8083-exec-1] DEBUG org.hibernate.SQL - 
    /* load com.memorin.review.entity.ReviewSession */ select
        reviewsess0_.id as id1_1_0_,
        reviewsess0_.completed_count as complete2_1_0_,
        reviewsess0_.correct_count as correct_3_1_0_,
        reviewsess0_.created_at as created_4_1_0_,
        reviewsess0_.current_index as current_5_1_0_,
        reviewsess0_.end_time as end_time6_1_0_,
        reviewsess0_.estimated_duration_minutes as estimate7_1_0_,
        reviewsess0_.is_active as is_activ8_1_0_,
        reviewsess0_.notes as notes9_1_0_,
        reviewsess0_.pause_time as pause_t10_1_0_,
        reviewsess0_.question_list as questio11_1_0_,
        reviewsess0_.review_mode as review_12_1_0_,
        reviewsess0_.session_config as session13_1_0_,
        reviewsess0_.start_time as start_t14_1_0_,
        reviewsess0_.status as status15_1_0_,
        reviewsess0_.total_pause_duration as total_p16_1_0_,
        reviewsess0_.total_questions as total_q17_1_0_,
        reviewsess0_.updated_at as updated18_1_0_,
        reviewsess0_.user_id as user_id19_1_0_ 
    from
        review_sessions reviewsess0_ 
    where
        reviewsess0_.id=?
2025-08-25 14:16:30 [http-nio-8083-exec-1] TRACE o.h.type.descriptor.sql.BasicBinder - binding parameter [1] as [VARCHAR] - [RS_20250825_003]
2025-08-25 14:16:30 [http-nio-8083-exec-1] INFO  c.m.r.service.ReviewSessionService - 成功创建复习会话，ID: RS_20250825_003, 总题目数: 5
2025-08-25 14:16:30 [http-nio-8083-exec-1] DEBUG org.hibernate.SQL - 
    /* insert com.memorin.review.entity.ReviewSession
        */ insert 
        into
            review_sessions
            (completed_count, correct_count, created_at, current_index, end_time, estimated_duration_minutes, is_active, notes, pause_time, question_list, review_mode, session_config, start_time, status, total_pause_duration, total_questions, updated_at, user_id, id) 
        values
            (?, ?, ?, ?, ?, ?, ?, ?, ?, ?, ?, ?, ?, ?, ?, ?, ?, ?, ?)
2025-08-25 14:16:30 [http-nio-8083-exec-1] TRACE o.h.type.descriptor.sql.BasicBinder - binding parameter [1] as [INTEGER] - [0]
2025-08-25 14:16:30 [http-nio-8083-exec-1] TRACE o.h.type.descriptor.sql.BasicBinder - binding parameter [2] as [INTEGER] - [0]
2025-08-25 14:16:30 [http-nio-8083-exec-1] TRACE o.h.type.descriptor.sql.BasicBinder - binding parameter [3] as [BIGINT] - [1756102590291]
2025-08-25 14:16:30 [http-nio-8083-exec-1] TRACE o.h.type.descriptor.sql.BasicBinder - binding parameter [4] as [INTEGER] - [0]
2025-08-25 14:16:30 [http-nio-8083-exec-1] TRACE o.h.type.descriptor.sql.BasicBinder - binding parameter [5] as [BIGINT] - [null]
2025-08-25 14:16:30 [http-nio-8083-exec-1] TRACE o.h.type.descriptor.sql.BasicBinder - binding parameter [6] as [INTEGER] - [10]
2025-08-25 14:16:30 [http-nio-8083-exec-1] TRACE o.h.type.descriptor.sql.BasicBinder - binding parameter [7] as [BOOLEAN] - [true]
2025-08-25 14:16:30 [http-nio-8083-exec-1] TRACE o.h.type.descriptor.sql.BasicBinder - binding parameter [8] as [VARCHAR] - [JavaScript基础复习]
2025-08-25 14:16:30 [http-nio-8083-exec-1] TRACE o.h.type.descriptor.sql.BasicBinder - binding parameter [9] as [BIGINT] - [null]
2025-08-25 14:16:30 [http-nio-8083-exec-1] TRACE o.h.type.descriptor.sql.BasicBinder - binding parameter [10] as [VARCHAR] - [[{"knowledgePointId":"KP_DEMO_001","questionType":"text"}]]
2025-08-25 14:16:30 [http-nio-8083-exec-1] TRACE o.h.type.descriptor.sql.BasicBinder - binding parameter [11] as [VARCHAR] - [SM2]
2025-08-25 14:16:30 [http-nio-8083-exec-1] TRACE o.h.type.descriptor.sql.BasicBinder - binding parameter [12] as [VARCHAR] - [{"reviewMode":"SM2","sortOrder":"smart","targetCount":5}]
2025-08-25 14:16:30 [http-nio-8083-exec-1] TRACE o.h.type.descriptor.sql.BasicBinder - binding parameter [13] as [BIGINT] - [null]
2025-08-25 14:16:30 [http-nio-8083-exec-1] TRACE o.h.type.descriptor.sql.BasicBinder - binding parameter [14] as [VARCHAR] - [CREATED]
2025-08-25 14:16:30 [http-nio-8083-exec-1] TRACE o.h.type.descriptor.sql.BasicBinder - binding parameter [15] as [BIGINT] - [0]
2025-08-25 14:16:30 [http-nio-8083-exec-1] TRACE o.h.type.descriptor.sql.BasicBinder - binding parameter [16] as [INTEGER] - [5]
2025-08-25 14:16:30 [http-nio-8083-exec-1] TRACE o.h.type.descriptor.sql.BasicBinder - binding parameter [17] as [BIGINT] - [1756102590291]
2025-08-25 14:16:30 [http-nio-8083-exec-1] TRACE o.h.type.descriptor.sql.BasicBinder - binding parameter [18] as [VARCHAR] - [USER_001]
2025-08-25 14:16:30 [http-nio-8083-exec-1] TRACE o.h.type.descriptor.sql.BasicBinder - binding parameter [19] as [VARCHAR] - [RS_20250825_003]
2025-08-25 14:16:30 [http-nio-8083-exec-1] INFO  c.m.r.c.ReviewSessionController - 复习会话创建成功，会话ID: RS_20250825_003
2025-08-25 14:17:21 [http-nio-8083-exec-7] INFO  c.m.r.controller.MistakeController - 错题管理服务测试接口调用
2025-08-25 14:17:21 [http-nio-8083-exec-7] INFO  c.m.r.s.MistakeManagementService - 添加错题记录: userId=USER_001, knowledgePointId=TEST_KNOWLEDGE_001, reason=测试错误原因
2025-08-25 14:17:21 [http-nio-8083-exec-7] DEBUG org.hibernate.SQL - 
    /* select
        generatedAlias0 
    from
        MistakeRecord as generatedAlias0 
    where
        (
            generatedAlias0.userId=:param0 
        ) 
        and (
            generatedAlias0.knowledgePointId=:param1 
        ) */ select
            mistakerec0_.id as id1_0_,
            mistakerec0_.correct_count as correct_2_0_,
            mistakerec0_.created_at as created_3_0_,
            mistakerec0_.difficulty_level as difficul4_0_,
            mistakerec0_.first_mistake_time as first_mi5_0_,
            mistakerec0_.is_resolved as is_resol6_0_,
            mistakerec0_.knowledge_point_id as knowledg7_0_,
            mistakerec0_.last_mistake_time as last_mis8_0_,
            mistakerec0_.mistake_count as mistake_9_0_,
            mistakerec0_.mistake_reasons as mistake10_0_,
            mistakerec0_.mistake_tags as mistake11_0_,
            mistakerec0_.question_type as questio12_0_,
            mistakerec0_.resolved_time as resolve13_0_,
            mistakerec0_.total_review_count as total_r14_0_,
            mistakerec0_.updated_at as updated15_0_,
            mistakerec0_.user_id as user_id16_0_,
            mistakerec0_.user_notes as user_no17_0_ 
        from
            mistake_records mistakerec0_ 
        where
            mistakerec0_.user_id=? 
            and mistakerec0_.knowledge_point_id=?
2025-08-25 14:17:21 [http-nio-8083-exec-7] TRACE o.h.type.descriptor.sql.BasicBinder - binding parameter [1] as [VARCHAR] - [USER_001]
2025-08-25 14:17:21 [http-nio-8083-exec-7] TRACE o.h.type.descriptor.sql.BasicBinder - binding parameter [2] as [VARCHAR] - [TEST_KNOWLEDGE_001]
2025-08-25 14:17:21 [http-nio-8083-exec-7] INFO  c.m.r.s.MistakeManagementService - 更新现有错题记录: id=MR_20250825_001, 新错误次数=3
2025-08-25 14:17:21 [http-nio-8083-exec-7] INFO  c.m.r.s.MistakeManagementService - 错题记录保存成功: id=MR_20250825_001
2025-08-25 14:17:21 [http-nio-8083-exec-7] DEBUG org.hibernate.SQL - 
    /* update
        com.memorin.review.entity.MistakeRecord */ update
            mistake_records 
        set
            correct_count=?,
            created_at=?,
            difficulty_level=?,
            first_mistake_time=?,
            is_resolved=?,
            knowledge_point_id=?,
            last_mistake_time=?,
            mistake_count=?,
            mistake_reasons=?,
            mistake_tags=?,
            question_type=?,
            resolved_time=?,
            total_review_count=?,
            updated_at=?,
            user_id=?,
            user_notes=? 
        where
            id=?
2025-08-25 14:17:21 [http-nio-8083-exec-7] TRACE o.h.type.descriptor.sql.BasicBinder - binding parameter [1] as [INTEGER] - [0]
2025-08-25 14:17:21 [http-nio-8083-exec-7] TRACE o.h.type.descriptor.sql.BasicBinder - binding parameter [2] as [TIMESTAMP] - [2025-08-25T13:54:13.025]
2025-08-25 14:17:21 [http-nio-8083-exec-7] TRACE o.h.type.descriptor.sql.BasicBinder - binding parameter [3] as [VARCHAR] - [medium]
2025-08-25 14:17:21 [http-nio-8083-exec-7] TRACE o.h.type.descriptor.sql.BasicBinder - binding parameter [4] as [TIMESTAMP] - [2025-08-25T13:54:13.025]
2025-08-25 14:17:21 [http-nio-8083-exec-7] TRACE o.h.type.descriptor.sql.BasicBinder - binding parameter [5] as [BOOLEAN] - [false]
2025-08-25 14:17:21 [http-nio-8083-exec-7] TRACE o.h.type.descriptor.sql.BasicBinder - binding parameter [6] as [VARCHAR] - [TEST_KNOWLEDGE_001]
2025-08-25 14:17:21 [http-nio-8083-exec-7] TRACE o.h.type.descriptor.sql.BasicBinder - binding parameter [7] as [TIMESTAMP] - [2025-08-25T14:17:21.223]
2025-08-25 14:17:21 [http-nio-8083-exec-7] TRACE o.h.type.descriptor.sql.BasicBinder - binding parameter [8] as [INTEGER] - [3]
2025-08-25 14:17:21 [http-nio-8083-exec-7] TRACE o.h.type.descriptor.sql.BasicBinder - binding parameter [9] as [VARCHAR] - [["测试错误原因","测试错误原因"]]
2025-08-25 14:17:21 [http-nio-8083-exec-7] TRACE o.h.type.descriptor.sql.BasicBinder - binding parameter [10] as [VARCHAR] - [null]
2025-08-25 14:17:21 [http-nio-8083-exec-7] TRACE o.h.type.descriptor.sql.BasicBinder - binding parameter [11] as [VARCHAR] - [choice]
2025-08-25 14:17:21 [http-nio-8083-exec-7] TRACE o.h.type.descriptor.sql.BasicBinder - binding parameter [12] as [TIMESTAMP] - [null]
2025-08-25 14:17:21 [http-nio-8083-exec-7] TRACE o.h.type.descriptor.sql.BasicBinder - binding parameter [13] as [INTEGER] - [0]
2025-08-25 14:17:21 [http-nio-8083-exec-7] TRACE o.h.type.descriptor.sql.BasicBinder - binding parameter [14] as [TIMESTAMP] - [2025-08-25T14:17:21.223]
2025-08-25 14:17:21 [http-nio-8083-exec-7] TRACE o.h.type.descriptor.sql.BasicBinder - binding parameter [15] as [VARCHAR] - [USER_001]
2025-08-25 14:17:21 [http-nio-8083-exec-7] TRACE o.h.type.descriptor.sql.BasicBinder - binding parameter [16] as [VARCHAR] - [null]
2025-08-25 14:17:21 [http-nio-8083-exec-7] TRACE o.h.type.descriptor.sql.BasicBinder - binding parameter [17] as [VARCHAR] - [MR_20250825_001]
2025-08-25 14:17:34 [http-nio-8083-exec-10] INFO  c.m.r.controller.MistakeController - 错题管理服务测试接口调用
2025-08-25 14:17:34 [http-nio-8083-exec-10] INFO  c.m.r.s.MistakeManagementService - 添加错题记录: userId=USER_001, knowledgePointId=TEST_KNOWLEDGE_001, reason=测试错误原因
2025-08-25 14:17:34 [http-nio-8083-exec-10] DEBUG org.hibernate.SQL - 
    /* select
        generatedAlias0 
    from
        MistakeRecord as generatedAlias0 
    where
        (
            generatedAlias0.userId=:param0 
        ) 
        and (
            generatedAlias0.knowledgePointId=:param1 
        ) */ select
            mistakerec0_.id as id1_0_,
            mistakerec0_.correct_count as correct_2_0_,
            mistakerec0_.created_at as created_3_0_,
            mistakerec0_.difficulty_level as difficul4_0_,
            mistakerec0_.first_mistake_time as first_mi5_0_,
            mistakerec0_.is_resolved as is_resol6_0_,
            mistakerec0_.knowledge_point_id as knowledg7_0_,
            mistakerec0_.last_mistake_time as last_mis8_0_,
            mistakerec0_.mistake_count as mistake_9_0_,
            mistakerec0_.mistake_reasons as mistake10_0_,
            mistakerec0_.mistake_tags as mistake11_0_,
            mistakerec0_.question_type as questio12_0_,
            mistakerec0_.resolved_time as resolve13_0_,
            mistakerec0_.total_review_count as total_r14_0_,
            mistakerec0_.updated_at as updated15_0_,
            mistakerec0_.user_id as user_id16_0_,
            mistakerec0_.user_notes as user_no17_0_ 
        from
            mistake_records mistakerec0_ 
        where
            mistakerec0_.user_id=? 
            and mistakerec0_.knowledge_point_id=?
2025-08-25 14:17:34 [http-nio-8083-exec-10] TRACE o.h.type.descriptor.sql.BasicBinder - binding parameter [1] as [VARCHAR] - [USER_001]
2025-08-25 14:17:34 [http-nio-8083-exec-10] TRACE o.h.type.descriptor.sql.BasicBinder - binding parameter [2] as [VARCHAR] - [TEST_KNOWLEDGE_001]
2025-08-25 14:17:34 [http-nio-8083-exec-10] INFO  c.m.r.s.MistakeManagementService - 更新现有错题记录: id=MR_20250825_001, 新错误次数=4
2025-08-25 14:17:34 [http-nio-8083-exec-10] INFO  c.m.r.s.MistakeManagementService - 错题记录保存成功: id=MR_20250825_001
2025-08-25 14:17:34 [http-nio-8083-exec-10] DEBUG org.hibernate.SQL - 
    /* update
        com.memorin.review.entity.MistakeRecord */ update
            mistake_records 
        set
            correct_count=?,
            created_at=?,
            difficulty_level=?,
            first_mistake_time=?,
            is_resolved=?,
            knowledge_point_id=?,
            last_mistake_time=?,
            mistake_count=?,
            mistake_reasons=?,
            mistake_tags=?,
            question_type=?,
            resolved_time=?,
            total_review_count=?,
            updated_at=?,
            user_id=?,
            user_notes=? 
        where
            id=?
2025-08-25 14:17:34 [http-nio-8083-exec-10] TRACE o.h.type.descriptor.sql.BasicBinder - binding parameter [1] as [INTEGER] - [0]
2025-08-25 14:17:34 [http-nio-8083-exec-10] TRACE o.h.type.descriptor.sql.BasicBinder - binding parameter [2] as [TIMESTAMP] - [2025-08-25T13:54:13.025]
2025-08-25 14:17:34 [http-nio-8083-exec-10] TRACE o.h.type.descriptor.sql.BasicBinder - binding parameter [3] as [VARCHAR] - [medium]
2025-08-25 14:17:34 [http-nio-8083-exec-10] TRACE o.h.type.descriptor.sql.BasicBinder - binding parameter [4] as [TIMESTAMP] - [2025-08-25T13:54:13.025]
2025-08-25 14:17:34 [http-nio-8083-exec-10] TRACE o.h.type.descriptor.sql.BasicBinder - binding parameter [5] as [BOOLEAN] - [false]
2025-08-25 14:17:34 [http-nio-8083-exec-10] TRACE o.h.type.descriptor.sql.BasicBinder - binding parameter [6] as [VARCHAR] - [TEST_KNOWLEDGE_001]
2025-08-25 14:17:34 [http-nio-8083-exec-10] TRACE o.h.type.descriptor.sql.BasicBinder - binding parameter [7] as [TIMESTAMP] - [2025-08-25T14:17:34.829]
2025-08-25 14:17:34 [http-nio-8083-exec-10] TRACE o.h.type.descriptor.sql.BasicBinder - binding parameter [8] as [INTEGER] - [4]
2025-08-25 14:17:34 [http-nio-8083-exec-10] TRACE o.h.type.descriptor.sql.BasicBinder - binding parameter [9] as [VARCHAR] - [["测试错误原因","测试错误原因","测试错误原因"]]
2025-08-25 14:17:34 [http-nio-8083-exec-10] TRACE o.h.type.descriptor.sql.BasicBinder - binding parameter [10] as [VARCHAR] - [null]
2025-08-25 14:17:34 [http-nio-8083-exec-10] TRACE o.h.type.descriptor.sql.BasicBinder - binding parameter [11] as [VARCHAR] - [choice]
2025-08-25 14:17:34 [http-nio-8083-exec-10] TRACE o.h.type.descriptor.sql.BasicBinder - binding parameter [12] as [TIMESTAMP] - [null]
2025-08-25 14:17:34 [http-nio-8083-exec-10] TRACE o.h.type.descriptor.sql.BasicBinder - binding parameter [13] as [INTEGER] - [0]
2025-08-25 14:17:34 [http-nio-8083-exec-10] TRACE o.h.type.descriptor.sql.BasicBinder - binding parameter [14] as [TIMESTAMP] - [2025-08-25T14:17:34.829]
2025-08-25 14:17:34 [http-nio-8083-exec-10] TRACE o.h.type.descriptor.sql.BasicBinder - binding parameter [15] as [VARCHAR] - [USER_001]
2025-08-25 14:17:34 [http-nio-8083-exec-10] TRACE o.h.type.descriptor.sql.BasicBinder - binding parameter [16] as [VARCHAR] - [null]
2025-08-25 14:17:34 [http-nio-8083-exec-10] TRACE o.h.type.descriptor.sql.BasicBinder - binding parameter [17] as [VARCHAR] - [MR_20250825_001]
2025-08-25 14:18:01 [http-nio-8083-exec-9] DEBUG c.m.r.controller.MistakeController - 获取用户所有错题: userId=USER_001
2025-08-25 14:18:01 [http-nio-8083-exec-9] DEBUG c.m.r.s.MistakeManagementService - 获取用户所有错题: userId=USER_001
2025-08-25 14:18:01 [http-nio-8083-exec-9] DEBUG org.hibernate.SQL - 
    /* select
        generatedAlias0 
    from
        MistakeRecord as generatedAlias0 
    where
        generatedAlias0.userId=:param0 
    order by
        generatedAlias0.lastMistakeTime desc */ select
            mistakerec0_.id as id1_0_,
            mistakerec0_.correct_count as correct_2_0_,
            mistakerec0_.created_at as created_3_0_,
            mistakerec0_.difficulty_level as difficul4_0_,
            mistakerec0_.first_mistake_time as first_mi5_0_,
            mistakerec0_.is_resolved as is_resol6_0_,
            mistakerec0_.knowledge_point_id as knowledg7_0_,
            mistakerec0_.last_mistake_time as last_mis8_0_,
            mistakerec0_.mistake_count as mistake_9_0_,
            mistakerec0_.mistake_reasons as mistake10_0_,
            mistakerec0_.mistake_tags as mistake11_0_,
            mistakerec0_.question_type as questio12_0_,
            mistakerec0_.resolved_time as resolve13_0_,
            mistakerec0_.total_review_count as total_r14_0_,
            mistakerec0_.updated_at as updated15_0_,
            mistakerec0_.user_id as user_id16_0_,
            mistakerec0_.user_notes as user_no17_0_ 
        from
            mistake_records mistakerec0_ 
        where
            mistakerec0_.user_id=? 
        order by
            mistakerec0_.last_mistake_time desc
2025-08-25 14:18:01 [http-nio-8083-exec-9] TRACE o.h.type.descriptor.sql.BasicBinder - binding parameter [1] as [VARCHAR] - [USER_001]
2025-08-25 14:18:01 [http-nio-8083-exec-9] DEBUG c.m.r.controller.MistakeController - 用户错题查询成功: userId=USER_001, 数量=1
2025-08-25 14:18:16 [http-nio-8083-exec-2] INFO  c.m.r.c.ReviewSessionController - 创建复习会话请求，用户ID: USER_001, 复习模式: SM2
2025-08-25 14:18:16 [http-nio-8083-exec-2] INFO  c.m.r.service.ReviewSessionService - 创建复习会话，用户ID: USER_001, 复习模式: SM2, 目标题目数: 3
2025-08-25 14:18:16 [http-nio-8083-exec-2] DEBUG org.hibernate.SQL - 
    /* load com.memorin.review.entity.ReviewSession */ select
        reviewsess0_.id as id1_1_0_,
        reviewsess0_.completed_count as complete2_1_0_,
        reviewsess0_.correct_count as correct_3_1_0_,
        reviewsess0_.created_at as created_4_1_0_,
        reviewsess0_.current_index as current_5_1_0_,
        reviewsess0_.end_time as end_time6_1_0_,
        reviewsess0_.estimated_duration_minutes as estimate7_1_0_,
        reviewsess0_.is_active as is_activ8_1_0_,
        reviewsess0_.notes as notes9_1_0_,
        reviewsess0_.pause_time as pause_t10_1_0_,
        reviewsess0_.question_list as questio11_1_0_,
        reviewsess0_.review_mode as review_12_1_0_,
        reviewsess0_.session_config as session13_1_0_,
        reviewsess0_.start_time as start_t14_1_0_,
        reviewsess0_.status as status15_1_0_,
        reviewsess0_.total_pause_duration as total_p16_1_0_,
        reviewsess0_.total_questions as total_q17_1_0_,
        reviewsess0_.updated_at as updated18_1_0_,
        reviewsess0_.user_id as user_id19_1_0_ 
    from
        review_sessions reviewsess0_ 
    where
        reviewsess0_.id=?
2025-08-25 14:18:16 [http-nio-8083-exec-2] TRACE o.h.type.descriptor.sql.BasicBinder - binding parameter [1] as [VARCHAR] - [RS_20250825_004]
2025-08-25 14:18:16 [http-nio-8083-exec-2] INFO  c.m.r.service.ReviewSessionService - 成功创建复习会话，ID: RS_20250825_004, 总题目数: 3
2025-08-25 14:18:16 [http-nio-8083-exec-2] DEBUG org.hibernate.SQL - 
    /* insert com.memorin.review.entity.ReviewSession
        */ insert 
        into
            review_sessions
            (completed_count, correct_count, created_at, current_index, end_time, estimated_duration_minutes, is_active, notes, pause_time, question_list, review_mode, session_config, start_time, status, total_pause_duration, total_questions, updated_at, user_id, id) 
        values
            (?, ?, ?, ?, ?, ?, ?, ?, ?, ?, ?, ?, ?, ?, ?, ?, ?, ?, ?)
2025-08-25 14:18:16 [http-nio-8083-exec-2] TRACE o.h.type.descriptor.sql.BasicBinder - binding parameter [1] as [INTEGER] - [0]
2025-08-25 14:18:16 [http-nio-8083-exec-2] TRACE o.h.type.descriptor.sql.BasicBinder - binding parameter [2] as [INTEGER] - [0]
2025-08-25 14:18:16 [http-nio-8083-exec-2] TRACE o.h.type.descriptor.sql.BasicBinder - binding parameter [3] as [BIGINT] - [1756102696079]
2025-08-25 14:18:16 [http-nio-8083-exec-2] TRACE o.h.type.descriptor.sql.BasicBinder - binding parameter [4] as [INTEGER] - [0]
2025-08-25 14:18:16 [http-nio-8083-exec-2] TRACE o.h.type.descriptor.sql.BasicBinder - binding parameter [5] as [BIGINT] - [null]
2025-08-25 14:18:16 [http-nio-8083-exec-2] TRACE o.h.type.descriptor.sql.BasicBinder - binding parameter [6] as [INTEGER] - [6]
2025-08-25 14:18:16 [http-nio-8083-exec-2] TRACE o.h.type.descriptor.sql.BasicBinder - binding parameter [7] as [BOOLEAN] - [true]
2025-08-25 14:18:16 [http-nio-8083-exec-2] TRACE o.h.type.descriptor.sql.BasicBinder - binding parameter [8] as [VARCHAR] - [Integration test session]
2025-08-25 14:18:16 [http-nio-8083-exec-2] TRACE o.h.type.descriptor.sql.BasicBinder - binding parameter [9] as [BIGINT] - [null]
2025-08-25 14:18:16 [http-nio-8083-exec-2] TRACE o.h.type.descriptor.sql.BasicBinder - binding parameter [10] as [VARCHAR] - [[{"knowledgePointId":"KP_DEMO_001","questionType":"text"}]]
2025-08-25 14:18:16 [http-nio-8083-exec-2] TRACE o.h.type.descriptor.sql.BasicBinder - binding parameter [11] as [VARCHAR] - [SM2]
2025-08-25 14:18:16 [http-nio-8083-exec-2] TRACE o.h.type.descriptor.sql.BasicBinder - binding parameter [12] as [VARCHAR] - [{"reviewMode":"SM2","sortOrder":"smart","targetCount":3}]
2025-08-25 14:18:16 [http-nio-8083-exec-2] TRACE o.h.type.descriptor.sql.BasicBinder - binding parameter [13] as [BIGINT] - [null]
2025-08-25 14:18:16 [http-nio-8083-exec-2] TRACE o.h.type.descriptor.sql.BasicBinder - binding parameter [14] as [VARCHAR] - [CREATED]
2025-08-25 14:18:16 [http-nio-8083-exec-2] TRACE o.h.type.descriptor.sql.BasicBinder - binding parameter [15] as [BIGINT] - [0]
2025-08-25 14:18:16 [http-nio-8083-exec-2] TRACE o.h.type.descriptor.sql.BasicBinder - binding parameter [16] as [INTEGER] - [3]
2025-08-25 14:18:16 [http-nio-8083-exec-2] TRACE o.h.type.descriptor.sql.BasicBinder - binding parameter [17] as [BIGINT] - [1756102696079]
2025-08-25 14:18:16 [http-nio-8083-exec-2] TRACE o.h.type.descriptor.sql.BasicBinder - binding parameter [18] as [VARCHAR] - [USER_001]
2025-08-25 14:18:16 [http-nio-8083-exec-2] TRACE o.h.type.descriptor.sql.BasicBinder - binding parameter [19] as [VARCHAR] - [RS_20250825_004]
2025-08-25 14:18:16 [http-nio-8083-exec-2] INFO  c.m.r.c.ReviewSessionController - 复习会话创建成功，会话ID: RS_20250825_004
2025-08-25 14:18:34 [http-nio-8083-exec-4] INFO  c.m.r.c.ReviewSessionController - 启动会话请求，会话ID: RS_20250825_004, 用户ID: USER_001
2025-08-25 14:18:34 [http-nio-8083-exec-4] INFO  c.m.r.service.ReviewSessionService - 启动复习会话，会话ID: RS_20250825_004, 用户ID: USER_001
2025-08-25 14:18:34 [http-nio-8083-exec-4] DEBUG org.hibernate.SQL - 
    /* SELECT
        s 
    FROM
        ReviewSession s 
    WHERE
        s.id = :sessionId 
        AND s.userId = :userId 
        AND s.isActive = true */ select
            reviewsess0_.id as id1_1_,
            reviewsess0_.completed_count as complete2_1_,
            reviewsess0_.correct_count as correct_3_1_,
            reviewsess0_.created_at as created_4_1_,
            reviewsess0_.current_index as current_5_1_,
            reviewsess0_.end_time as end_time6_1_,
            reviewsess0_.estimated_duration_minutes as estimate7_1_,
            reviewsess0_.is_active as is_activ8_1_,
            reviewsess0_.notes as notes9_1_,
            reviewsess0_.pause_time as pause_t10_1_,
            reviewsess0_.question_list as questio11_1_,
            reviewsess0_.review_mode as review_12_1_,
            reviewsess0_.session_config as session13_1_,
            reviewsess0_.start_time as start_t14_1_,
            reviewsess0_.status as status15_1_,
            reviewsess0_.total_pause_duration as total_p16_1_,
            reviewsess0_.total_questions as total_q17_1_,
            reviewsess0_.updated_at as updated18_1_,
            reviewsess0_.user_id as user_id19_1_ 
        from
            review_sessions reviewsess0_ 
        where
            reviewsess0_.id=? 
            and reviewsess0_.user_id=? 
            and reviewsess0_.is_active=true
2025-08-25 14:18:34 [http-nio-8083-exec-4] TRACE o.h.type.descriptor.sql.BasicBinder - binding parameter [1] as [VARCHAR] - [RS_20250825_004]
2025-08-25 14:18:34 [http-nio-8083-exec-4] TRACE o.h.type.descriptor.sql.BasicBinder - binding parameter [2] as [VARCHAR] - [USER_001]
2025-08-25 14:18:34 [http-nio-8083-exec-4] INFO  c.m.r.service.ReviewSessionService - 会话启动成功，ID: RS_20250825_004, 状态: ACTIVE
2025-08-25 14:18:34 [http-nio-8083-exec-4] DEBUG org.hibernate.SQL - 
    /* update
        com.memorin.review.entity.ReviewSession */ update
            review_sessions 
        set
            completed_count=?,
            correct_count=?,
            created_at=?,
            current_index=?,
            end_time=?,
            estimated_duration_minutes=?,
            is_active=?,
            notes=?,
            pause_time=?,
            question_list=?,
            review_mode=?,
            session_config=?,
            start_time=?,
            status=?,
            total_pause_duration=?,
            total_questions=?,
            updated_at=?,
            user_id=? 
        where
            id=?
2025-08-25 14:18:34 [http-nio-8083-exec-4] TRACE o.h.type.descriptor.sql.BasicBinder - binding parameter [1] as [INTEGER] - [0]
2025-08-25 14:18:34 [http-nio-8083-exec-4] TRACE o.h.type.descriptor.sql.BasicBinder - binding parameter [2] as [INTEGER] - [0]
2025-08-25 14:18:34 [http-nio-8083-exec-4] TRACE o.h.type.descriptor.sql.BasicBinder - binding parameter [3] as [BIGINT] - [1756102696079]
2025-08-25 14:18:34 [http-nio-8083-exec-4] TRACE o.h.type.descriptor.sql.BasicBinder - binding parameter [4] as [INTEGER] - [0]
2025-08-25 14:18:34 [http-nio-8083-exec-4] TRACE o.h.type.descriptor.sql.BasicBinder - binding parameter [5] as [BIGINT] - [null]
2025-08-25 14:18:34 [http-nio-8083-exec-4] TRACE o.h.type.descriptor.sql.BasicBinder - binding parameter [6] as [INTEGER] - [6]
2025-08-25 14:18:34 [http-nio-8083-exec-4] TRACE o.h.type.descriptor.sql.BasicBinder - binding parameter [7] as [BOOLEAN] - [true]
2025-08-25 14:18:34 [http-nio-8083-exec-4] TRACE o.h.type.descriptor.sql.BasicBinder - binding parameter [8] as [VARCHAR] - [Integration test session]
2025-08-25 14:18:34 [http-nio-8083-exec-4] TRACE o.h.type.descriptor.sql.BasicBinder - binding parameter [9] as [BIGINT] - [null]
2025-08-25 14:18:34 [http-nio-8083-exec-4] TRACE o.h.type.descriptor.sql.BasicBinder - binding parameter [10] as [VARCHAR] - [[{"knowledgePointId":"KP_DEMO_001","questionType":"text"}]]
2025-08-25 14:18:34 [http-nio-8083-exec-4] TRACE o.h.type.descriptor.sql.BasicBinder - binding parameter [11] as [VARCHAR] - [SM2]
2025-08-25 14:18:34 [http-nio-8083-exec-4] TRACE o.h.type.descriptor.sql.BasicBinder - binding parameter [12] as [VARCHAR] - [{"reviewMode":"SM2","sortOrder":"smart","targetCount":3}]
2025-08-25 14:18:34 [http-nio-8083-exec-4] TRACE o.h.type.descriptor.sql.BasicBinder - binding parameter [13] as [BIGINT] - [1756102714451]
2025-08-25 14:18:34 [http-nio-8083-exec-4] TRACE o.h.type.descriptor.sql.BasicBinder - binding parameter [14] as [VARCHAR] - [ACTIVE]
2025-08-25 14:18:34 [http-nio-8083-exec-4] TRACE o.h.type.descriptor.sql.BasicBinder - binding parameter [15] as [BIGINT] - [0]
2025-08-25 14:18:34 [http-nio-8083-exec-4] TRACE o.h.type.descriptor.sql.BasicBinder - binding parameter [16] as [INTEGER] - [3]
2025-08-25 14:18:34 [http-nio-8083-exec-4] TRACE o.h.type.descriptor.sql.BasicBinder - binding parameter [17] as [BIGINT] - [1756102714451]
2025-08-25 14:18:34 [http-nio-8083-exec-4] TRACE o.h.type.descriptor.sql.BasicBinder - binding parameter [18] as [VARCHAR] - [USER_001]
2025-08-25 14:18:34 [http-nio-8083-exec-4] TRACE o.h.type.descriptor.sql.BasicBinder - binding parameter [19] as [VARCHAR] - [RS_20250825_004]
2025-08-25 14:18:34 [http-nio-8083-exec-4] INFO  c.m.r.c.ReviewSessionController - 会话启动成功，会话ID: RS_20250825_004
2025-08-25 14:18:36 [http-nio-8083-exec-6] WARN  o.s.w.s.m.s.DefaultHandlerExceptionResolver - Resolved [org.springframework.web.bind.MethodArgumentNotValidException: Validation failed for argument [1] in public org.springframework.http.ResponseEntity<java.util.Map<java.lang.String, java.lang.Object>> com.memorin.review.controller.ReviewSessionController.submitAnswer(java.lang.String,com.memorin.review.dto.request.SubmitAnswerRequest,java.lang.String) with 3 errors: [Field error in object 'submitAnswerRequest' on field 'questionIndex': rejected value [null]; codes [NotNull.submitAnswerRequest.questionIndex,NotNull.questionIndex,NotNull.java.lang.Integer,NotNull]; arguments [org.springframework.context.support.DefaultMessageSourceResolvable: codes [submitAnswerRequest.questionIndex,questionIndex]; arguments []; default message [questionIndex]]; default message [题目索引不能为空]] [Field error in object 'submitAnswerRequest' on field 'questionType': rejected value [null]; codes [NotBlank.submitAnswerRequest.questionType,NotBlank.questionType,NotBlank.java.lang.String,NotBlank]; arguments [org.springframework.context.support.DefaultMessageSourceResolvable: codes [submitAnswerRequest.questionType,questionType]; arguments []; default message [questionType]]; default message [题目类型不能为空]] [Field error in object 'submitAnswerRequest' on field 'sessionId': rejected value [null]; codes [NotBlank.submitAnswerRequest.sessionId,NotBlank.sessionId,NotBlank.java.lang.String,NotBlank]; arguments [org.springframework.context.support.DefaultMessageSourceResolvable: codes [submitAnswerRequest.sessionId,sessionId]; arguments []; default message [sessionId]]; default message [会话ID不能为空]] ]
2025-08-25 14:18:39 [http-nio-8083-exec-7] INFO  c.m.r.controller.MistakeController - 接收添加错题请求: MistakeRequest{userId='USER_001', knowledgePointId='KP_TEXT_20250825_003', mistakeReason='Integration test mistake tracking', questionType='text', difficultyLevel='medium', mistakeTags='null', userNotes='null'}
2025-08-25 14:18:39 [http-nio-8083-exec-7] INFO  c.m.r.s.MistakeManagementService - 添加错题记录: userId=USER_001, knowledgePointId=KP_TEXT_20250825_003, reason=Integration test mistake tracking
2025-08-25 14:18:39 [http-nio-8083-exec-7] DEBUG org.hibernate.SQL - 
    /* select
        generatedAlias0 
    from
        MistakeRecord as generatedAlias0 
    where
        (
            generatedAlias0.userId=:param0 
        ) 
        and (
            generatedAlias0.knowledgePointId=:param1 
        ) */ select
            mistakerec0_.id as id1_0_,
            mistakerec0_.correct_count as correct_2_0_,
            mistakerec0_.created_at as created_3_0_,
            mistakerec0_.difficulty_level as difficul4_0_,
            mistakerec0_.first_mistake_time as first_mi5_0_,
            mistakerec0_.is_resolved as is_resol6_0_,
            mistakerec0_.knowledge_point_id as knowledg7_0_,
            mistakerec0_.last_mistake_time as last_mis8_0_,
            mistakerec0_.mistake_count as mistake_9_0_,
            mistakerec0_.mistake_reasons as mistake10_0_,
            mistakerec0_.mistake_tags as mistake11_0_,
            mistakerec0_.question_type as questio12_0_,
            mistakerec0_.resolved_time as resolve13_0_,
            mistakerec0_.total_review_count as total_r14_0_,
            mistakerec0_.updated_at as updated15_0_,
            mistakerec0_.user_id as user_id16_0_,
            mistakerec0_.user_notes as user_no17_0_ 
        from
            mistake_records mistakerec0_ 
        where
            mistakerec0_.user_id=? 
            and mistakerec0_.knowledge_point_id=?
2025-08-25 14:18:39 [http-nio-8083-exec-7] TRACE o.h.type.descriptor.sql.BasicBinder - binding parameter [1] as [VARCHAR] - [USER_001]
2025-08-25 14:18:39 [http-nio-8083-exec-7] TRACE o.h.type.descriptor.sql.BasicBinder - binding parameter [2] as [VARCHAR] - [KP_TEXT_20250825_003]
2025-08-25 14:18:39 [http-nio-8083-exec-7] INFO  c.m.r.s.MistakeManagementService - 创建新错题记录: id=MR_20250825_003
2025-08-25 14:18:39 [http-nio-8083-exec-7] DEBUG org.hibernate.SQL - 
    /* load com.memorin.review.entity.MistakeRecord */ select
        mistakerec0_.id as id1_0_0_,
        mistakerec0_.correct_count as correct_2_0_0_,
        mistakerec0_.created_at as created_3_0_0_,
        mistakerec0_.difficulty_level as difficul4_0_0_,
        mistakerec0_.first_mistake_time as first_mi5_0_0_,
        mistakerec0_.is_resolved as is_resol6_0_0_,
        mistakerec0_.knowledge_point_id as knowledg7_0_0_,
        mistakerec0_.last_mistake_time as last_mis8_0_0_,
        mistakerec0_.mistake_count as mistake_9_0_0_,
        mistakerec0_.mistake_reasons as mistake10_0_0_,
        mistakerec0_.mistake_tags as mistake11_0_0_,
        mistakerec0_.question_type as questio12_0_0_,
        mistakerec0_.resolved_time as resolve13_0_0_,
        mistakerec0_.total_review_count as total_r14_0_0_,
        mistakerec0_.updated_at as updated15_0_0_,
        mistakerec0_.user_id as user_id16_0_0_,
        mistakerec0_.user_notes as user_no17_0_0_ 
    from
        mistake_records mistakerec0_ 
    where
        mistakerec0_.id=?
2025-08-25 14:18:39 [http-nio-8083-exec-7] TRACE o.h.type.descriptor.sql.BasicBinder - binding parameter [1] as [VARCHAR] - [MR_20250825_003]
2025-08-25 14:18:39 [http-nio-8083-exec-7] INFO  c.m.r.s.MistakeManagementService - 错题记录保存成功: id=MR_20250825_003
2025-08-25 14:18:39 [http-nio-8083-exec-7] DEBUG org.hibernate.SQL - 
    /* insert com.memorin.review.entity.MistakeRecord
        */ insert 
        into
            mistake_records
            (correct_count, created_at, difficulty_level, first_mistake_time, is_resolved, knowledge_point_id, last_mistake_time, mistake_count, mistake_reasons, mistake_tags, question_type, resolved_time, total_review_count, updated_at, user_id, user_notes, id) 
        values
            (?, ?, ?, ?, ?, ?, ?, ?, ?, ?, ?, ?, ?, ?, ?, ?, ?)
2025-08-25 14:18:39 [http-nio-8083-exec-7] TRACE o.h.type.descriptor.sql.BasicBinder - binding parameter [1] as [INTEGER] - [0]
2025-08-25 14:18:39 [http-nio-8083-exec-7] TRACE o.h.type.descriptor.sql.BasicBinder - binding parameter [2] as [TIMESTAMP] - [2025-08-25T14:18:39.021]
2025-08-25 14:18:39 [http-nio-8083-exec-7] TRACE o.h.type.descriptor.sql.BasicBinder - binding parameter [3] as [VARCHAR] - [medium]
2025-08-25 14:18:39 [http-nio-8083-exec-7] TRACE o.h.type.descriptor.sql.BasicBinder - binding parameter [4] as [TIMESTAMP] - [2025-08-25T14:18:39.021]
2025-08-25 14:18:39 [http-nio-8083-exec-7] TRACE o.h.type.descriptor.sql.BasicBinder - binding parameter [5] as [BOOLEAN] - [false]
2025-08-25 14:18:39 [http-nio-8083-exec-7] TRACE o.h.type.descriptor.sql.BasicBinder - binding parameter [6] as [VARCHAR] - [KP_TEXT_20250825_003]
2025-08-25 14:18:39 [http-nio-8083-exec-7] TRACE o.h.type.descriptor.sql.BasicBinder - binding parameter [7] as [TIMESTAMP] - [2025-08-25T14:18:39.021]
2025-08-25 14:18:39 [http-nio-8083-exec-7] TRACE o.h.type.descriptor.sql.BasicBinder - binding parameter [8] as [INTEGER] - [2]
2025-08-25 14:18:39 [http-nio-8083-exec-7] TRACE o.h.type.descriptor.sql.BasicBinder - binding parameter [9] as [VARCHAR] - [["Integration test mistake tracking"]]
2025-08-25 14:18:39 [http-nio-8083-exec-7] TRACE o.h.type.descriptor.sql.BasicBinder - binding parameter [10] as [VARCHAR] - [null]
2025-08-25 14:18:39 [http-nio-8083-exec-7] TRACE o.h.type.descriptor.sql.BasicBinder - binding parameter [11] as [VARCHAR] - [text]
2025-08-25 14:18:39 [http-nio-8083-exec-7] TRACE o.h.type.descriptor.sql.BasicBinder - binding parameter [12] as [TIMESTAMP] - [null]
2025-08-25 14:18:39 [http-nio-8083-exec-7] TRACE o.h.type.descriptor.sql.BasicBinder - binding parameter [13] as [INTEGER] - [0]
2025-08-25 14:18:39 [http-nio-8083-exec-7] TRACE o.h.type.descriptor.sql.BasicBinder - binding parameter [14] as [TIMESTAMP] - [2025-08-25T14:18:39.021]
2025-08-25 14:18:39 [http-nio-8083-exec-7] TRACE o.h.type.descriptor.sql.BasicBinder - binding parameter [15] as [VARCHAR] - [USER_001]
2025-08-25 14:18:39 [http-nio-8083-exec-7] TRACE o.h.type.descriptor.sql.BasicBinder - binding parameter [16] as [VARCHAR] - [null]
2025-08-25 14:18:39 [http-nio-8083-exec-7] TRACE o.h.type.descriptor.sql.BasicBinder - binding parameter [17] as [VARCHAR] - [MR_20250825_003]
2025-08-25 14:18:39 [http-nio-8083-exec-7] INFO  c.m.r.controller.MistakeController - 错题记录添加成功: mistakeId=MR_20250825_003
2025-08-25 14:18:51 [http-nio-8083-exec-10] INFO  c.m.r.c.ReviewSessionController - 完成会话请求，会话ID: RS_20250825_004, 用户ID: USER_001
2025-08-25 14:18:51 [http-nio-8083-exec-10] INFO  c.m.r.service.ReviewSessionService - 完成复习会话，会话ID: RS_20250825_004, 用户ID: USER_001
2025-08-25 14:18:51 [http-nio-8083-exec-10] DEBUG org.hibernate.SQL - 
    /* SELECT
        s 
    FROM
        ReviewSession s 
    WHERE
        s.id = :sessionId 
        AND s.userId = :userId 
        AND s.isActive = true */ select
            reviewsess0_.id as id1_1_,
            reviewsess0_.completed_count as complete2_1_,
            reviewsess0_.correct_count as correct_3_1_,
            reviewsess0_.created_at as created_4_1_,
            reviewsess0_.current_index as current_5_1_,
            reviewsess0_.end_time as end_time6_1_,
            reviewsess0_.estimated_duration_minutes as estimate7_1_,
            reviewsess0_.is_active as is_activ8_1_,
            reviewsess0_.notes as notes9_1_,
            reviewsess0_.pause_time as pause_t10_1_,
            reviewsess0_.question_list as questio11_1_,
            reviewsess0_.review_mode as review_12_1_,
            reviewsess0_.session_config as session13_1_,
            reviewsess0_.start_time as start_t14_1_,
            reviewsess0_.status as status15_1_,
            reviewsess0_.total_pause_duration as total_p16_1_,
            reviewsess0_.total_questions as total_q17_1_,
            reviewsess0_.updated_at as updated18_1_,
            reviewsess0_.user_id as user_id19_1_ 
        from
            review_sessions reviewsess0_ 
        where
            reviewsess0_.id=? 
            and reviewsess0_.user_id=? 
            and reviewsess0_.is_active=true
2025-08-25 14:18:51 [http-nio-8083-exec-10] TRACE o.h.type.descriptor.sql.BasicBinder - binding parameter [1] as [VARCHAR] - [RS_20250825_004]
2025-08-25 14:18:51 [http-nio-8083-exec-10] TRACE o.h.type.descriptor.sql.BasicBinder - binding parameter [2] as [VARCHAR] - [USER_001]
2025-08-25 14:18:51 [http-nio-8083-exec-10] INFO  c.m.r.service.ReviewSessionService - 会话完成，ID: RS_20250825_004, 最终正确率: {:.2f}%
2025-08-25 14:18:51 [http-nio-8083-exec-10] DEBUG org.hibernate.SQL - 
    /* update
        com.memorin.review.entity.ReviewSession */ update
            review_sessions 
        set
            completed_count=?,
            correct_count=?,
            created_at=?,
            current_index=?,
            end_time=?,
            estimated_duration_minutes=?,
            is_active=?,
            notes=?,
            pause_time=?,
            question_list=?,
            review_mode=?,
            session_config=?,
            start_time=?,
            status=?,
            total_pause_duration=?,
            total_questions=?,
            updated_at=?,
            user_id=? 
        where
            id=?
2025-08-25 14:18:51 [http-nio-8083-exec-10] TRACE o.h.type.descriptor.sql.BasicBinder - binding parameter [1] as [INTEGER] - [0]
2025-08-25 14:18:51 [http-nio-8083-exec-10] TRACE o.h.type.descriptor.sql.BasicBinder - binding parameter [2] as [INTEGER] - [0]
2025-08-25 14:18:51 [http-nio-8083-exec-10] TRACE o.h.type.descriptor.sql.BasicBinder - binding parameter [3] as [BIGINT] - [1756102696079]
2025-08-25 14:18:51 [http-nio-8083-exec-10] TRACE o.h.type.descriptor.sql.BasicBinder - binding parameter [4] as [INTEGER] - [0]
2025-08-25 14:18:51 [http-nio-8083-exec-10] TRACE o.h.type.descriptor.sql.BasicBinder - binding parameter [5] as [BIGINT] - [1756102731049]
2025-08-25 14:18:51 [http-nio-8083-exec-10] TRACE o.h.type.descriptor.sql.BasicBinder - binding parameter [6] as [INTEGER] - [6]
2025-08-25 14:18:51 [http-nio-8083-exec-10] TRACE o.h.type.descriptor.sql.BasicBinder - binding parameter [7] as [BOOLEAN] - [true]
2025-08-25 14:18:51 [http-nio-8083-exec-10] TRACE o.h.type.descriptor.sql.BasicBinder - binding parameter [8] as [VARCHAR] - [Integration test session]
2025-08-25 14:18:51 [http-nio-8083-exec-10] TRACE o.h.type.descriptor.sql.BasicBinder - binding parameter [9] as [BIGINT] - [null]
2025-08-25 14:18:51 [http-nio-8083-exec-10] TRACE o.h.type.descriptor.sql.BasicBinder - binding parameter [10] as [VARCHAR] - [[{"knowledgePointId":"KP_DEMO_001","questionType":"text"}]]
2025-08-25 14:18:51 [http-nio-8083-exec-10] TRACE o.h.type.descriptor.sql.BasicBinder - binding parameter [11] as [VARCHAR] - [SM2]
2025-08-25 14:18:51 [http-nio-8083-exec-10] TRACE o.h.type.descriptor.sql.BasicBinder - binding parameter [12] as [VARCHAR] - [{"reviewMode":"SM2","sortOrder":"smart","targetCount":3}]
2025-08-25 14:18:51 [http-nio-8083-exec-10] TRACE o.h.type.descriptor.sql.BasicBinder - binding parameter [13] as [BIGINT] - [1756102714451]
2025-08-25 14:18:51 [http-nio-8083-exec-10] TRACE o.h.type.descriptor.sql.BasicBinder - binding parameter [14] as [VARCHAR] - [COMPLETED]
2025-08-25 14:18:51 [http-nio-8083-exec-10] TRACE o.h.type.descriptor.sql.BasicBinder - binding parameter [15] as [BIGINT] - [0]
2025-08-25 14:18:51 [http-nio-8083-exec-10] TRACE o.h.type.descriptor.sql.BasicBinder - binding parameter [16] as [INTEGER] - [3]
2025-08-25 14:18:51 [http-nio-8083-exec-10] TRACE o.h.type.descriptor.sql.BasicBinder - binding parameter [17] as [BIGINT] - [1756102731049]
2025-08-25 14:18:51 [http-nio-8083-exec-10] TRACE o.h.type.descriptor.sql.BasicBinder - binding parameter [18] as [VARCHAR] - [USER_001]
2025-08-25 14:18:51 [http-nio-8083-exec-10] TRACE o.h.type.descriptor.sql.BasicBinder - binding parameter [19] as [VARCHAR] - [RS_20250825_004]
2025-08-25 14:18:53 [http-nio-8083-exec-1] DEBUG c.m.r.controller.MistakeController - 获取用户错题统计: userId=USER_001
2025-08-25 14:18:53 [http-nio-8083-exec-1] DEBUG c.m.r.s.MistakeManagementService - 获取错题统计: userId=USER_001
2025-08-25 14:18:53 [http-nio-8083-exec-1] DEBUG org.hibernate.SQL - 
    /* SELECT
        COUNT(m) 
    FROM
        MistakeRecord m 
    WHERE
        m.userId = :userId */ select
            count(mistakerec0_.id) as col_0_0_ 
        from
            mistake_records mistakerec0_ 
        where
            mistakerec0_.user_id=?
2025-08-25 14:18:53 [http-nio-8083-exec-1] TRACE o.h.type.descriptor.sql.BasicBinder - binding parameter [1] as [VARCHAR] - [USER_001]
2025-08-25 14:18:53 [http-nio-8083-exec-1] DEBUG org.hibernate.SQL - 
    /* SELECT
        COUNT(m) 
    FROM
        MistakeRecord m 
    WHERE
        m.userId = :userId 
        AND m.isResolved = false */ select
            count(mistakerec0_.id) as col_0_0_ 
        from
            mistake_records mistakerec0_ 
        where
            mistakerec0_.user_id=? 
            and mistakerec0_.is_resolved=false
2025-08-25 14:18:53 [http-nio-8083-exec-1] TRACE o.h.type.descriptor.sql.BasicBinder - binding parameter [1] as [VARCHAR] - [USER_001]
2025-08-25 14:18:53 [http-nio-8083-exec-1] DEBUG org.hibernate.SQL - 
    /* SELECT
        COUNT(m) 
    FROM
        MistakeRecord m 
    WHERE
        m.userId = :userId 
        AND m.isResolved = true */ select
            count(mistakerec0_.id) as col_0_0_ 
        from
            mistake_records mistakerec0_ 
        where
            mistakerec0_.user_id=? 
            and mistakerec0_.is_resolved=true
2025-08-25 14:18:53 [http-nio-8083-exec-1] TRACE o.h.type.descriptor.sql.BasicBinder - binding parameter [1] as [VARCHAR] - [USER_001]
2025-08-25 14:18:53 [http-nio-8083-exec-1] DEBUG org.hibernate.SQL - 
    /* SELECT
        AVG(m.mistakeCount) 
    FROM
        MistakeRecord m 
    WHERE
        m.userId = :userId */ select
            avg(cast(mistakerec0_.mistake_count as double)) as col_0_0_ 
        from
            mistake_records mistakerec0_ 
        where
            mistakerec0_.user_id=?
2025-08-25 14:18:53 [http-nio-8083-exec-1] TRACE o.h.type.descriptor.sql.BasicBinder - binding parameter [1] as [VARCHAR] - [USER_001]
2025-08-25 14:18:53 [http-nio-8083-exec-1] DEBUG org.hibernate.SQL - 
    /* SELECT
        AVG(m.correctCount * 1.0 / m.totalReviewCount) 
    FROM
        MistakeRecord m 
    WHERE
        m.userId = :userId 
        AND m.totalReviewCount > 0 */ select
            avg(mistakerec0_.correct_count*1.0/mistakerec0_.total_review_count) as col_0_0_ 
        from
            mistake_records mistakerec0_ 
        where
            mistakerec0_.user_id=? 
            and mistakerec0_.total_review_count>0
2025-08-25 14:18:53 [http-nio-8083-exec-1] TRACE o.h.type.descriptor.sql.BasicBinder - binding parameter [1] as [VARCHAR] - [USER_001]
2025-08-25 14:18:53 [http-nio-8083-exec-1] DEBUG org.hibernate.SQL - 
    /* SELECT
        COUNT(m) 
    FROM
        MistakeRecord m 
    WHERE
        m.userId = :userId 
        AND m.lastMistakeTime >= :sinceTime */ select
            count(mistakerec0_.id) as col_0_0_ 
        from
            mistake_records mistakerec0_ 
        where
            mistakerec0_.user_id=? 
            and mistakerec0_.last_mistake_time>=?
2025-08-25 14:18:53 [http-nio-8083-exec-1] TRACE o.h.type.descriptor.sql.BasicBinder - binding parameter [1] as [VARCHAR] - [USER_001]
2025-08-25 14:18:53 [http-nio-8083-exec-1] TRACE o.h.type.descriptor.sql.BasicBinder - binding parameter [2] as [TIMESTAMP] - [2025-08-18T14:18:53.438]
2025-08-25 14:18:53 [http-nio-8083-exec-1] DEBUG org.hibernate.SQL - 
    /* SELECT
        COUNT(m) 
    FROM
        MistakeRecord m 
    WHERE
        m.userId = :userId 
        AND m.lastMistakeTime >= :sinceTime */ select
            count(mistakerec0_.id) as col_0_0_ 
        from
            mistake_records mistakerec0_ 
        where
            mistakerec0_.user_id=? 
            and mistakerec0_.last_mistake_time>=?
2025-08-25 14:18:53 [http-nio-8083-exec-1] TRACE o.h.type.descriptor.sql.BasicBinder - binding parameter [1] as [VARCHAR] - [USER_001]
2025-08-25 14:18:53 [http-nio-8083-exec-1] TRACE o.h.type.descriptor.sql.BasicBinder - binding parameter [2] as [TIMESTAMP] - [2025-07-26T14:18:53.439]
2025-08-25 14:18:53 [http-nio-8083-exec-1] DEBUG org.hibernate.SQL - 
    /* SELECT
        COUNT(m) 
    FROM
        MistakeRecord m 
    WHERE
        m.userId = :userId 
        AND m.resolvedTime >= :sinceTime 
        AND m.isResolved = true */ select
            count(mistakerec0_.id) as col_0_0_ 
        from
            mistake_records mistakerec0_ 
        where
            mistakerec0_.user_id=? 
            and mistakerec0_.resolved_time>=? 
            and mistakerec0_.is_resolved=true
2025-08-25 14:18:53 [http-nio-8083-exec-1] TRACE o.h.type.descriptor.sql.BasicBinder - binding parameter [1] as [VARCHAR] - [USER_001]
2025-08-25 14:18:53 [http-nio-8083-exec-1] TRACE o.h.type.descriptor.sql.BasicBinder - binding parameter [2] as [TIMESTAMP] - [2025-08-18T14:18:53.439]
2025-08-25 14:18:53 [http-nio-8083-exec-1] DEBUG org.hibernate.SQL - 
    /* SELECT
        m.questionType,
        COUNT(m) 
    FROM
        MistakeRecord m 
    WHERE
        m.userId = :userId 
    GROUP BY
        m.questionType */ select
            mistakerec0_.question_type as col_0_0_,
            count(mistakerec0_.id) as col_1_0_ 
        from
            mistake_records mistakerec0_ 
        where
            mistakerec0_.user_id=? 
        group by
            mistakerec0_.question_type
2025-08-25 14:18:53 [http-nio-8083-exec-1] TRACE o.h.type.descriptor.sql.BasicBinder - binding parameter [1] as [VARCHAR] - [USER_001]
2025-08-25 14:18:53 [http-nio-8083-exec-1] DEBUG org.hibernate.SQL - 
    /* SELECT
        m.difficultyLevel,
        COUNT(m) 
    FROM
        MistakeRecord m 
    WHERE
        m.userId = :userId 
    GROUP BY
        m.difficultyLevel */ select
            mistakerec0_.difficulty_level as col_0_0_,
            count(mistakerec0_.id) as col_1_0_ 
        from
            mistake_records mistakerec0_ 
        where
            mistakerec0_.user_id=? 
        group by
            mistakerec0_.difficulty_level
2025-08-25 14:18:53 [http-nio-8083-exec-1] TRACE o.h.type.descriptor.sql.BasicBinder - binding parameter [1] as [VARCHAR] - [USER_001]
2025-08-25 14:18:53 [http-nio-8083-exec-1] DEBUG c.m.r.s.MistakeManagementService - 错题统计完成: userId=USER_001, 总错题数=2, 解决率=0.0
2025-08-25 14:30:16 [main] INFO  c.a.n.c.env.SearchableProperties - properties search order:PROPERTIES->JVM->ENV->DEFAULT_SETTING
2025-08-25 14:30:16 [main] INFO  c.m.review.ReviewServiceApplication - Starting ReviewServiceApplication using Java 1.8.0_451 on WIN-C3D985L1HJN with PID 96672 (D:\CODE\Memorin-rebuild\backend\memorin-review-service\target\classes started by Mechrevo in D:\CODE\Memorin-rebuild\backend\memorin-review-service)
2025-08-25 14:30:16 [main] INFO  c.m.review.ReviewServiceApplication - No active profile set, falling back to 1 default profile: "default"
2025-08-25 14:30:16 [main] INFO  o.s.d.r.c.RepositoryConfigurationDelegate - Bootstrapping Spring Data JPA repositories in DEFAULT mode.
2025-08-25 14:30:16 [main] INFO  o.s.d.r.c.RepositoryConfigurationDelegate - Finished Spring Data repository scanning in 38 ms. Found 3 JPA repository interfaces.
2025-08-25 14:30:17 [main] INFO  o.s.cloud.context.scope.GenericScope - BeanFactory id=fedc45c7-2a03-34c6-b811-9a625e11a283
2025-08-25 14:30:17 [main] INFO  o.s.b.w.e.tomcat.TomcatWebServer - Tomcat initialized with port(s): 8083 (http)
2025-08-25 14:30:17 [main] INFO  o.a.catalina.core.StandardService - Starting service [Tomcat]
2025-08-25 14:30:17 [main] INFO  o.a.catalina.core.StandardEngine - Starting Servlet engine: [Apache Tomcat/9.0.83]
2025-08-25 14:30:17 [main] INFO  o.a.c.c.C.[Tomcat].[localhost].[/] - Initializing Spring embedded WebApplicationContext
2025-08-25 14:30:17 [main] INFO  o.s.b.w.s.c.ServletWebServerApplicationContext - Root WebApplicationContext: initialization completed in 1150 ms
2025-08-25 14:30:17 [main] INFO  o.h.jpa.internal.util.LogHelper - HHH000204: Processing PersistenceUnitInfo [name: default]
2025-08-25 14:30:17 [main] INFO  org.hibernate.Version - HHH000412: Hibernate ORM core version 5.6.15.Final
2025-08-25 14:30:17 [main] INFO  o.h.annotations.common.Version - HCANN000001: Hibernate Commons Annotations {5.1.2.Final}
2025-08-25 14:30:17 [main] INFO  com.zaxxer.hikari.HikariDataSource - HikariPool-1 - Starting...
2025-08-25 14:30:17 [main] INFO  com.zaxxer.hikari.HikariDataSource - HikariPool-1 - Start completed.
2025-08-25 14:30:17 [main] INFO  org.hibernate.dialect.Dialect - HHH000400: Using dialect: org.hibernate.dialect.H2Dialect
2025-08-25 14:30:18 [main] INFO  o.h.e.t.j.p.i.JtaPlatformInitiator - HHH000490: Using JtaPlatform implementation: [org.hibernate.engine.transaction.jta.platform.internal.NoJtaPlatform]
2025-08-25 14:30:18 [main] INFO  o.s.o.j.LocalContainerEntityManagerFactoryBean - Initialized JPA EntityManagerFactory for persistence unit 'default'
2025-08-25 14:30:18 [main] INFO  c.m.r.c.StrategyAutoConfiguration - [策略注册] 开始自动注册所有策略实现类...
2025-08-25 14:30:18 [main] INFO  c.m.r.c.StrategyAutoConfiguration - [策略注册] 发现 5 个数据源策略
2025-08-25 14:30:18 [main] INFO  c.m.r.s.QuestionGeneratorService - [策略注册] 数据源策略: all-knowledge - 获取所有知识点
2025-08-25 14:30:18 [main] INFO  c.m.r.s.QuestionGeneratorService - [策略注册] 数据源策略: all-mistakes - 获取用户所有未解决的错题记录，用于错题专项复习
2025-08-25 14:30:18 [main] INFO  c.m.r.s.QuestionGeneratorService - [策略注册] 数据源策略: high-priority-mistakes - 获取需要重点复习的高优先级错题，基于错误次数和准确率筛选
2025-08-25 14:30:18 [main] INFO  c.m.r.s.QuestionGeneratorService - [策略注册] 数据源策略: mistakes-by-type - 根据题目类型获取错题记录，支持特定类型的错题专项复习
2025-08-25 14:30:18 [main] INFO  c.m.r.s.QuestionGeneratorService - [策略注册] 数据源策略: mock-data - 模拟数据源（用于测试）
2025-08-25 14:30:18 [main] INFO  c.m.r.c.StrategyAutoConfiguration - [策略注册] 发现 0 个过滤器策略
2025-08-25 14:30:18 [main] INFO  c.m.r.c.StrategyAutoConfiguration - [策略注册] 发现 1 个排序器策略
2025-08-25 14:30:18 [main] INFO  c.m.r.s.QuestionGeneratorService - [策略注册] 排序器策略: random - 随机排序
2025-08-25 14:30:18 [main] INFO  c.m.r.c.StrategyAutoConfiguration - [策略注册] 发现 1 个限制器策略
2025-08-25 14:30:18 [main] INFO  c.m.r.s.QuestionGeneratorService - [策略注册] 限制器策略: fixed-count - 固定数量限制
2025-08-25 14:30:18 [main] INFO  c.m.r.c.StrategyAutoConfiguration - [策略注册] 所有策略注册完成
2025-08-25 14:30:18 [main] WARN  o.s.b.a.o.j.JpaBaseConfiguration$JpaWebConfiguration - spring.jpa.open-in-view is enabled by default. Therefore, database queries may be performed during view rendering. Explicitly configure spring.jpa.open-in-view to disable this warning
2025-08-25 14:30:19 [main] INFO  o.s.b.a.e.web.EndpointLinksResolver - Exposing 3 endpoint(s) beneath base path '/actuator'
2025-08-25 14:30:19 [main] WARN  o.s.b.w.s.c.AnnotationConfigServletWebServerApplicationContext - Exception encountered during context initialization - cancelling refresh attempt: org.springframework.context.ApplicationContextException: Failed to start bean 'webServerStartStop'; nested exception is org.springframework.boot.web.server.PortInUseException: Port 8083 is already in use
2025-08-25 14:30:19 [main] INFO  o.s.o.j.LocalContainerEntityManagerFactoryBean - Closing JPA EntityManagerFactory for persistence unit 'default'
2025-08-25 14:30:19 [main] INFO  com.zaxxer.hikari.HikariDataSource - HikariPool-1 - Shutdown initiated...
2025-08-25 14:30:19 [main] INFO  com.zaxxer.hikari.HikariDataSource - HikariPool-1 - Shutdown completed.
2025-08-25 14:30:19 [main] INFO  o.a.catalina.core.StandardService - Stopping service [Tomcat]
2025-08-25 14:30:19 [main] INFO  o.s.b.a.l.ConditionEvaluationReportLoggingListener - 

Error starting ApplicationContext. To display the conditions report re-run your application with 'debug' enabled.
2025-08-25 14:30:19 [main] ERROR o.s.b.d.LoggingFailureAnalysisReporter - 

***************************
APPLICATION FAILED TO START
***************************

Description:

Web server failed to start. Port 8083 was already in use.

Action:

Identify and stop the process that's listening on port 8083 or configure this application to listen on another port.

2025-08-25 14:34:17 [main] INFO  c.a.n.c.env.SearchableProperties - properties search order:PROPERTIES->JVM->ENV->DEFAULT_SETTING
2025-08-25 14:34:18 [main] INFO  c.m.review.ReviewServiceApplication - Starting ReviewServiceApplication using Java 1.8.0_451 on WIN-C3D985L1HJN with PID 46216 (D:\CODE\Memorin-rebuild\backend\memorin-review-service\target\classes started by Mechrevo in D:\CODE\Memorin-rebuild\backend\memorin-review-service)
2025-08-25 14:34:18 [main] INFO  c.m.review.ReviewServiceApplication - No active profile set, falling back to 1 default profile: "default"
2025-08-25 14:34:18 [main] INFO  o.s.d.r.c.RepositoryConfigurationDelegate - Bootstrapping Spring Data JPA repositories in DEFAULT mode.
2025-08-25 14:34:18 [main] INFO  o.s.d.r.c.RepositoryConfigurationDelegate - Finished Spring Data repository scanning in 30 ms. Found 3 JPA repository interfaces.
2025-08-25 14:34:18 [main] INFO  o.s.cloud.context.scope.GenericScope - BeanFactory id=fedc45c7-2a03-34c6-b811-9a625e11a283
2025-08-25 14:34:19 [main] INFO  o.s.b.w.e.tomcat.TomcatWebServer - Tomcat initialized with port(s): 8083 (http)
2025-08-25 14:34:19 [main] INFO  o.a.catalina.core.StandardService - Starting service [Tomcat]
2025-08-25 14:34:19 [main] INFO  o.a.catalina.core.StandardEngine - Starting Servlet engine: [Apache Tomcat/9.0.83]
2025-08-25 14:34:19 [main] INFO  o.a.c.c.C.[Tomcat].[localhost].[/] - Initializing Spring embedded WebApplicationContext
2025-08-25 14:34:19 [main] INFO  o.s.b.w.s.c.ServletWebServerApplicationContext - Root WebApplicationContext: initialization completed in 1155 ms
2025-08-25 14:34:19 [main] INFO  o.h.jpa.internal.util.LogHelper - HHH000204: Processing PersistenceUnitInfo [name: default]
2025-08-25 14:34:19 [main] INFO  org.hibernate.Version - HHH000412: Hibernate ORM core version 5.6.15.Final
2025-08-25 14:34:19 [main] INFO  o.h.annotations.common.Version - HCANN000001: Hibernate Commons Annotations {5.1.2.Final}
2025-08-25 14:34:19 [main] INFO  com.zaxxer.hikari.HikariDataSource - HikariPool-1 - Starting...
2025-08-25 14:34:19 [main] INFO  com.zaxxer.hikari.HikariDataSource - HikariPool-1 - Start completed.
2025-08-25 14:34:19 [main] INFO  org.hibernate.dialect.Dialect - HHH000400: Using dialect: org.hibernate.dialect.H2Dialect
2025-08-25 14:34:19 [main] INFO  o.h.e.t.j.p.i.JtaPlatformInitiator - HHH000490: Using JtaPlatform implementation: [org.hibernate.engine.transaction.jta.platform.internal.NoJtaPlatform]
2025-08-25 14:34:19 [main] INFO  o.s.o.j.LocalContainerEntityManagerFactoryBean - Initialized JPA EntityManagerFactory for persistence unit 'default'
2025-08-25 14:34:20 [main] INFO  c.m.r.c.StrategyAutoConfiguration - [策略注册] 开始自动注册所有策略实现类...
2025-08-25 14:34:20 [main] INFO  c.m.r.c.StrategyAutoConfiguration - [策略注册] 发现 5 个数据源策略
2025-08-25 14:34:20 [main] INFO  c.m.r.s.QuestionGeneratorService - [策略注册] 数据源策略: all-knowledge - 获取所有知识点
2025-08-25 14:34:20 [main] INFO  c.m.r.s.QuestionGeneratorService - [策略注册] 数据源策略: all-mistakes - 获取用户所有未解决的错题记录，用于错题专项复习
2025-08-25 14:34:20 [main] INFO  c.m.r.s.QuestionGeneratorService - [策略注册] 数据源策略: high-priority-mistakes - 获取需要重点复习的高优先级错题，基于错误次数和准确率筛选
2025-08-25 14:34:20 [main] INFO  c.m.r.s.QuestionGeneratorService - [策略注册] 数据源策略: mistakes-by-type - 根据题目类型获取错题记录，支持特定类型的错题专项复习
2025-08-25 14:34:20 [main] INFO  c.m.r.s.QuestionGeneratorService - [策略注册] 数据源策略: mock-data - 模拟数据源（用于测试）
2025-08-25 14:34:20 [main] INFO  c.m.r.c.StrategyAutoConfiguration - [策略注册] 发现 0 个过滤器策略
2025-08-25 14:34:20 [main] INFO  c.m.r.c.StrategyAutoConfiguration - [策略注册] 发现 1 个排序器策略
2025-08-25 14:34:20 [main] INFO  c.m.r.s.QuestionGeneratorService - [策略注册] 排序器策略: random - 随机排序
2025-08-25 14:34:20 [main] INFO  c.m.r.c.StrategyAutoConfiguration - [策略注册] 发现 1 个限制器策略
2025-08-25 14:34:20 [main] INFO  c.m.r.s.QuestionGeneratorService - [策略注册] 限制器策略: fixed-count - 固定数量限制
2025-08-25 14:34:20 [main] INFO  c.m.r.c.StrategyAutoConfiguration - [策略注册] 所有策略注册完成
2025-08-25 14:34:20 [main] WARN  o.s.b.a.o.j.JpaBaseConfiguration$JpaWebConfiguration - spring.jpa.open-in-view is enabled by default. Therefore, database queries may be performed during view rendering. Explicitly configure spring.jpa.open-in-view to disable this warning
2025-08-25 14:34:21 [main] INFO  o.s.b.a.e.web.EndpointLinksResolver - Exposing 3 endpoint(s) beneath base path '/actuator'
2025-08-25 14:34:21 [main] INFO  o.s.b.w.e.tomcat.TomcatWebServer - Tomcat started on port(s): 8083 (http) with context path ''
2025-08-25 14:34:21 [main] INFO  c.a.n.p.a.s.c.ClientAuthPluginManager - [ClientAuthPluginManager] Load ClientAuthService com.alibaba.nacos.client.auth.impl.NacosClientAuthServiceImpl success.
2025-08-25 14:34:21 [main] INFO  c.a.n.p.a.s.c.ClientAuthPluginManager - [ClientAuthPluginManager] Load ClientAuthService com.alibaba.nacos.client.auth.ram.RamClientAuthServiceImpl success.
2025-08-25 14:34:31 [main] ERROR c.a.c.n.r.NacosServiceRegistry - nacos registry, memorin-review-service register failed...NacosRegistration{nacosDiscoveryProperties=NacosDiscoveryProperties{serverAddr='localhost:8848', username='', password='', endpoint='', namespace='memorin-dev', watchDelay=30000, logName='', service='memorin-review-service', weight=1.0, clusterName='DEFAULT', group='DEFAULT_GROUP', namingLoadCacheAtStart='false', metadata={description=Memorin复习管理服务 - SM-2算法、复习会话、错题管理, region=default, preserved.register.source=SPRING_CLOUD, version=1.0.0, IPv6=[2001:da8:203:a502:72c7:6ba7:32b:d24d], service-type=review-management}, registerEnabled=true, ip='10.128.54.55', networkInterface='', port=8083, secure=false, accessKey='', secretKey='', heartBeatInterval=null, heartBeatTimeout=null, ipDeleteTimeout=null, instanceEnabled=true, ephemeral=true, failureToleranceEnabled=false}, ipDeleteTimeout=null, failFast=true}},
com.alibaba.nacos.api.exception.NacosException: Client not connected, current status:STARTING
	at com.alibaba.nacos.common.remote.client.RpcClient.request(RpcClient.java:639)
	at com.alibaba.nacos.common.remote.client.RpcClient.request(RpcClient.java:619)
	at com.alibaba.nacos.client.naming.remote.gprc.NamingGrpcClientProxy.requestToServer(NamingGrpcClientProxy.java:356)
	at com.alibaba.nacos.client.naming.remote.gprc.NamingGrpcClientProxy.doRegisterService(NamingGrpcClientProxy.java:209)
	at com.alibaba.nacos.client.naming.remote.gprc.NamingGrpcClientProxy.registerService(NamingGrpcClientProxy.java:123)
	at com.alibaba.nacos.client.naming.remote.NamingClientProxyDelegate.registerService(NamingClientProxyDelegate.java:98)
	at com.alibaba.nacos.client.naming.NacosNamingService.registerInstance(NacosNamingService.java:152)
	at com.alibaba.cloud.nacos.registry.NacosServiceRegistry.register(NacosServiceRegistry.java:75)
	at org.springframework.cloud.client.serviceregistry.AbstractAutoServiceRegistration.register(AbstractAutoServiceRegistration.java:232)
	at com.alibaba.cloud.nacos.registry.NacosAutoServiceRegistration.register(NacosAutoServiceRegistration.java:78)
	at org.springframework.cloud.client.serviceregistry.AbstractAutoServiceRegistration.start(AbstractAutoServiceRegistration.java:133)
	at org.springframework.cloud.client.serviceregistry.AbstractAutoServiceRegistration.bind(AbstractAutoServiceRegistration.java:98)
	at org.springframework.cloud.client.serviceregistry.AbstractAutoServiceRegistration.onApplicationEvent(AbstractAutoServiceRegistration.java:86)
	at org.springframework.cloud.client.serviceregistry.AbstractAutoServiceRegistration.onApplicationEvent(AbstractAutoServiceRegistration.java:47)
	at org.springframework.context.event.SimpleApplicationEventMulticaster.doInvokeListener(SimpleApplicationEventMulticaster.java:178)
	at org.springframework.context.event.SimpleApplicationEventMulticaster.invokeListener(SimpleApplicationEventMulticaster.java:171)
	at org.springframework.context.event.SimpleApplicationEventMulticaster.multicastEvent(SimpleApplicationEventMulticaster.java:145)
	at org.springframework.context.support.AbstractApplicationContext.publishEvent(AbstractApplicationContext.java:429)
	at org.springframework.context.support.AbstractApplicationContext.publishEvent(AbstractApplicationContext.java:386)
	at org.springframework.boot.web.servlet.context.WebServerStartStopLifecycle.start(WebServerStartStopLifecycle.java:46)
	at org.springframework.context.support.DefaultLifecycleProcessor.doStart(DefaultLifecycleProcessor.java:179)
	at org.springframework.context.support.DefaultLifecycleProcessor.access$200(DefaultLifecycleProcessor.java:54)
	at org.springframework.context.support.DefaultLifecycleProcessor$LifecycleGroup.start(DefaultLifecycleProcessor.java:357)
	at java.lang.Iterable.forEach(Iterable.java:75)
	at org.springframework.context.support.DefaultLifecycleProcessor.startBeans(DefaultLifecycleProcessor.java:156)
	at org.springframework.context.support.DefaultLifecycleProcessor.onRefresh(DefaultLifecycleProcessor.java:124)
	at org.springframework.context.support.AbstractApplicationContext.finishRefresh(AbstractApplicationContext.java:946)
	at org.springframework.context.support.AbstractApplicationContext.refresh(AbstractApplicationContext.java:594)
	at org.springframework.boot.web.servlet.context.ServletWebServerApplicationContext.refresh(ServletWebServerApplicationContext.java:147)
	at org.springframework.boot.SpringApplication.refresh(SpringApplication.java:732)
	at org.springframework.boot.SpringApplication.refreshContext(SpringApplication.java:409)
	at org.springframework.boot.SpringApplication.run(SpringApplication.java:308)
	at org.springframework.boot.SpringApplication.run(SpringApplication.java:1300)
	at org.springframework.boot.SpringApplication.run(SpringApplication.java:1289)
	at com.memorin.review.ReviewServiceApplication.main(ReviewServiceApplication.java:22)
2025-08-25 14:34:31 [main] WARN  o.s.b.w.s.c.AnnotationConfigServletWebServerApplicationContext - Exception encountered during context initialization - cancelling refresh attempt: org.springframework.context.ApplicationContextException: Failed to start bean 'webServerStartStop'; nested exception is java.lang.reflect.UndeclaredThrowableException
2025-08-25 14:34:31 [main] INFO  o.s.o.j.LocalContainerEntityManagerFactoryBean - Closing JPA EntityManagerFactory for persistence unit 'default'
2025-08-25 14:34:31 [main] INFO  com.zaxxer.hikari.HikariDataSource - HikariPool-1 - Shutdown initiated...
2025-08-25 14:34:31 [main] INFO  com.zaxxer.hikari.HikariDataSource - HikariPool-1 - Shutdown completed.
2025-08-25 14:34:31 [main] INFO  o.a.catalina.core.StandardService - Stopping service [Tomcat]
2025-08-25 14:34:31 [main] INFO  o.s.b.a.l.ConditionEvaluationReportLoggingListener - 

Error starting ApplicationContext. To display the conditions report re-run your application with 'debug' enabled.
2025-08-25 14:34:31 [main] ERROR o.s.boot.SpringApplication - Application run failed
org.springframework.context.ApplicationContextException: Failed to start bean 'webServerStartStop'; nested exception is java.lang.reflect.UndeclaredThrowableException
	at org.springframework.context.support.DefaultLifecycleProcessor.doStart(DefaultLifecycleProcessor.java:182)
	at org.springframework.context.support.DefaultLifecycleProcessor.access$200(DefaultLifecycleProcessor.java:54)
	at org.springframework.context.support.DefaultLifecycleProcessor$LifecycleGroup.start(DefaultLifecycleProcessor.java:357)
	at java.lang.Iterable.forEach(Iterable.java:75)
	at org.springframework.context.support.DefaultLifecycleProcessor.startBeans(DefaultLifecycleProcessor.java:156)
	at org.springframework.context.support.DefaultLifecycleProcessor.onRefresh(DefaultLifecycleProcessor.java:124)
	at org.springframework.context.support.AbstractApplicationContext.finishRefresh(AbstractApplicationContext.java:946)
	at org.springframework.context.support.AbstractApplicationContext.refresh(AbstractApplicationContext.java:594)
	at org.springframework.boot.web.servlet.context.ServletWebServerApplicationContext.refresh(ServletWebServerApplicationContext.java:147)
	at org.springframework.boot.SpringApplication.refresh(SpringApplication.java:732)
	at org.springframework.boot.SpringApplication.refreshContext(SpringApplication.java:409)
	at org.springframework.boot.SpringApplication.run(SpringApplication.java:308)
	at org.springframework.boot.SpringApplication.run(SpringApplication.java:1300)
	at org.springframework.boot.SpringApplication.run(SpringApplication.java:1289)
	at com.memorin.review.ReviewServiceApplication.main(ReviewServiceApplication.java:22)
Caused by: java.lang.reflect.UndeclaredThrowableException: null
	at org.springframework.util.ReflectionUtils.rethrowRuntimeException(ReflectionUtils.java:147)
	at com.alibaba.cloud.nacos.registry.NacosServiceRegistry.register(NacosServiceRegistry.java:83)
	at org.springframework.cloud.client.serviceregistry.AbstractAutoServiceRegistration.register(AbstractAutoServiceRegistration.java:232)
	at com.alibaba.cloud.nacos.registry.NacosAutoServiceRegistration.register(NacosAutoServiceRegistration.java:78)
	at org.springframework.cloud.client.serviceregistry.AbstractAutoServiceRegistration.start(AbstractAutoServiceRegistration.java:133)
	at org.springframework.cloud.client.serviceregistry.AbstractAutoServiceRegistration.bind(AbstractAutoServiceRegistration.java:98)
	at org.springframework.cloud.client.serviceregistry.AbstractAutoServiceRegistration.onApplicationEvent(AbstractAutoServiceRegistration.java:86)
	at org.springframework.cloud.client.serviceregistry.AbstractAutoServiceRegistration.onApplicationEvent(AbstractAutoServiceRegistration.java:47)
	at org.springframework.context.event.SimpleApplicationEventMulticaster.doInvokeListener(SimpleApplicationEventMulticaster.java:178)
	at org.springframework.context.event.SimpleApplicationEventMulticaster.invokeListener(SimpleApplicationEventMulticaster.java:171)
	at org.springframework.context.event.SimpleApplicationEventMulticaster.multicastEvent(SimpleApplicationEventMulticaster.java:145)
	at org.springframework.context.support.AbstractApplicationContext.publishEvent(AbstractApplicationContext.java:429)
	at org.springframework.context.support.AbstractApplicationContext.publishEvent(AbstractApplicationContext.java:386)
	at org.springframework.boot.web.servlet.context.WebServerStartStopLifecycle.start(WebServerStartStopLifecycle.java:46)
	at org.springframework.context.support.DefaultLifecycleProcessor.doStart(DefaultLifecycleProcessor.java:179)
	... 14 common frames omitted
Caused by: com.alibaba.nacos.api.exception.NacosException: Client not connected, current status:STARTING
	at com.alibaba.nacos.common.remote.client.RpcClient.request(RpcClient.java:639)
	at com.alibaba.nacos.common.remote.client.RpcClient.request(RpcClient.java:619)
	at com.alibaba.nacos.client.naming.remote.gprc.NamingGrpcClientProxy.requestToServer(NamingGrpcClientProxy.java:356)
	at com.alibaba.nacos.client.naming.remote.gprc.NamingGrpcClientProxy.doRegisterService(NamingGrpcClientProxy.java:209)
	at com.alibaba.nacos.client.naming.remote.gprc.NamingGrpcClientProxy.registerService(NamingGrpcClientProxy.java:123)
	at com.alibaba.nacos.client.naming.remote.NamingClientProxyDelegate.registerService(NamingClientProxyDelegate.java:98)
	at com.alibaba.nacos.client.naming.NacosNamingService.registerInstance(NacosNamingService.java:152)
	at com.alibaba.cloud.nacos.registry.NacosServiceRegistry.register(NacosServiceRegistry.java:75)
	... 27 common frames omitted
2025-08-25 14:34:31 [Thread-5] WARN  c.a.nacos.common.notify.NotifyCenter - [NotifyCenter] Start destroying Publisher
2025-08-25 14:34:31 [Thread-8] WARN  c.a.n.c.http.HttpClientBeanHolder - [HttpClientBeanHolder] Start destroying common HttpClient
2025-08-25 14:34:31 [Thread-5] WARN  c.a.nacos.common.notify.NotifyCenter - [NotifyCenter] Destruction of the end
2025-08-25 14:35:34 [main] INFO  c.a.n.c.env.SearchableProperties - properties search order:PROPERTIES->JVM->ENV->DEFAULT_SETTING
2025-08-25 14:35:34 [main] INFO  c.m.review.ReviewServiceApplication - Starting ReviewServiceApplication using Java 1.8.0_451 on WIN-C3D985L1HJN with PID 88224 (D:\CODE\Memorin-rebuild\backend\memorin-review-service\target\classes started by Mechrevo in D:\CODE\Memorin-rebuild\backend\memorin-review-service)
2025-08-25 14:35:34 [main] INFO  c.m.review.ReviewServiceApplication - No active profile set, falling back to 1 default profile: "default"
2025-08-25 14:35:35 [main] INFO  o.s.d.r.c.RepositoryConfigurationDelegate - Bootstrapping Spring Data JPA repositories in DEFAULT mode.
2025-08-25 14:35:35 [main] INFO  o.s.d.r.c.RepositoryConfigurationDelegate - Finished Spring Data repository scanning in 30 ms. Found 3 JPA repository interfaces.
2025-08-25 14:35:35 [main] INFO  o.s.cloud.context.scope.GenericScope - BeanFactory id=fedc45c7-2a03-34c6-b811-9a625e11a283
2025-08-25 14:35:36 [main] INFO  o.s.b.w.e.tomcat.TomcatWebServer - Tomcat initialized with port(s): 8083 (http)
2025-08-25 14:35:36 [main] INFO  o.a.catalina.core.StandardService - Starting service [Tomcat]
2025-08-25 14:35:36 [main] INFO  o.a.catalina.core.StandardEngine - Starting Servlet engine: [Apache Tomcat/9.0.83]
2025-08-25 14:35:36 [main] INFO  o.a.c.c.C.[Tomcat].[localhost].[/] - Initializing Spring embedded WebApplicationContext
2025-08-25 14:35:36 [main] INFO  o.s.b.w.s.c.ServletWebServerApplicationContext - Root WebApplicationContext: initialization completed in 1236 ms
2025-08-25 14:35:36 [main] INFO  o.h.jpa.internal.util.LogHelper - HHH000204: Processing PersistenceUnitInfo [name: default]
2025-08-25 14:35:36 [main] INFO  org.hibernate.Version - HHH000412: Hibernate ORM core version 5.6.15.Final
2025-08-25 14:35:36 [main] INFO  o.h.annotations.common.Version - HCANN000001: Hibernate Commons Annotations {5.1.2.Final}
2025-08-25 14:35:36 [main] INFO  com.zaxxer.hikari.HikariDataSource - HikariPool-1 - Starting...
2025-08-25 14:35:36 [main] INFO  com.zaxxer.hikari.HikariDataSource - HikariPool-1 - Start completed.
2025-08-25 14:35:36 [main] INFO  org.hibernate.dialect.Dialect - HHH000400: Using dialect: org.hibernate.dialect.H2Dialect
2025-08-25 14:35:36 [main] INFO  o.h.e.t.j.p.i.JtaPlatformInitiator - HHH000490: Using JtaPlatform implementation: [org.hibernate.engine.transaction.jta.platform.internal.NoJtaPlatform]
2025-08-25 14:35:36 [main] INFO  o.s.o.j.LocalContainerEntityManagerFactoryBean - Initialized JPA EntityManagerFactory for persistence unit 'default'
2025-08-25 14:35:37 [main] INFO  c.m.r.c.StrategyAutoConfiguration - [策略注册] 开始自动注册所有策略实现类...
2025-08-25 14:35:37 [main] INFO  c.m.r.c.StrategyAutoConfiguration - [策略注册] 发现 5 个数据源策略
2025-08-25 14:35:37 [main] INFO  c.m.r.s.QuestionGeneratorService - [策略注册] 数据源策略: all-knowledge - 获取所有知识点
2025-08-25 14:35:37 [main] INFO  c.m.r.s.QuestionGeneratorService - [策略注册] 数据源策略: all-mistakes - 获取用户所有未解决的错题记录，用于错题专项复习
2025-08-25 14:35:37 [main] INFO  c.m.r.s.QuestionGeneratorService - [策略注册] 数据源策略: high-priority-mistakes - 获取需要重点复习的高优先级错题，基于错误次数和准确率筛选
2025-08-25 14:35:37 [main] INFO  c.m.r.s.QuestionGeneratorService - [策略注册] 数据源策略: mistakes-by-type - 根据题目类型获取错题记录，支持特定类型的错题专项复习
2025-08-25 14:35:37 [main] INFO  c.m.r.s.QuestionGeneratorService - [策略注册] 数据源策略: mock-data - 模拟数据源（用于测试）
2025-08-25 14:35:37 [main] INFO  c.m.r.c.StrategyAutoConfiguration - [策略注册] 发现 0 个过滤器策略
2025-08-25 14:35:37 [main] INFO  c.m.r.c.StrategyAutoConfiguration - [策略注册] 发现 1 个排序器策略
2025-08-25 14:35:37 [main] INFO  c.m.r.s.QuestionGeneratorService - [策略注册] 排序器策略: random - 随机排序
2025-08-25 14:35:37 [main] INFO  c.m.r.c.StrategyAutoConfiguration - [策略注册] 发现 1 个限制器策略
2025-08-25 14:35:37 [main] INFO  c.m.r.s.QuestionGeneratorService - [策略注册] 限制器策略: fixed-count - 固定数量限制
2025-08-25 14:35:37 [main] INFO  c.m.r.c.StrategyAutoConfiguration - [策略注册] 所有策略注册完成
2025-08-25 14:35:37 [main] WARN  o.s.b.a.o.j.JpaBaseConfiguration$JpaWebConfiguration - spring.jpa.open-in-view is enabled by default. Therefore, database queries may be performed during view rendering. Explicitly configure spring.jpa.open-in-view to disable this warning
2025-08-25 14:35:38 [main] INFO  o.s.b.a.e.web.EndpointLinksResolver - Exposing 3 endpoint(s) beneath base path '/actuator'
2025-08-25 14:35:38 [main] INFO  o.s.b.w.e.tomcat.TomcatWebServer - Tomcat started on port(s): 8083 (http) with context path ''
2025-08-25 14:35:38 [main] INFO  c.a.n.p.a.s.c.ClientAuthPluginManager - [ClientAuthPluginManager] Load ClientAuthService com.alibaba.nacos.client.auth.impl.NacosClientAuthServiceImpl success.
2025-08-25 14:35:38 [main] INFO  c.a.n.p.a.s.c.ClientAuthPluginManager - [ClientAuthPluginManager] Load ClientAuthService com.alibaba.nacos.client.auth.ram.RamClientAuthServiceImpl success.
2025-08-25 14:35:48 [main] ERROR c.a.c.n.r.NacosServiceRegistry - nacos registry, memorin-review-service register failed...NacosRegistration{nacosDiscoveryProperties=NacosDiscoveryProperties{serverAddr='localhost:8848', username='', password='', endpoint='', namespace='memorin-dev', watchDelay=30000, logName='', service='memorin-review-service', weight=1.0, clusterName='DEFAULT', group='DEFAULT_GROUP', namingLoadCacheAtStart='false', metadata={description=Memorin复习管理服务 - SM-2算法、复习会话、错题管理, region=default, preserved.register.source=SPRING_CLOUD, version=1.0.0, IPv6=[2001:da8:203:a502:72c7:6ba7:32b:d24d], service-type=review-management}, registerEnabled=true, ip='10.128.54.55', networkInterface='', port=8083, secure=false, accessKey='', secretKey='', heartBeatInterval=null, heartBeatTimeout=null, ipDeleteTimeout=null, instanceEnabled=true, ephemeral=true, failureToleranceEnabled=false}, ipDeleteTimeout=null, failFast=true}},
com.alibaba.nacos.api.exception.NacosException: Client not connected, current status:STARTING
	at com.alibaba.nacos.common.remote.client.RpcClient.request(RpcClient.java:639)
	at com.alibaba.nacos.common.remote.client.RpcClient.request(RpcClient.java:619)
	at com.alibaba.nacos.client.naming.remote.gprc.NamingGrpcClientProxy.requestToServer(NamingGrpcClientProxy.java:356)
	at com.alibaba.nacos.client.naming.remote.gprc.NamingGrpcClientProxy.doRegisterService(NamingGrpcClientProxy.java:209)
	at com.alibaba.nacos.client.naming.remote.gprc.NamingGrpcClientProxy.registerService(NamingGrpcClientProxy.java:123)
	at com.alibaba.nacos.client.naming.remote.NamingClientProxyDelegate.registerService(NamingClientProxyDelegate.java:98)
	at com.alibaba.nacos.client.naming.NacosNamingService.registerInstance(NacosNamingService.java:152)
	at com.alibaba.cloud.nacos.registry.NacosServiceRegistry.register(NacosServiceRegistry.java:75)
	at org.springframework.cloud.client.serviceregistry.AbstractAutoServiceRegistration.register(AbstractAutoServiceRegistration.java:232)
	at com.alibaba.cloud.nacos.registry.NacosAutoServiceRegistration.register(NacosAutoServiceRegistration.java:78)
	at org.springframework.cloud.client.serviceregistry.AbstractAutoServiceRegistration.start(AbstractAutoServiceRegistration.java:133)
	at org.springframework.cloud.client.serviceregistry.AbstractAutoServiceRegistration.bind(AbstractAutoServiceRegistration.java:98)
	at org.springframework.cloud.client.serviceregistry.AbstractAutoServiceRegistration.onApplicationEvent(AbstractAutoServiceRegistration.java:86)
	at org.springframework.cloud.client.serviceregistry.AbstractAutoServiceRegistration.onApplicationEvent(AbstractAutoServiceRegistration.java:47)
	at org.springframework.context.event.SimpleApplicationEventMulticaster.doInvokeListener(SimpleApplicationEventMulticaster.java:178)
	at org.springframework.context.event.SimpleApplicationEventMulticaster.invokeListener(SimpleApplicationEventMulticaster.java:171)
	at org.springframework.context.event.SimpleApplicationEventMulticaster.multicastEvent(SimpleApplicationEventMulticaster.java:145)
	at org.springframework.context.support.AbstractApplicationContext.publishEvent(AbstractApplicationContext.java:429)
	at org.springframework.context.support.AbstractApplicationContext.publishEvent(AbstractApplicationContext.java:386)
	at org.springframework.boot.web.servlet.context.WebServerStartStopLifecycle.start(WebServerStartStopLifecycle.java:46)
	at org.springframework.context.support.DefaultLifecycleProcessor.doStart(DefaultLifecycleProcessor.java:179)
	at org.springframework.context.support.DefaultLifecycleProcessor.access$200(DefaultLifecycleProcessor.java:54)
	at org.springframework.context.support.DefaultLifecycleProcessor$LifecycleGroup.start(DefaultLifecycleProcessor.java:357)
	at java.lang.Iterable.forEach(Iterable.java:75)
	at org.springframework.context.support.DefaultLifecycleProcessor.startBeans(DefaultLifecycleProcessor.java:156)
	at org.springframework.context.support.DefaultLifecycleProcessor.onRefresh(DefaultLifecycleProcessor.java:124)
	at org.springframework.context.support.AbstractApplicationContext.finishRefresh(AbstractApplicationContext.java:946)
	at org.springframework.context.support.AbstractApplicationContext.refresh(AbstractApplicationContext.java:594)
	at org.springframework.boot.web.servlet.context.ServletWebServerApplicationContext.refresh(ServletWebServerApplicationContext.java:147)
	at org.springframework.boot.SpringApplication.refresh(SpringApplication.java:732)
	at org.springframework.boot.SpringApplication.refreshContext(SpringApplication.java:409)
	at org.springframework.boot.SpringApplication.run(SpringApplication.java:308)
	at org.springframework.boot.SpringApplication.run(SpringApplication.java:1300)
	at org.springframework.boot.SpringApplication.run(SpringApplication.java:1289)
	at com.memorin.review.ReviewServiceApplication.main(ReviewServiceApplication.java:22)
2025-08-25 14:35:48 [main] WARN  o.s.b.w.s.c.AnnotationConfigServletWebServerApplicationContext - Exception encountered during context initialization - cancelling refresh attempt: org.springframework.context.ApplicationContextException: Failed to start bean 'webServerStartStop'; nested exception is java.lang.reflect.UndeclaredThrowableException
2025-08-25 14:35:48 [main] INFO  o.s.o.j.LocalContainerEntityManagerFactoryBean - Closing JPA EntityManagerFactory for persistence unit 'default'
2025-08-25 14:35:48 [main] INFO  com.zaxxer.hikari.HikariDataSource - HikariPool-1 - Shutdown initiated...
2025-08-25 14:35:48 [main] INFO  com.zaxxer.hikari.HikariDataSource - HikariPool-1 - Shutdown completed.
2025-08-25 14:35:48 [main] INFO  o.a.catalina.core.StandardService - Stopping service [Tomcat]
2025-08-25 14:35:48 [main] INFO  o.s.b.a.l.ConditionEvaluationReportLoggingListener - 

Error starting ApplicationContext. To display the conditions report re-run your application with 'debug' enabled.
2025-08-25 14:35:48 [main] ERROR o.s.boot.SpringApplication - Application run failed
org.springframework.context.ApplicationContextException: Failed to start bean 'webServerStartStop'; nested exception is java.lang.reflect.UndeclaredThrowableException
	at org.springframework.context.support.DefaultLifecycleProcessor.doStart(DefaultLifecycleProcessor.java:182)
	at org.springframework.context.support.DefaultLifecycleProcessor.access$200(DefaultLifecycleProcessor.java:54)
	at org.springframework.context.support.DefaultLifecycleProcessor$LifecycleGroup.start(DefaultLifecycleProcessor.java:357)
	at java.lang.Iterable.forEach(Iterable.java:75)
	at org.springframework.context.support.DefaultLifecycleProcessor.startBeans(DefaultLifecycleProcessor.java:156)
	at org.springframework.context.support.DefaultLifecycleProcessor.onRefresh(DefaultLifecycleProcessor.java:124)
	at org.springframework.context.support.AbstractApplicationContext.finishRefresh(AbstractApplicationContext.java:946)
	at org.springframework.context.support.AbstractApplicationContext.refresh(AbstractApplicationContext.java:594)
	at org.springframework.boot.web.servlet.context.ServletWebServerApplicationContext.refresh(ServletWebServerApplicationContext.java:147)
	at org.springframework.boot.SpringApplication.refresh(SpringApplication.java:732)
	at org.springframework.boot.SpringApplication.refreshContext(SpringApplication.java:409)
	at org.springframework.boot.SpringApplication.run(SpringApplication.java:308)
	at org.springframework.boot.SpringApplication.run(SpringApplication.java:1300)
	at org.springframework.boot.SpringApplication.run(SpringApplication.java:1289)
	at com.memorin.review.ReviewServiceApplication.main(ReviewServiceApplication.java:22)
Caused by: java.lang.reflect.UndeclaredThrowableException: null
	at org.springframework.util.ReflectionUtils.rethrowRuntimeException(ReflectionUtils.java:147)
	at com.alibaba.cloud.nacos.registry.NacosServiceRegistry.register(NacosServiceRegistry.java:83)
	at org.springframework.cloud.client.serviceregistry.AbstractAutoServiceRegistration.register(AbstractAutoServiceRegistration.java:232)
	at com.alibaba.cloud.nacos.registry.NacosAutoServiceRegistration.register(NacosAutoServiceRegistration.java:78)
	at org.springframework.cloud.client.serviceregistry.AbstractAutoServiceRegistration.start(AbstractAutoServiceRegistration.java:133)
	at org.springframework.cloud.client.serviceregistry.AbstractAutoServiceRegistration.bind(AbstractAutoServiceRegistration.java:98)
	at org.springframework.cloud.client.serviceregistry.AbstractAutoServiceRegistration.onApplicationEvent(AbstractAutoServiceRegistration.java:86)
	at org.springframework.cloud.client.serviceregistry.AbstractAutoServiceRegistration.onApplicationEvent(AbstractAutoServiceRegistration.java:47)
	at org.springframework.context.event.SimpleApplicationEventMulticaster.doInvokeListener(SimpleApplicationEventMulticaster.java:178)
	at org.springframework.context.event.SimpleApplicationEventMulticaster.invokeListener(SimpleApplicationEventMulticaster.java:171)
	at org.springframework.context.event.SimpleApplicationEventMulticaster.multicastEvent(SimpleApplicationEventMulticaster.java:145)
	at org.springframework.context.support.AbstractApplicationContext.publishEvent(AbstractApplicationContext.java:429)
	at org.springframework.context.support.AbstractApplicationContext.publishEvent(AbstractApplicationContext.java:386)
	at org.springframework.boot.web.servlet.context.WebServerStartStopLifecycle.start(WebServerStartStopLifecycle.java:46)
	at org.springframework.context.support.DefaultLifecycleProcessor.doStart(DefaultLifecycleProcessor.java:179)
	... 14 common frames omitted
Caused by: com.alibaba.nacos.api.exception.NacosException: Client not connected, current status:STARTING
	at com.alibaba.nacos.common.remote.client.RpcClient.request(RpcClient.java:639)
	at com.alibaba.nacos.common.remote.client.RpcClient.request(RpcClient.java:619)
	at com.alibaba.nacos.client.naming.remote.gprc.NamingGrpcClientProxy.requestToServer(NamingGrpcClientProxy.java:356)
	at com.alibaba.nacos.client.naming.remote.gprc.NamingGrpcClientProxy.doRegisterService(NamingGrpcClientProxy.java:209)
	at com.alibaba.nacos.client.naming.remote.gprc.NamingGrpcClientProxy.registerService(NamingGrpcClientProxy.java:123)
	at com.alibaba.nacos.client.naming.remote.NamingClientProxyDelegate.registerService(NamingClientProxyDelegate.java:98)
	at com.alibaba.nacos.client.naming.NacosNamingService.registerInstance(NacosNamingService.java:152)
	at com.alibaba.cloud.nacos.registry.NacosServiceRegistry.register(NacosServiceRegistry.java:75)
	... 27 common frames omitted
2025-08-25 14:35:48 [Thread-5] WARN  c.a.nacos.common.notify.NotifyCenter - [NotifyCenter] Start destroying Publisher
2025-08-25 14:35:48 [Thread-8] WARN  c.a.n.c.http.HttpClientBeanHolder - [HttpClientBeanHolder] Start destroying common HttpClient
2025-08-25 14:35:48 [Thread-5] WARN  c.a.nacos.common.notify.NotifyCenter - [NotifyCenter] Destruction of the end
2025-08-25 14:38:03 [main] INFO  c.a.n.c.env.SearchableProperties - properties search order:PROPERTIES->JVM->ENV->DEFAULT_SETTING
2025-08-25 14:38:03 [main] INFO  c.m.review.ReviewServiceApplication - Starting ReviewServiceApplication using Java 1.8.0_451 on WIN-C3D985L1HJN with PID 16588 (D:\CODE\Memorin-rebuild\backend\memorin-review-service\target\classes started by Mechrevo in D:\CODE\Memorin-rebuild\backend\memorin-review-service)
2025-08-25 14:38:03 [main] INFO  c.m.review.ReviewServiceApplication - No active profile set, falling back to 1 default profile: "default"
2025-08-25 14:38:04 [main] INFO  o.s.d.r.c.RepositoryConfigurationDelegate - Bootstrapping Spring Data JPA repositories in DEFAULT mode.
2025-08-25 14:38:04 [main] INFO  o.s.d.r.c.RepositoryConfigurationDelegate - Finished Spring Data repository scanning in 36 ms. Found 3 JPA repository interfaces.
2025-08-25 14:38:04 [main] INFO  o.s.cloud.context.scope.GenericScope - BeanFactory id=fedc45c7-2a03-34c6-b811-9a625e11a283
2025-08-25 14:38:04 [main] INFO  o.s.b.w.e.tomcat.TomcatWebServer - Tomcat initialized with port(s): 8083 (http)
2025-08-25 14:38:04 [main] INFO  o.a.catalina.core.StandardService - Starting service [Tomcat]
2025-08-25 14:38:04 [main] INFO  o.a.catalina.core.StandardEngine - Starting Servlet engine: [Apache Tomcat/9.0.83]
2025-08-25 14:38:04 [main] INFO  o.a.c.c.C.[Tomcat].[localhost].[/] - Initializing Spring embedded WebApplicationContext
2025-08-25 14:38:04 [main] INFO  o.s.b.w.s.c.ServletWebServerApplicationContext - Root WebApplicationContext: initialization completed in 1407 ms
2025-08-25 14:38:04 [main] ERROR o.s.b.w.e.tomcat.TomcatStarter - Error starting Tomcat context. Exception: org.springframework.beans.factory.UnsatisfiedDependencyException. Message: Error creating bean with name 'webMvcMetricsFilter' defined in class path resource [org/springframework/boot/actuate/autoconfigure/metrics/web/servlet/WebMvcMetricsAutoConfiguration.class]: Unsatisfied dependency expressed through method 'webMvcMetricsFilter' parameter 0; nested exception is org.springframework.beans.factory.BeanCreationException: Error creating bean with name 'simpleMeterRegistry' defined in class path resource [org/springframework/boot/actuate/autoconfigure/metrics/export/simple/SimpleMetricsExportAutoConfiguration.class]: Initialization of bean failed; nested exception is org.springframework.beans.factory.UnsatisfiedDependencyException: Error creating bean with name 'dataSourcePoolMetadataMeterBinder' defined in class path resource [org/springframework/boot/actuate/autoconfigure/metrics/jdbc/DataSourcePoolMetricsAutoConfiguration$DataSourcePoolMetadataMetricsConfiguration.class]: Unsatisfied dependency expressed through method 'dataSourcePoolMetadataMeterBinder' parameter 0; nested exception is org.springframework.beans.factory.BeanCreationException: Error creating bean with name 'dataSource' defined in class path resource [org/springframework/boot/autoconfigure/jdbc/DataSourceConfiguration$Hikari.class]: Bean instantiation via factory method failed; nested exception is org.springframework.beans.BeanInstantiationException: Failed to instantiate [com.zaxxer.hikari.HikariDataSource]: Factory method 'dataSource' threw exception; nested exception is java.lang.IllegalStateException: Cannot load driver class: com.mysql.cj.jdbc.Driver
2025-08-25 14:38:04 [main] INFO  o.a.catalina.core.StandardService - Stopping service [Tomcat]
2025-08-25 14:38:04 [main] WARN  o.s.b.w.s.c.AnnotationConfigServletWebServerApplicationContext - Exception encountered during context initialization - cancelling refresh attempt: org.springframework.context.ApplicationContextException: Unable to start web server; nested exception is org.springframework.boot.web.server.WebServerException: Unable to start embedded Tomcat
2025-08-25 14:38:04 [main] INFO  o.s.b.a.l.ConditionEvaluationReportLoggingListener - 

Error starting ApplicationContext. To display the conditions report re-run your application with 'debug' enabled.
2025-08-25 14:38:04 [main] ERROR o.s.boot.SpringApplication - Application run failed
org.springframework.context.ApplicationContextException: Unable to start web server; nested exception is org.springframework.boot.web.server.WebServerException: Unable to start embedded Tomcat
	at org.springframework.boot.web.servlet.context.ServletWebServerApplicationContext.onRefresh(ServletWebServerApplicationContext.java:165)
	at org.springframework.context.support.AbstractApplicationContext.refresh(AbstractApplicationContext.java:585)
	at org.springframework.boot.web.servlet.context.ServletWebServerApplicationContext.refresh(ServletWebServerApplicationContext.java:147)
	at org.springframework.boot.SpringApplication.refresh(SpringApplication.java:732)
	at org.springframework.boot.SpringApplication.refreshContext(SpringApplication.java:409)
	at org.springframework.boot.SpringApplication.run(SpringApplication.java:308)
	at org.springframework.boot.SpringApplication.run(SpringApplication.java:1300)
	at org.springframework.boot.SpringApplication.run(SpringApplication.java:1289)
	at com.memorin.review.ReviewServiceApplication.main(ReviewServiceApplication.java:22)
Caused by: org.springframework.boot.web.server.WebServerException: Unable to start embedded Tomcat
	at org.springframework.boot.web.embedded.tomcat.TomcatWebServer.initialize(TomcatWebServer.java:142)
	at org.springframework.boot.web.embedded.tomcat.TomcatWebServer.<init>(TomcatWebServer.java:104)
	at org.springframework.boot.web.embedded.tomcat.TomcatServletWebServerFactory.getTomcatWebServer(TomcatServletWebServerFactory.java:481)
	at org.springframework.boot.web.embedded.tomcat.TomcatServletWebServerFactory.getWebServer(TomcatServletWebServerFactory.java:211)
	at org.springframework.boot.web.servlet.context.ServletWebServerApplicationContext.createWebServer(ServletWebServerApplicationContext.java:184)
	at org.springframework.boot.web.servlet.context.ServletWebServerApplicationContext.onRefresh(ServletWebServerApplicationContext.java:162)
	... 8 common frames omitted
Caused by: org.springframework.beans.factory.UnsatisfiedDependencyException: Error creating bean with name 'webMvcMetricsFilter' defined in class path resource [org/springframework/boot/actuate/autoconfigure/metrics/web/servlet/WebMvcMetricsAutoConfiguration.class]: Unsatisfied dependency expressed through method 'webMvcMetricsFilter' parameter 0; nested exception is org.springframework.beans.factory.BeanCreationException: Error creating bean with name 'simpleMeterRegistry' defined in class path resource [org/springframework/boot/actuate/autoconfigure/metrics/export/simple/SimpleMetricsExportAutoConfiguration.class]: Initialization of bean failed; nested exception is org.springframework.beans.factory.UnsatisfiedDependencyException: Error creating bean with name 'dataSourcePoolMetadataMeterBinder' defined in class path resource [org/springframework/boot/actuate/autoconfigure/metrics/jdbc/DataSourcePoolMetricsAutoConfiguration$DataSourcePoolMetadataMetricsConfiguration.class]: Unsatisfied dependency expressed through method 'dataSourcePoolMetadataMeterBinder' parameter 0; nested exception is org.springframework.beans.factory.BeanCreationException: Error creating bean with name 'dataSource' defined in class path resource [org/springframework/boot/autoconfigure/jdbc/DataSourceConfiguration$Hikari.class]: Bean instantiation via factory method failed; nested exception is org.springframework.beans.BeanInstantiationException: Failed to instantiate [com.zaxxer.hikari.HikariDataSource]: Factory method 'dataSource' threw exception; nested exception is java.lang.IllegalStateException: Cannot load driver class: com.mysql.cj.jdbc.Driver
	at org.springframework.beans.factory.support.ConstructorResolver.createArgumentArray(ConstructorResolver.java:801)
	at org.springframework.beans.factory.support.ConstructorResolver.instantiateUsingFactoryMethod(ConstructorResolver.java:536)
	at org.springframework.beans.factory.support.AbstractAutowireCapableBeanFactory.instantiateUsingFactoryMethod(AbstractAutowireCapableBeanFactory.java:1352)
	at org.springframework.beans.factory.support.AbstractAutowireCapableBeanFactory.createBeanInstance(AbstractAutowireCapableBeanFactory.java:1195)
	at org.springframework.beans.factory.support.AbstractAutowireCapableBeanFactory.doCreateBean(AbstractAutowireCapableBeanFactory.java:582)
	at org.springframework.beans.factory.support.AbstractAutowireCapableBeanFactory.createBean(AbstractAutowireCapableBeanFactory.java:542)
	at org.springframework.beans.factory.support.AbstractBeanFactory.lambda$doGetBean$0(AbstractBeanFactory.java:335)
	at org.springframework.beans.factory.support.DefaultSingletonBeanRegistry.getSingleton(DefaultSingletonBeanRegistry.java:234)
	at org.springframework.beans.factory.support.AbstractBeanFactory.doGetBean(AbstractBeanFactory.java:333)
	at org.springframework.beans.factory.support.AbstractBeanFactory.getBean(AbstractBeanFactory.java:213)
	at org.springframework.boot.web.servlet.ServletContextInitializerBeans.getOrderedBeansOfType(ServletContextInitializerBeans.java:213)
	at org.springframework.boot.web.servlet.ServletContextInitializerBeans.getOrderedBeansOfType(ServletContextInitializerBeans.java:204)
	at org.springframework.boot.web.servlet.ServletContextInitializerBeans.addServletContextInitializerBeans(ServletContextInitializerBeans.java:98)
	at org.springframework.boot.web.servlet.ServletContextInitializerBeans.<init>(ServletContextInitializerBeans.java:86)
	at org.springframework.boot.web.servlet.context.ServletWebServerApplicationContext.getServletContextInitializerBeans(ServletWebServerApplicationContext.java:262)
	at org.springframework.boot.web.servlet.context.ServletWebServerApplicationContext.selfInitialize(ServletWebServerApplicationContext.java:236)
	at org.springframework.boot.web.embedded.tomcat.TomcatStarter.onStartup(TomcatStarter.java:53)
	at org.apache.catalina.core.StandardContext.startInternal(StandardContext.java:4904)
	at org.apache.catalina.util.LifecycleBase.start(LifecycleBase.java:171)
	at org.apache.catalina.core.ContainerBase$StartChild.call(ContainerBase.java:1332)
	at org.apache.catalina.core.ContainerBase$StartChild.call(ContainerBase.java:1322)
	at java.util.concurrent.FutureTask.run(FutureTask.java:266)
	at org.apache.tomcat.util.threads.InlineExecutorService.execute(InlineExecutorService.java:75)
	at java.util.concurrent.AbstractExecutorService.submit(AbstractExecutorService.java:134)
	at org.apache.catalina.core.ContainerBase.startInternal(ContainerBase.java:866)
	at org.apache.catalina.core.StandardHost.startInternal(StandardHost.java:794)
	at org.apache.catalina.util.LifecycleBase.start(LifecycleBase.java:171)
	at org.apache.catalina.core.ContainerBase$StartChild.call(ContainerBase.java:1332)
	at org.apache.catalina.core.ContainerBase$StartChild.call(ContainerBase.java:1322)
	at java.util.concurrent.FutureTask.run(FutureTask.java:266)
	at org.apache.tomcat.util.threads.InlineExecutorService.execute(InlineExecutorService.java:75)
	at java.util.concurrent.AbstractExecutorService.submit(AbstractExecutorService.java:134)
	at org.apache.catalina.core.ContainerBase.startInternal(ContainerBase.java:866)
	at org.apache.catalina.core.StandardEngine.startInternal(StandardEngine.java:248)
	at org.apache.catalina.util.LifecycleBase.start(LifecycleBase.java:171)
	at org.apache.catalina.core.StandardService.startInternal(StandardService.java:433)
	at org.apache.catalina.util.LifecycleBase.start(LifecycleBase.java:171)
	at org.apache.catalina.core.StandardServer.startInternal(StandardServer.java:921)
	at org.apache.catalina.util.LifecycleBase.start(LifecycleBase.java:171)
	at org.apache.catalina.startup.Tomcat.start(Tomcat.java:489)
	at org.springframework.boot.web.embedded.tomcat.TomcatWebServer.initialize(TomcatWebServer.java:123)
	... 13 common frames omitted
Caused by: org.springframework.beans.factory.BeanCreationException: Error creating bean with name 'simpleMeterRegistry' defined in class path resource [org/springframework/boot/actuate/autoconfigure/metrics/export/simple/SimpleMetricsExportAutoConfiguration.class]: Initialization of bean failed; nested exception is org.springframework.beans.factory.UnsatisfiedDependencyException: Error creating bean with name 'dataSourcePoolMetadataMeterBinder' defined in class path resource [org/springframework/boot/actuate/autoconfigure/metrics/jdbc/DataSourcePoolMetricsAutoConfiguration$DataSourcePoolMetadataMetricsConfiguration.class]: Unsatisfied dependency expressed through method 'dataSourcePoolMetadataMeterBinder' parameter 0; nested exception is org.springframework.beans.factory.BeanCreationException: Error creating bean with name 'dataSource' defined in class path resource [org/springframework/boot/autoconfigure/jdbc/DataSourceConfiguration$Hikari.class]: Bean instantiation via factory method failed; nested exception is org.springframework.beans.BeanInstantiationException: Failed to instantiate [com.zaxxer.hikari.HikariDataSource]: Factory method 'dataSource' threw exception; nested exception is java.lang.IllegalStateException: Cannot load driver class: com.mysql.cj.jdbc.Driver
	at org.springframework.beans.factory.support.AbstractAutowireCapableBeanFactory.doCreateBean(AbstractAutowireCapableBeanFactory.java:628)
	at org.springframework.beans.factory.support.AbstractAutowireCapableBeanFactory.createBean(AbstractAutowireCapableBeanFactory.java:542)
	at org.springframework.beans.factory.support.AbstractBeanFactory.lambda$doGetBean$0(AbstractBeanFactory.java:335)
	at org.springframework.beans.factory.support.DefaultSingletonBeanRegistry.getSingleton(DefaultSingletonBeanRegistry.java:234)
	at org.springframework.beans.factory.support.AbstractBeanFactory.doGetBean(AbstractBeanFactory.java:333)
	at org.springframework.beans.factory.support.AbstractBeanFactory.getBean(AbstractBeanFactory.java:208)
	at org.springframework.beans.factory.config.DependencyDescriptor.resolveCandidate(DependencyDescriptor.java:276)
	at org.springframework.beans.factory.support.DefaultListableBeanFactory.doResolveDependency(DefaultListableBeanFactory.java:1391)
	at org.springframework.beans.factory.support.DefaultListableBeanFactory.resolveDependency(DefaultListableBeanFactory.java:1311)
	at org.springframework.beans.factory.support.ConstructorResolver.resolveAutowiredArgument(ConstructorResolver.java:911)
	at org.springframework.beans.factory.support.ConstructorResolver.createArgumentArray(ConstructorResolver.java:788)
	... 53 common frames omitted
Caused by: org.springframework.beans.factory.UnsatisfiedDependencyException: Error creating bean with name 'dataSourcePoolMetadataMeterBinder' defined in class path resource [org/springframework/boot/actuate/autoconfigure/metrics/jdbc/DataSourcePoolMetricsAutoConfiguration$DataSourcePoolMetadataMetricsConfiguration.class]: Unsatisfied dependency expressed through method 'dataSourcePoolMetadataMeterBinder' parameter 0; nested exception is org.springframework.beans.factory.BeanCreationException: Error creating bean with name 'dataSource' defined in class path resource [org/springframework/boot/autoconfigure/jdbc/DataSourceConfiguration$Hikari.class]: Bean instantiation via factory method failed; nested exception is org.springframework.beans.BeanInstantiationException: Failed to instantiate [com.zaxxer.hikari.HikariDataSource]: Factory method 'dataSource' threw exception; nested exception is java.lang.IllegalStateException: Cannot load driver class: com.mysql.cj.jdbc.Driver
	at org.springframework.beans.factory.support.ConstructorResolver.createArgumentArray(ConstructorResolver.java:801)
	at org.springframework.beans.factory.support.ConstructorResolver.instantiateUsingFactoryMethod(ConstructorResolver.java:536)
	at org.springframework.beans.factory.support.AbstractAutowireCapableBeanFactory.instantiateUsingFactoryMethod(AbstractAutowireCapableBeanFactory.java:1352)
	at org.springframework.beans.factory.support.AbstractAutowireCapableBeanFactory.createBeanInstance(AbstractAutowireCapableBeanFactory.java:1195)
	at org.springframework.beans.factory.support.AbstractAutowireCapableBeanFactory.doCreateBean(AbstractAutowireCapableBeanFactory.java:582)
	at org.springframework.beans.factory.support.AbstractAutowireCapableBeanFactory.createBean(AbstractAutowireCapableBeanFactory.java:542)
	at org.springframework.beans.factory.support.AbstractBeanFactory.lambda$doGetBean$0(AbstractBeanFactory.java:335)
	at org.springframework.beans.factory.support.DefaultSingletonBeanRegistry.getSingleton(DefaultSingletonBeanRegistry.java:234)
	at org.springframework.beans.factory.support.AbstractBeanFactory.doGetBean(AbstractBeanFactory.java:333)
	at org.springframework.beans.factory.support.AbstractBeanFactory.getBean(AbstractBeanFactory.java:208)
	at org.springframework.beans.factory.config.DependencyDescriptor.resolveCandidate(DependencyDescriptor.java:276)
	at org.springframework.beans.factory.support.DefaultListableBeanFactory.addCandidateEntry(DefaultListableBeanFactory.java:1616)
	at org.springframework.beans.factory.support.DefaultListableBeanFactory.findAutowireCandidates(DefaultListableBeanFactory.java:1573)
	at org.springframework.beans.factory.support.DefaultListableBeanFactory.resolveMultipleBeans(DefaultListableBeanFactory.java:1417)
	at org.springframework.beans.factory.support.DefaultListableBeanFactory.doResolveDependency(DefaultListableBeanFactory.java:1349)
	at org.springframework.beans.factory.support.DefaultListableBeanFactory$DependencyObjectProvider.resolveStream(DefaultListableBeanFactory.java:2119)
	at org.springframework.beans.factory.support.DefaultListableBeanFactory$DependencyObjectProvider.orderedStream(DefaultListableBeanFactory.java:2113)
	at org.springframework.boot.actuate.autoconfigure.metrics.MeterRegistryConfigurer.addBinders(MeterRegistryConfigurer.java:87)
	at org.springframework.boot.actuate.autoconfigure.metrics.MeterRegistryConfigurer.configure(MeterRegistryConfigurer.java:68)
	at org.springframework.boot.actuate.autoconfigure.metrics.MeterRegistryPostProcessor.postProcessAfterInitialization(MeterRegistryPostProcessor.java:64)
	at org.springframework.beans.factory.support.AbstractAutowireCapableBeanFactory.applyBeanPostProcessorsAfterInitialization(AbstractAutowireCapableBeanFactory.java:455)
	at org.springframework.beans.factory.support.AbstractAutowireCapableBeanFactory.initializeBean(AbstractAutowireCapableBeanFactory.java:1808)
	at org.springframework.beans.factory.support.AbstractAutowireCapableBeanFactory.doCreateBean(AbstractAutowireCapableBeanFactory.java:620)
	... 63 common frames omitted
Caused by: org.springframework.beans.factory.BeanCreationException: Error creating bean with name 'dataSource' defined in class path resource [org/springframework/boot/autoconfigure/jdbc/DataSourceConfiguration$Hikari.class]: Bean instantiation via factory method failed; nested exception is org.springframework.beans.BeanInstantiationException: Failed to instantiate [com.zaxxer.hikari.HikariDataSource]: Factory method 'dataSource' threw exception; nested exception is java.lang.IllegalStateException: Cannot load driver class: com.mysql.cj.jdbc.Driver
	at org.springframework.beans.factory.support.ConstructorResolver.instantiate(ConstructorResolver.java:653)
	at org.springframework.beans.factory.support.ConstructorResolver.instantiateUsingFactoryMethod(ConstructorResolver.java:633)
	at org.springframework.beans.factory.support.AbstractAutowireCapableBeanFactory.instantiateUsingFactoryMethod(AbstractAutowireCapableBeanFactory.java:1352)
	at org.springframework.beans.factory.support.AbstractAutowireCapableBeanFactory.createBeanInstance(AbstractAutowireCapableBeanFactory.java:1195)
	at org.springframework.beans.factory.support.AbstractAutowireCapableBeanFactory.doCreateBean(AbstractAutowireCapableBeanFactory.java:582)
	at org.springframework.beans.factory.support.AbstractAutowireCapableBeanFactory.createBean(AbstractAutowireCapableBeanFactory.java:542)
	at org.springframework.beans.factory.support.AbstractBeanFactory.lambda$doGetBean$0(AbstractBeanFactory.java:335)
	at org.springframework.beans.factory.support.DefaultSingletonBeanRegistry.getSingleton(DefaultSingletonBeanRegistry.java:234)
	at org.springframework.beans.factory.support.AbstractBeanFactory.doGetBean(AbstractBeanFactory.java:333)
	at org.springframework.beans.factory.support.AbstractBeanFactory.getBean(AbstractBeanFactory.java:208)
	at org.springframework.beans.factory.config.DependencyDescriptor.resolveCandidate(DependencyDescriptor.java:276)
	at org.springframework.beans.factory.support.DefaultListableBeanFactory.addCandidateEntry(DefaultListableBeanFactory.java:1609)
	at org.springframework.beans.factory.support.DefaultListableBeanFactory.findAutowireCandidates(DefaultListableBeanFactory.java:1573)
	at org.springframework.beans.factory.support.DefaultListableBeanFactory.resolveMultipleBeans(DefaultListableBeanFactory.java:1492)
	at org.springframework.beans.factory.support.DefaultListableBeanFactory.doResolveDependency(DefaultListableBeanFactory.java:1349)
	at org.springframework.beans.factory.support.DefaultListableBeanFactory.resolveDependency(DefaultListableBeanFactory.java:1311)
	at org.springframework.beans.factory.support.ConstructorResolver.resolveAutowiredArgument(ConstructorResolver.java:911)
	at org.springframework.beans.factory.support.ConstructorResolver.createArgumentArray(ConstructorResolver.java:788)
	... 85 common frames omitted
Caused by: org.springframework.beans.BeanInstantiationException: Failed to instantiate [com.zaxxer.hikari.HikariDataSource]: Factory method 'dataSource' threw exception; nested exception is java.lang.IllegalStateException: Cannot load driver class: com.mysql.cj.jdbc.Driver
	at org.springframework.beans.factory.support.SimpleInstantiationStrategy.instantiate(SimpleInstantiationStrategy.java:185)
	at org.springframework.beans.factory.support.ConstructorResolver.instantiate(ConstructorResolver.java:648)
	... 102 common frames omitted
Caused by: java.lang.IllegalStateException: Cannot load driver class: com.mysql.cj.jdbc.Driver
	at org.springframework.util.Assert.state(Assert.java:97)
	at org.springframework.boot.autoconfigure.jdbc.DataSourceProperties.determineDriverClassName(DataSourceProperties.java:175)
	at org.springframework.boot.autoconfigure.jdbc.DataSourceProperties.initializeDataSourceBuilder(DataSourceProperties.java:125)
	at org.springframework.boot.autoconfigure.jdbc.DataSourceConfiguration.createDataSource(DataSourceConfiguration.java:48)
	at org.springframework.boot.autoconfigure.jdbc.DataSourceConfiguration$Hikari.dataSource(DataSourceConfiguration.java:90)
	at sun.reflect.NativeMethodAccessorImpl.invoke0(Native Method)
	at sun.reflect.NativeMethodAccessorImpl.invoke(NativeMethodAccessorImpl.java:62)
	at sun.reflect.DelegatingMethodAccessorImpl.invoke(DelegatingMethodAccessorImpl.java:43)
	at java.lang.reflect.Method.invoke(Method.java:498)
	at org.springframework.beans.factory.support.SimpleInstantiationStrategy.instantiate(SimpleInstantiationStrategy.java:154)
	... 103 common frames omitted
2025-08-25 14:41:00 [main] INFO  c.a.n.c.env.SearchableProperties - properties search order:PROPERTIES->JVM->ENV->DEFAULT_SETTING
2025-08-25 14:41:00 [main] INFO  c.m.review.ReviewServiceApplication - Starting ReviewServiceApplication using Java 1.8.0_451 on WIN-C3D985L1HJN with PID 77112 (D:\CODE\Memorin-rebuild\backend\memorin-review-service\target\classes started by Mechrevo in D:\CODE\Memorin-rebuild\backend\memorin-review-service)
2025-08-25 14:41:00 [main] DEBUG c.m.review.ReviewServiceApplication - Running with Spring Boot v2.7.18, Spring v5.3.31
2025-08-25 14:41:00 [main] INFO  c.m.review.ReviewServiceApplication - The following 1 profile is active: "dev"
2025-08-25 14:41:01 [main] INFO  o.s.d.r.c.RepositoryConfigurationDelegate - Bootstrapping Spring Data JPA repositories in DEFAULT mode.
2025-08-25 14:41:01 [main] INFO  o.s.d.r.c.RepositoryConfigurationDelegate - Finished Spring Data repository scanning in 37 ms. Found 3 JPA repository interfaces.
2025-08-25 14:41:01 [main] INFO  o.s.cloud.context.scope.GenericScope - BeanFactory id=e91f9ef6-5a6c-3b39-91ae-0775b350255f
2025-08-25 14:41:01 [main] INFO  o.s.b.w.e.tomcat.TomcatWebServer - Tomcat initialized with port(s): 8083 (http)
2025-08-25 14:41:01 [main] INFO  o.a.catalina.core.StandardService - Starting service [Tomcat]
2025-08-25 14:41:01 [main] INFO  o.a.catalina.core.StandardEngine - Starting Servlet engine: [Apache Tomcat/9.0.83]
2025-08-25 14:41:01 [main] INFO  o.a.c.c.C.[Tomcat].[localhost].[/] - Initializing Spring embedded WebApplicationContext
2025-08-25 14:41:01 [main] INFO  o.s.b.w.s.c.ServletWebServerApplicationContext - Root WebApplicationContext: initialization completed in 1109 ms
2025-08-25 14:41:01 [main] ERROR o.s.b.w.e.tomcat.TomcatStarter - Error starting Tomcat context. Exception: org.springframework.beans.factory.UnsatisfiedDependencyException. Message: Error creating bean with name 'webMvcMetricsFilter' defined in class path resource [org/springframework/boot/actuate/autoconfigure/metrics/web/servlet/WebMvcMetricsAutoConfiguration.class]: Unsatisfied dependency expressed through method 'webMvcMetricsFilter' parameter 0; nested exception is org.springframework.beans.factory.BeanCreationException: Error creating bean with name 'simpleMeterRegistry' defined in class path resource [org/springframework/boot/actuate/autoconfigure/metrics/export/simple/SimpleMetricsExportAutoConfiguration.class]: Initialization of bean failed; nested exception is org.springframework.beans.factory.UnsatisfiedDependencyException: Error creating bean with name 'dataSourcePoolMetadataMeterBinder' defined in class path resource [org/springframework/boot/actuate/autoconfigure/metrics/jdbc/DataSourcePoolMetricsAutoConfiguration$DataSourcePoolMetadataMetricsConfiguration.class]: Unsatisfied dependency expressed through method 'dataSourcePoolMetadataMeterBinder' parameter 0; nested exception is org.springframework.beans.factory.BeanCreationException: Error creating bean with name 'dataSource' defined in class path resource [org/springframework/boot/autoconfigure/jdbc/DataSourceConfiguration$Hikari.class]: Bean instantiation via factory method failed; nested exception is org.springframework.beans.BeanInstantiationException: Failed to instantiate [com.zaxxer.hikari.HikariDataSource]: Factory method 'dataSource' threw exception; nested exception is java.lang.IllegalStateException: Cannot load driver class: com.mysql.cj.jdbc.Driver
2025-08-25 14:41:01 [main] INFO  o.a.catalina.core.StandardService - Stopping service [Tomcat]
2025-08-25 14:41:01 [main] WARN  o.s.b.w.s.c.AnnotationConfigServletWebServerApplicationContext - Exception encountered during context initialization - cancelling refresh attempt: org.springframework.context.ApplicationContextException: Unable to start web server; nested exception is org.springframework.boot.web.server.WebServerException: Unable to start embedded Tomcat
2025-08-25 14:41:01 [main] INFO  o.s.b.a.l.ConditionEvaluationReportLoggingListener - 

Error starting ApplicationContext. To display the conditions report re-run your application with 'debug' enabled.
2025-08-25 14:41:01 [main] ERROR o.s.boot.SpringApplication - Application run failed
org.springframework.context.ApplicationContextException: Unable to start web server; nested exception is org.springframework.boot.web.server.WebServerException: Unable to start embedded Tomcat
	at org.springframework.boot.web.servlet.context.ServletWebServerApplicationContext.onRefresh(ServletWebServerApplicationContext.java:165)
	at org.springframework.context.support.AbstractApplicationContext.refresh(AbstractApplicationContext.java:585)
	at org.springframework.boot.web.servlet.context.ServletWebServerApplicationContext.refresh(ServletWebServerApplicationContext.java:147)
	at org.springframework.boot.SpringApplication.refresh(SpringApplication.java:732)
	at org.springframework.boot.SpringApplication.refreshContext(SpringApplication.java:409)
	at org.springframework.boot.SpringApplication.run(SpringApplication.java:308)
	at org.springframework.boot.SpringApplication.run(SpringApplication.java:1300)
	at org.springframework.boot.SpringApplication.run(SpringApplication.java:1289)
	at com.memorin.review.ReviewServiceApplication.main(ReviewServiceApplication.java:22)
Caused by: org.springframework.boot.web.server.WebServerException: Unable to start embedded Tomcat
	at org.springframework.boot.web.embedded.tomcat.TomcatWebServer.initialize(TomcatWebServer.java:142)
	at org.springframework.boot.web.embedded.tomcat.TomcatWebServer.<init>(TomcatWebServer.java:104)
	at org.springframework.boot.web.embedded.tomcat.TomcatServletWebServerFactory.getTomcatWebServer(TomcatServletWebServerFactory.java:481)
	at org.springframework.boot.web.embedded.tomcat.TomcatServletWebServerFactory.getWebServer(TomcatServletWebServerFactory.java:211)
	at org.springframework.boot.web.servlet.context.ServletWebServerApplicationContext.createWebServer(ServletWebServerApplicationContext.java:184)
	at org.springframework.boot.web.servlet.context.ServletWebServerApplicationContext.onRefresh(ServletWebServerApplicationContext.java:162)
	... 8 common frames omitted
Caused by: org.springframework.beans.factory.UnsatisfiedDependencyException: Error creating bean with name 'webMvcMetricsFilter' defined in class path resource [org/springframework/boot/actuate/autoconfigure/metrics/web/servlet/WebMvcMetricsAutoConfiguration.class]: Unsatisfied dependency expressed through method 'webMvcMetricsFilter' parameter 0; nested exception is org.springframework.beans.factory.BeanCreationException: Error creating bean with name 'simpleMeterRegistry' defined in class path resource [org/springframework/boot/actuate/autoconfigure/metrics/export/simple/SimpleMetricsExportAutoConfiguration.class]: Initialization of bean failed; nested exception is org.springframework.beans.factory.UnsatisfiedDependencyException: Error creating bean with name 'dataSourcePoolMetadataMeterBinder' defined in class path resource [org/springframework/boot/actuate/autoconfigure/metrics/jdbc/DataSourcePoolMetricsAutoConfiguration$DataSourcePoolMetadataMetricsConfiguration.class]: Unsatisfied dependency expressed through method 'dataSourcePoolMetadataMeterBinder' parameter 0; nested exception is org.springframework.beans.factory.BeanCreationException: Error creating bean with name 'dataSource' defined in class path resource [org/springframework/boot/autoconfigure/jdbc/DataSourceConfiguration$Hikari.class]: Bean instantiation via factory method failed; nested exception is org.springframework.beans.BeanInstantiationException: Failed to instantiate [com.zaxxer.hikari.HikariDataSource]: Factory method 'dataSource' threw exception; nested exception is java.lang.IllegalStateException: Cannot load driver class: com.mysql.cj.jdbc.Driver
	at org.springframework.beans.factory.support.ConstructorResolver.createArgumentArray(ConstructorResolver.java:801)
	at org.springframework.beans.factory.support.ConstructorResolver.instantiateUsingFactoryMethod(ConstructorResolver.java:536)
	at org.springframework.beans.factory.support.AbstractAutowireCapableBeanFactory.instantiateUsingFactoryMethod(AbstractAutowireCapableBeanFactory.java:1352)
	at org.springframework.beans.factory.support.AbstractAutowireCapableBeanFactory.createBeanInstance(AbstractAutowireCapableBeanFactory.java:1195)
	at org.springframework.beans.factory.support.AbstractAutowireCapableBeanFactory.doCreateBean(AbstractAutowireCapableBeanFactory.java:582)
	at org.springframework.beans.factory.support.AbstractAutowireCapableBeanFactory.createBean(AbstractAutowireCapableBeanFactory.java:542)
	at org.springframework.beans.factory.support.AbstractBeanFactory.lambda$doGetBean$0(AbstractBeanFactory.java:335)
	at org.springframework.beans.factory.support.DefaultSingletonBeanRegistry.getSingleton(DefaultSingletonBeanRegistry.java:234)
	at org.springframework.beans.factory.support.AbstractBeanFactory.doGetBean(AbstractBeanFactory.java:333)
	at org.springframework.beans.factory.support.AbstractBeanFactory.getBean(AbstractBeanFactory.java:213)
	at org.springframework.boot.web.servlet.ServletContextInitializerBeans.getOrderedBeansOfType(ServletContextInitializerBeans.java:213)
	at org.springframework.boot.web.servlet.ServletContextInitializerBeans.getOrderedBeansOfType(ServletContextInitializerBeans.java:204)
	at org.springframework.boot.web.servlet.ServletContextInitializerBeans.addServletContextInitializerBeans(ServletContextInitializerBeans.java:98)
	at org.springframework.boot.web.servlet.ServletContextInitializerBeans.<init>(ServletContextInitializerBeans.java:86)
	at org.springframework.boot.web.servlet.context.ServletWebServerApplicationContext.getServletContextInitializerBeans(ServletWebServerApplicationContext.java:262)
	at org.springframework.boot.web.servlet.context.ServletWebServerApplicationContext.selfInitialize(ServletWebServerApplicationContext.java:236)
	at org.springframework.boot.web.embedded.tomcat.TomcatStarter.onStartup(TomcatStarter.java:53)
	at org.apache.catalina.core.StandardContext.startInternal(StandardContext.java:4904)
	at org.apache.catalina.util.LifecycleBase.start(LifecycleBase.java:171)
	at org.apache.catalina.core.ContainerBase$StartChild.call(ContainerBase.java:1332)
	at org.apache.catalina.core.ContainerBase$StartChild.call(ContainerBase.java:1322)
	at java.util.concurrent.FutureTask.run(FutureTask.java:266)
	at org.apache.tomcat.util.threads.InlineExecutorService.execute(InlineExecutorService.java:75)
	at java.util.concurrent.AbstractExecutorService.submit(AbstractExecutorService.java:134)
	at org.apache.catalina.core.ContainerBase.startInternal(ContainerBase.java:866)
	at org.apache.catalina.core.StandardHost.startInternal(StandardHost.java:794)
	at org.apache.catalina.util.LifecycleBase.start(LifecycleBase.java:171)
	at org.apache.catalina.core.ContainerBase$StartChild.call(ContainerBase.java:1332)
	at org.apache.catalina.core.ContainerBase$StartChild.call(ContainerBase.java:1322)
	at java.util.concurrent.FutureTask.run(FutureTask.java:266)
	at org.apache.tomcat.util.threads.InlineExecutorService.execute(InlineExecutorService.java:75)
	at java.util.concurrent.AbstractExecutorService.submit(AbstractExecutorService.java:134)
	at org.apache.catalina.core.ContainerBase.startInternal(ContainerBase.java:866)
	at org.apache.catalina.core.StandardEngine.startInternal(StandardEngine.java:248)
	at org.apache.catalina.util.LifecycleBase.start(LifecycleBase.java:171)
	at org.apache.catalina.core.StandardService.startInternal(StandardService.java:433)
	at org.apache.catalina.util.LifecycleBase.start(LifecycleBase.java:171)
	at org.apache.catalina.core.StandardServer.startInternal(StandardServer.java:921)
	at org.apache.catalina.util.LifecycleBase.start(LifecycleBase.java:171)
	at org.apache.catalina.startup.Tomcat.start(Tomcat.java:489)
	at org.springframework.boot.web.embedded.tomcat.TomcatWebServer.initialize(TomcatWebServer.java:123)
	... 13 common frames omitted
Caused by: org.springframework.beans.factory.BeanCreationException: Error creating bean with name 'simpleMeterRegistry' defined in class path resource [org/springframework/boot/actuate/autoconfigure/metrics/export/simple/SimpleMetricsExportAutoConfiguration.class]: Initialization of bean failed; nested exception is org.springframework.beans.factory.UnsatisfiedDependencyException: Error creating bean with name 'dataSourcePoolMetadataMeterBinder' defined in class path resource [org/springframework/boot/actuate/autoconfigure/metrics/jdbc/DataSourcePoolMetricsAutoConfiguration$DataSourcePoolMetadataMetricsConfiguration.class]: Unsatisfied dependency expressed through method 'dataSourcePoolMetadataMeterBinder' parameter 0; nested exception is org.springframework.beans.factory.BeanCreationException: Error creating bean with name 'dataSource' defined in class path resource [org/springframework/boot/autoconfigure/jdbc/DataSourceConfiguration$Hikari.class]: Bean instantiation via factory method failed; nested exception is org.springframework.beans.BeanInstantiationException: Failed to instantiate [com.zaxxer.hikari.HikariDataSource]: Factory method 'dataSource' threw exception; nested exception is java.lang.IllegalStateException: Cannot load driver class: com.mysql.cj.jdbc.Driver
	at org.springframework.beans.factory.support.AbstractAutowireCapableBeanFactory.doCreateBean(AbstractAutowireCapableBeanFactory.java:628)
	at org.springframework.beans.factory.support.AbstractAutowireCapableBeanFactory.createBean(AbstractAutowireCapableBeanFactory.java:542)
	at org.springframework.beans.factory.support.AbstractBeanFactory.lambda$doGetBean$0(AbstractBeanFactory.java:335)
	at org.springframework.beans.factory.support.DefaultSingletonBeanRegistry.getSingleton(DefaultSingletonBeanRegistry.java:234)
	at org.springframework.beans.factory.support.AbstractBeanFactory.doGetBean(AbstractBeanFactory.java:333)
	at org.springframework.beans.factory.support.AbstractBeanFactory.getBean(AbstractBeanFactory.java:208)
	at org.springframework.beans.factory.config.DependencyDescriptor.resolveCandidate(DependencyDescriptor.java:276)
	at org.springframework.beans.factory.support.DefaultListableBeanFactory.doResolveDependency(DefaultListableBeanFactory.java:1391)
	at org.springframework.beans.factory.support.DefaultListableBeanFactory.resolveDependency(DefaultListableBeanFactory.java:1311)
	at org.springframework.beans.factory.support.ConstructorResolver.resolveAutowiredArgument(ConstructorResolver.java:911)
	at org.springframework.beans.factory.support.ConstructorResolver.createArgumentArray(ConstructorResolver.java:788)
	... 53 common frames omitted
Caused by: org.springframework.beans.factory.UnsatisfiedDependencyException: Error creating bean with name 'dataSourcePoolMetadataMeterBinder' defined in class path resource [org/springframework/boot/actuate/autoconfigure/metrics/jdbc/DataSourcePoolMetricsAutoConfiguration$DataSourcePoolMetadataMetricsConfiguration.class]: Unsatisfied dependency expressed through method 'dataSourcePoolMetadataMeterBinder' parameter 0; nested exception is org.springframework.beans.factory.BeanCreationException: Error creating bean with name 'dataSource' defined in class path resource [org/springframework/boot/autoconfigure/jdbc/DataSourceConfiguration$Hikari.class]: Bean instantiation via factory method failed; nested exception is org.springframework.beans.BeanInstantiationException: Failed to instantiate [com.zaxxer.hikari.HikariDataSource]: Factory method 'dataSource' threw exception; nested exception is java.lang.IllegalStateException: Cannot load driver class: com.mysql.cj.jdbc.Driver
	at org.springframework.beans.factory.support.ConstructorResolver.createArgumentArray(ConstructorResolver.java:801)
	at org.springframework.beans.factory.support.ConstructorResolver.instantiateUsingFactoryMethod(ConstructorResolver.java:536)
	at org.springframework.beans.factory.support.AbstractAutowireCapableBeanFactory.instantiateUsingFactoryMethod(AbstractAutowireCapableBeanFactory.java:1352)
	at org.springframework.beans.factory.support.AbstractAutowireCapableBeanFactory.createBeanInstance(AbstractAutowireCapableBeanFactory.java:1195)
	at org.springframework.beans.factory.support.AbstractAutowireCapableBeanFactory.doCreateBean(AbstractAutowireCapableBeanFactory.java:582)
	at org.springframework.beans.factory.support.AbstractAutowireCapableBeanFactory.createBean(AbstractAutowireCapableBeanFactory.java:542)
	at org.springframework.beans.factory.support.AbstractBeanFactory.lambda$doGetBean$0(AbstractBeanFactory.java:335)
	at org.springframework.beans.factory.support.DefaultSingletonBeanRegistry.getSingleton(DefaultSingletonBeanRegistry.java:234)
	at org.springframework.beans.factory.support.AbstractBeanFactory.doGetBean(AbstractBeanFactory.java:333)
	at org.springframework.beans.factory.support.AbstractBeanFactory.getBean(AbstractBeanFactory.java:208)
	at org.springframework.beans.factory.config.DependencyDescriptor.resolveCandidate(DependencyDescriptor.java:276)
	at org.springframework.beans.factory.support.DefaultListableBeanFactory.addCandidateEntry(DefaultListableBeanFactory.java:1616)
	at org.springframework.beans.factory.support.DefaultListableBeanFactory.findAutowireCandidates(DefaultListableBeanFactory.java:1573)
	at org.springframework.beans.factory.support.DefaultListableBeanFactory.resolveMultipleBeans(DefaultListableBeanFactory.java:1417)
	at org.springframework.beans.factory.support.DefaultListableBeanFactory.doResolveDependency(DefaultListableBeanFactory.java:1349)
	at org.springframework.beans.factory.support.DefaultListableBeanFactory$DependencyObjectProvider.resolveStream(DefaultListableBeanFactory.java:2119)
	at org.springframework.beans.factory.support.DefaultListableBeanFactory$DependencyObjectProvider.orderedStream(DefaultListableBeanFactory.java:2113)
	at org.springframework.boot.actuate.autoconfigure.metrics.MeterRegistryConfigurer.addBinders(MeterRegistryConfigurer.java:87)
	at org.springframework.boot.actuate.autoconfigure.metrics.MeterRegistryConfigurer.configure(MeterRegistryConfigurer.java:68)
	at org.springframework.boot.actuate.autoconfigure.metrics.MeterRegistryPostProcessor.postProcessAfterInitialization(MeterRegistryPostProcessor.java:64)
	at org.springframework.beans.factory.support.AbstractAutowireCapableBeanFactory.applyBeanPostProcessorsAfterInitialization(AbstractAutowireCapableBeanFactory.java:455)
	at org.springframework.beans.factory.support.AbstractAutowireCapableBeanFactory.initializeBean(AbstractAutowireCapableBeanFactory.java:1808)
	at org.springframework.beans.factory.support.AbstractAutowireCapableBeanFactory.doCreateBean(AbstractAutowireCapableBeanFactory.java:620)
	... 63 common frames omitted
Caused by: org.springframework.beans.factory.BeanCreationException: Error creating bean with name 'dataSource' defined in class path resource [org/springframework/boot/autoconfigure/jdbc/DataSourceConfiguration$Hikari.class]: Bean instantiation via factory method failed; nested exception is org.springframework.beans.BeanInstantiationException: Failed to instantiate [com.zaxxer.hikari.HikariDataSource]: Factory method 'dataSource' threw exception; nested exception is java.lang.IllegalStateException: Cannot load driver class: com.mysql.cj.jdbc.Driver
	at org.springframework.beans.factory.support.ConstructorResolver.instantiate(ConstructorResolver.java:653)
	at org.springframework.beans.factory.support.ConstructorResolver.instantiateUsingFactoryMethod(ConstructorResolver.java:633)
	at org.springframework.beans.factory.support.AbstractAutowireCapableBeanFactory.instantiateUsingFactoryMethod(AbstractAutowireCapableBeanFactory.java:1352)
	at org.springframework.beans.factory.support.AbstractAutowireCapableBeanFactory.createBeanInstance(AbstractAutowireCapableBeanFactory.java:1195)
	at org.springframework.beans.factory.support.AbstractAutowireCapableBeanFactory.doCreateBean(AbstractAutowireCapableBeanFactory.java:582)
	at org.springframework.beans.factory.support.AbstractAutowireCapableBeanFactory.createBean(AbstractAutowireCapableBeanFactory.java:542)
	at org.springframework.beans.factory.support.AbstractBeanFactory.lambda$doGetBean$0(AbstractBeanFactory.java:335)
	at org.springframework.beans.factory.support.DefaultSingletonBeanRegistry.getSingleton(DefaultSingletonBeanRegistry.java:234)
	at org.springframework.beans.factory.support.AbstractBeanFactory.doGetBean(AbstractBeanFactory.java:333)
	at org.springframework.beans.factory.support.AbstractBeanFactory.getBean(AbstractBeanFactory.java:208)
	at org.springframework.beans.factory.config.DependencyDescriptor.resolveCandidate(DependencyDescriptor.java:276)
	at org.springframework.beans.factory.support.DefaultListableBeanFactory.addCandidateEntry(DefaultListableBeanFactory.java:1609)
	at org.springframework.beans.factory.support.DefaultListableBeanFactory.findAutowireCandidates(DefaultListableBeanFactory.java:1573)
	at org.springframework.beans.factory.support.DefaultListableBeanFactory.resolveMultipleBeans(DefaultListableBeanFactory.java:1492)
	at org.springframework.beans.factory.support.DefaultListableBeanFactory.doResolveDependency(DefaultListableBeanFactory.java:1349)
	at org.springframework.beans.factory.support.DefaultListableBeanFactory.resolveDependency(DefaultListableBeanFactory.java:1311)
	at org.springframework.beans.factory.support.ConstructorResolver.resolveAutowiredArgument(ConstructorResolver.java:911)
	at org.springframework.beans.factory.support.ConstructorResolver.createArgumentArray(ConstructorResolver.java:788)
	... 85 common frames omitted
Caused by: org.springframework.beans.BeanInstantiationException: Failed to instantiate [com.zaxxer.hikari.HikariDataSource]: Factory method 'dataSource' threw exception; nested exception is java.lang.IllegalStateException: Cannot load driver class: com.mysql.cj.jdbc.Driver
	at org.springframework.beans.factory.support.SimpleInstantiationStrategy.instantiate(SimpleInstantiationStrategy.java:185)
	at org.springframework.beans.factory.support.ConstructorResolver.instantiate(ConstructorResolver.java:648)
	... 102 common frames omitted
Caused by: java.lang.IllegalStateException: Cannot load driver class: com.mysql.cj.jdbc.Driver
	at org.springframework.util.Assert.state(Assert.java:97)
	at org.springframework.boot.autoconfigure.jdbc.DataSourceProperties.determineDriverClassName(DataSourceProperties.java:175)
	at org.springframework.boot.autoconfigure.jdbc.DataSourceProperties.initializeDataSourceBuilder(DataSourceProperties.java:125)
	at org.springframework.boot.autoconfigure.jdbc.DataSourceConfiguration.createDataSource(DataSourceConfiguration.java:48)
	at org.springframework.boot.autoconfigure.jdbc.DataSourceConfiguration$Hikari.dataSource(DataSourceConfiguration.java:90)
	at sun.reflect.NativeMethodAccessorImpl.invoke0(Native Method)
	at sun.reflect.NativeMethodAccessorImpl.invoke(NativeMethodAccessorImpl.java:62)
	at sun.reflect.DelegatingMethodAccessorImpl.invoke(DelegatingMethodAccessorImpl.java:43)
	at java.lang.reflect.Method.invoke(Method.java:498)
	at org.springframework.beans.factory.support.SimpleInstantiationStrategy.instantiate(SimpleInstantiationStrategy.java:154)
	... 103 common frames omitted
2025-08-25 14:41:39 [main] INFO  c.a.n.c.env.SearchableProperties - properties search order:PROPERTIES->JVM->ENV->DEFAULT_SETTING
2025-08-25 14:41:39 [main] INFO  c.m.review.ReviewServiceApplication - Starting ReviewServiceApplication using Java 1.8.0_451 on WIN-C3D985L1HJN with PID 27120 (D:\CODE\Memorin-rebuild\backend\memorin-review-service\target\classes started by Mechrevo in D:\CODE\Memorin-rebuild\backend\memorin-review-service)
2025-08-25 14:41:39 [main] DEBUG c.m.review.ReviewServiceApplication - Running with Spring Boot v2.7.18, Spring v5.3.31
2025-08-25 14:41:39 [main] INFO  c.m.review.ReviewServiceApplication - The following 1 profile is active: "dev"
2025-08-25 14:41:39 [main] INFO  o.s.d.r.c.RepositoryConfigurationDelegate - Bootstrapping Spring Data JPA repositories in DEFAULT mode.
2025-08-25 14:41:39 [main] INFO  o.s.d.r.c.RepositoryConfigurationDelegate - Finished Spring Data repository scanning in 49 ms. Found 3 JPA repository interfaces.
2025-08-25 14:41:39 [main] INFO  o.s.cloud.context.scope.GenericScope - BeanFactory id=e91f9ef6-5a6c-3b39-91ae-0775b350255f
2025-08-25 14:41:40 [main] INFO  o.s.b.w.e.tomcat.TomcatWebServer - Tomcat initialized with port(s): 8083 (http)
2025-08-25 14:41:40 [main] INFO  o.a.catalina.core.StandardService - Starting service [Tomcat]
2025-08-25 14:41:40 [main] INFO  o.a.catalina.core.StandardEngine - Starting Servlet engine: [Apache Tomcat/9.0.83]
2025-08-25 14:41:40 [main] INFO  o.a.c.c.C.[Tomcat].[localhost].[/] - Initializing Spring embedded WebApplicationContext
2025-08-25 14:41:40 [main] INFO  o.s.b.w.s.c.ServletWebServerApplicationContext - Root WebApplicationContext: initialization completed in 1156 ms
2025-08-25 14:41:40 [main] INFO  o.h.jpa.internal.util.LogHelper - HHH000204: Processing PersistenceUnitInfo [name: default]
2025-08-25 14:41:40 [main] INFO  org.hibernate.Version - HHH000412: Hibernate ORM core version 5.6.15.Final
2025-08-25 14:41:40 [main] INFO  o.h.annotations.common.Version - HCANN000001: Hibernate Commons Annotations {5.1.2.Final}
2025-08-25 14:41:40 [main] INFO  com.zaxxer.hikari.HikariDataSource - HikariPool-1 - Starting...
2025-08-25 14:41:40 [main] INFO  com.zaxxer.hikari.HikariDataSource - HikariPool-1 - Start completed.
2025-08-25 14:41:40 [main] INFO  org.hibernate.dialect.Dialect - HHH000400: Using dialect: org.hibernate.dialect.MySQL8Dialect
2025-08-25 14:41:40 [main] DEBUG org.hibernate.SQL - 
    
    create table mistake_records (
       id varchar(50) not null,
        correct_count integer,
        created_at datetime(6) not null,
        difficulty_level varchar(20),
        first_mistake_time datetime(6) not null,
        is_resolved bit not null,
        knowledge_point_id varchar(50) not null,
        last_mistake_time datetime(6) not null,
        mistake_count integer not null,
        mistake_reasons TEXT,
        mistake_tags varchar(500),
        question_type varchar(20),
        resolved_time datetime(6),
        total_review_count integer,
        updated_at datetime(6) not null,
        user_id varchar(50) not null,
        user_notes varchar(1000),
        primary key (id)
    ) engine=InnoDB
2025-08-25 14:41:41 [main] DEBUG org.hibernate.SQL - 
    
    create table review_sessions (
       id varchar(50) not null,
        completed_count integer not null,
        correct_count integer not null,
        created_at bigint not null,
        current_index integer not null,
        end_time bigint,
        estimated_duration_minutes integer,
        is_active bit not null,
        notes varchar(500),
        pause_time bigint,
        question_list varchar(5000),
        review_mode varchar(50) not null,
        session_config varchar(2000),
        start_time bigint,
        status varchar(20) not null,
        total_pause_duration bigint,
        total_questions integer not null,
        updated_at bigint not null,
        user_id varchar(50) not null,
        primary key (id)
    ) engine=InnoDB
2025-08-25 14:41:41 [main] DEBUG org.hibernate.SQL - 
    
    create table review_submissions (
       id varchar(50) not null,
        created_at bigint not null,
        is_correct bit,
        is_skipped bit not null,
        knowledge_point_id varchar(50) not null,
        mistake_reason varchar(500),
        new_ease_factor double precision,
        new_interval integer,
        next_review_time bigint,
        perceived_difficulty integer,
        previous_ease_factor double precision,
        previous_interval integer,
        quality_rating integer not null,
        question_index integer not null,
        question_type varchar(20) not null,
        session_id varchar(50) not null,
        study_notes varchar(1000),
        submission_type varchar(20) not null,
        time_spent_seconds integer not null,
        updated_at bigint not null,
        user_answer varchar(3000),
        primary key (id)
    ) engine=InnoDB
2025-08-25 14:41:41 [main] DEBUG org.hibernate.SQL - create index idx_session_user_id on review_sessions (user_id)
2025-08-25 14:41:41 [main] DEBUG org.hibernate.SQL - create index idx_session_status on review_sessions (status)
2025-08-25 14:41:41 [main] DEBUG org.hibernate.SQL - create index idx_session_mode on review_sessions (review_mode)
2025-08-25 14:41:41 [main] DEBUG org.hibernate.SQL - create index idx_session_created on review_sessions (created_at)
2025-08-25 14:41:41 [main] DEBUG org.hibernate.SQL - create index idx_submission_session_id on review_submissions (session_id)
2025-08-25 14:41:41 [main] DEBUG org.hibernate.SQL - create index idx_submission_knowledge_id on review_submissions (knowledge_point_id)
2025-08-25 14:41:41 [main] DEBUG org.hibernate.SQL - create index idx_submission_created on review_submissions (created_at)
2025-08-25 14:41:41 [main] DEBUG org.hibernate.SQL - create index idx_submission_rating on review_submissions (quality_rating)
2025-08-25 14:41:41 [main] INFO  o.h.e.t.j.p.i.JtaPlatformInitiator - HHH000490: Using JtaPlatform implementation: [org.hibernate.engine.transaction.jta.platform.internal.NoJtaPlatform]
2025-08-25 14:41:41 [main] INFO  o.s.o.j.LocalContainerEntityManagerFactoryBean - Initialized JPA EntityManagerFactory for persistence unit 'default'
2025-08-25 14:41:41 [main] INFO  c.m.r.c.StrategyAutoConfiguration - [策略注册] 开始自动注册所有策略实现类...
2025-08-25 14:41:41 [main] INFO  c.m.r.c.StrategyAutoConfiguration - [策略注册] 发现 5 个数据源策略
2025-08-25 14:41:41 [main] INFO  c.m.r.s.QuestionGeneratorService - [策略注册] 数据源策略: all-knowledge - 获取所有知识点
2025-08-25 14:41:41 [main] DEBUG c.m.r.c.StrategyAutoConfiguration - [策略注册] 数据源策略注册成功: all-knowledge - 获取所有知识点
2025-08-25 14:41:41 [main] INFO  c.m.r.s.QuestionGeneratorService - [策略注册] 数据源策略: all-mistakes - 获取用户所有未解决的错题记录，用于错题专项复习
2025-08-25 14:41:41 [main] DEBUG c.m.r.c.StrategyAutoConfiguration - [策略注册] 数据源策略注册成功: all-mistakes - 获取用户所有未解决的错题记录，用于错题专项复习
2025-08-25 14:41:41 [main] INFO  c.m.r.s.QuestionGeneratorService - [策略注册] 数据源策略: high-priority-mistakes - 获取需要重点复习的高优先级错题，基于错误次数和准确率筛选
2025-08-25 14:41:41 [main] DEBUG c.m.r.c.StrategyAutoConfiguration - [策略注册] 数据源策略注册成功: high-priority-mistakes - 获取需要重点复习的高优先级错题，基于错误次数和准确率筛选
2025-08-25 14:41:41 [main] INFO  c.m.r.s.QuestionGeneratorService - [策略注册] 数据源策略: mistakes-by-type - 根据题目类型获取错题记录，支持特定类型的错题专项复习
2025-08-25 14:41:41 [main] DEBUG c.m.r.c.StrategyAutoConfiguration - [策略注册] 数据源策略注册成功: mistakes-by-type - 根据题目类型获取错题记录，支持特定类型的错题专项复习
2025-08-25 14:41:41 [main] INFO  c.m.r.s.QuestionGeneratorService - [策略注册] 数据源策略: mock-data - 模拟数据源（用于测试）
2025-08-25 14:41:41 [main] DEBUG c.m.r.c.StrategyAutoConfiguration - [策略注册] 数据源策略注册成功: mock-data - 模拟数据源（用于测试）
2025-08-25 14:41:41 [main] INFO  c.m.r.c.StrategyAutoConfiguration - [策略注册] 发现 0 个过滤器策略
2025-08-25 14:41:41 [main] INFO  c.m.r.c.StrategyAutoConfiguration - [策略注册] 发现 1 个排序器策略
2025-08-25 14:41:41 [main] INFO  c.m.r.s.QuestionGeneratorService - [策略注册] 排序器策略: random - 随机排序
2025-08-25 14:41:41 [main] DEBUG c.m.r.c.StrategyAutoConfiguration - [策略注册] 排序器策略注册成功: random - 随机排序
2025-08-25 14:41:41 [main] INFO  c.m.r.c.StrategyAutoConfiguration - [策略注册] 发现 1 个限制器策略
2025-08-25 14:41:41 [main] INFO  c.m.r.s.QuestionGeneratorService - [策略注册] 限制器策略: fixed-count - 固定数量限制
2025-08-25 14:41:41 [main] DEBUG c.m.r.c.StrategyAutoConfiguration - [策略注册] 限制器策略注册成功: fixed-count - 固定数量限制
2025-08-25 14:41:41 [main] INFO  c.m.r.c.StrategyAutoConfiguration - [策略注册] 所有策略注册完成
2025-08-25 14:41:41 [main] WARN  o.s.b.a.o.j.JpaBaseConfiguration$JpaWebConfiguration - spring.jpa.open-in-view is enabled by default. Therefore, database queries may be performed during view rendering. Explicitly configure spring.jpa.open-in-view to disable this warning
2025-08-25 14:41:42 [main] INFO  o.s.b.a.e.web.EndpointLinksResolver - Exposing 3 endpoint(s) beneath base path '/actuator'
2025-08-25 14:41:42 [main] INFO  o.s.b.w.e.tomcat.TomcatWebServer - Tomcat started on port(s): 8083 (http) with context path ''
2025-08-25 14:41:42 [main] INFO  c.m.review.ReviewServiceApplication - Started ReviewServiceApplication in 3.843 seconds (JVM running for 4.078)
2025-08-25 14:41:58 [http-nio-8083-exec-1] INFO  o.a.c.c.C.[Tomcat].[localhost].[/] - Initializing Spring DispatcherServlet 'dispatcherServlet'
2025-08-25 14:41:58 [http-nio-8083-exec-1] INFO  o.s.web.servlet.DispatcherServlet - Initializing Servlet 'dispatcherServlet'
2025-08-25 14:41:58 [http-nio-8083-exec-1] INFO  o.s.web.servlet.DispatcherServlet - Completed initialization in 2 ms
2025-08-25 14:44:31 [http-nio-8083-exec-4] INFO  o.s.api.AbstractOpenApiResource - Init duration for springdoc-openapi is: 244 ms
2025-08-25 14:44:36 [http-nio-8083-exec-5] INFO  c.m.r.c.ReviewAlgorithmController - 执行SM-2算法测试
2025-08-25 14:44:36 [http-nio-8083-exec-5] INFO  c.m.r.service.ReviewAlgorithmService - 开始计算SM-2算法，输入参数: easeFactor=2.5, interval=7, quality=1
2025-08-25 14:44:36 [http-nio-8083-exec-5] INFO  c.m.r.service.ReviewAlgorithmService - 错误评分处理: 新易度因子=2.2, 新间隔=1天, 6小时后复习
2025-08-25 14:44:36 [http-nio-8083-exec-5] INFO  c.m.r.service.ReviewAlgorithmService - SM-2算法计算完成: 输入[EF=2.5, I=7, Q=1] -> 输出[EF=2.2, I=1, 复习强度=IMMEDIATE]
2025-08-25 14:44:36 [http-nio-8083-exec-5] INFO  c.m.r.service.ReviewAlgorithmService - 开始计算SM-2算法，输入参数: easeFactor=2.5, interval=7, quality=2
2025-08-25 14:44:36 [http-nio-8083-exec-5] INFO  c.m.r.service.ReviewAlgorithmService - 模糊评分处理: 新易度因子=2.4, 新间隔=4天, 4天后复习
2025-08-25 14:44:36 [http-nio-8083-exec-5] INFO  c.m.r.service.ReviewAlgorithmService - SM-2算法计算完成: 输入[EF=2.5, I=7, Q=2] -> 输出[EF=2.4, I=4, 复习强度=SHORT]
2025-08-25 14:44:36 [http-nio-8083-exec-5] INFO  c.m.r.service.ReviewAlgorithmService - 开始计算SM-2算法，输入参数: easeFactor=2.5, interval=7, quality=3
2025-08-25 14:44:36 [http-nio-8083-exec-5] INFO  c.m.r.service.ReviewAlgorithmService - 正确评分处理: 新易度因子=2.65, 新间隔=19天, 19天后复习
2025-08-25 14:44:36 [http-nio-8083-exec-5] INFO  c.m.r.service.ReviewAlgorithmService - SM-2算法计算完成: 输入[EF=2.5, I=7, Q=3] -> 输出[EF=2.65, I=19, 复习强度=MEDIUM]
2025-08-25 14:44:36 [http-nio-8083-exec-5] INFO  c.m.r.service.ReviewAlgorithmService - 返回默认算法参数: EF=2.5, I=1天
2025-08-25 15:15:43 [main] INFO  c.a.n.c.env.SearchableProperties - properties search order:PROPERTIES->JVM->ENV->DEFAULT_SETTING
2025-08-25 15:15:43 [main] INFO  c.m.review.ReviewServiceApplication - Starting ReviewServiceApplication using Java 1.8.0_451 on WIN-C3D985L1HJN with PID 79664 (D:\CODE\Memorin-rebuild\backend\memorin-review-service\target\classes started by Mechrevo in D:\CODE\Memorin-rebuild\backend\memorin-review-service)
2025-08-25 15:15:43 [main] INFO  c.m.review.ReviewServiceApplication - No active profile set, falling back to 1 default profile: "default"
2025-08-25 15:15:44 [main] INFO  o.s.d.r.c.RepositoryConfigurationDelegate - Bootstrapping Spring Data JPA repositories in DEFAULT mode.
2025-08-25 15:15:44 [main] INFO  o.s.d.r.c.RepositoryConfigurationDelegate - Finished Spring Data repository scanning in 28 ms. Found 3 JPA repository interfaces.
2025-08-25 15:15:44 [main] INFO  o.s.cloud.context.scope.GenericScope - BeanFactory id=fedc45c7-2a03-34c6-b811-9a625e11a283
2025-08-25 15:15:44 [main] INFO  o.s.b.w.e.tomcat.TomcatWebServer - Tomcat initialized with port(s): 8083 (http)
2025-08-25 15:15:44 [main] INFO  o.a.catalina.core.StandardService - Starting service [Tomcat]
2025-08-25 15:15:44 [main] INFO  o.a.catalina.core.StandardEngine - Starting Servlet engine: [Apache Tomcat/9.0.83]
2025-08-25 15:15:44 [main] INFO  o.a.c.c.C.[Tomcat].[localhost].[/] - Initializing Spring embedded WebApplicationContext
2025-08-25 15:15:44 [main] INFO  o.s.b.w.s.c.ServletWebServerApplicationContext - Root WebApplicationContext: initialization completed in 1038 ms
2025-08-25 15:15:45 [main] INFO  o.h.jpa.internal.util.LogHelper - HHH000204: Processing PersistenceUnitInfo [name: default]
2025-08-25 15:15:45 [main] INFO  org.hibernate.Version - HHH000412: Hibernate ORM core version 5.6.15.Final
2025-08-25 15:15:45 [main] INFO  o.h.annotations.common.Version - HCANN000001: Hibernate Commons Annotations {5.1.2.Final}
2025-08-25 15:15:45 [main] INFO  com.zaxxer.hikari.HikariDataSource - HikariPool-1 - Starting...
2025-08-25 15:15:45 [main] INFO  com.zaxxer.hikari.HikariDataSource - HikariPool-1 - Start completed.
2025-08-25 15:15:45 [main] INFO  org.hibernate.dialect.Dialect - HHH000400: Using dialect: org.hibernate.dialect.MySQL8Dialect
2025-08-25 15:15:45 [main] INFO  o.h.e.t.j.p.i.JtaPlatformInitiator - HHH000490: Using JtaPlatform implementation: [org.hibernate.engine.transaction.jta.platform.internal.NoJtaPlatform]
2025-08-25 15:15:45 [main] INFO  o.s.o.j.LocalContainerEntityManagerFactoryBean - Initialized JPA EntityManagerFactory for persistence unit 'default'
2025-08-25 15:15:45 [main] INFO  c.m.r.c.StrategyAutoConfiguration - [策略注册] 开始自动注册所有策略实现类...
2025-08-25 15:15:45 [main] INFO  c.m.r.c.StrategyAutoConfiguration - [策略注册] 发现 5 个数据源策略
2025-08-25 15:15:45 [main] INFO  c.m.r.s.QuestionGeneratorService - [策略注册] 数据源策略: all-knowledge - 获取所有知识点
2025-08-25 15:15:45 [main] INFO  c.m.r.s.QuestionGeneratorService - [策略注册] 数据源策略: all-mistakes - 获取用户所有未解决的错题记录，用于错题专项复习
2025-08-25 15:15:45 [main] INFO  c.m.r.s.QuestionGeneratorService - [策略注册] 数据源策略: high-priority-mistakes - 获取需要重点复习的高优先级错题，基于错误次数和准确率筛选
2025-08-25 15:15:45 [main] INFO  c.m.r.s.QuestionGeneratorService - [策略注册] 数据源策略: mistakes-by-type - 根据题目类型获取错题记录，支持特定类型的错题专项复习
2025-08-25 15:15:45 [main] INFO  c.m.r.s.QuestionGeneratorService - [策略注册] 数据源策略: mock-data - 模拟数据源（用于测试）
2025-08-25 15:15:45 [main] INFO  c.m.r.c.StrategyAutoConfiguration - [策略注册] 发现 0 个过滤器策略
2025-08-25 15:15:45 [main] INFO  c.m.r.c.StrategyAutoConfiguration - [策略注册] 发现 1 个排序器策略
2025-08-25 15:15:45 [main] INFO  c.m.r.s.QuestionGeneratorService - [策略注册] 排序器策略: random - 随机排序
2025-08-25 15:15:45 [main] INFO  c.m.r.c.StrategyAutoConfiguration - [策略注册] 发现 1 个限制器策略
2025-08-25 15:15:45 [main] INFO  c.m.r.s.QuestionGeneratorService - [策略注册] 限制器策略: fixed-count - 固定数量限制
2025-08-25 15:15:45 [main] INFO  c.m.r.c.StrategyAutoConfiguration - [策略注册] 所有策略注册完成
2025-08-25 15:15:46 [main] WARN  o.s.b.a.o.j.JpaBaseConfiguration$JpaWebConfiguration - spring.jpa.open-in-view is enabled by default. Therefore, database queries may be performed during view rendering. Explicitly configure spring.jpa.open-in-view to disable this warning
2025-08-25 15:15:46 [main] INFO  o.s.b.a.e.web.EndpointLinksResolver - Exposing 3 endpoint(s) beneath base path '/actuator'
2025-08-25 15:15:46 [main] WARN  o.s.b.w.s.c.AnnotationConfigServletWebServerApplicationContext - Exception encountered during context initialization - cancelling refresh attempt: org.springframework.context.ApplicationContextException: Failed to start bean 'webServerStartStop'; nested exception is org.springframework.boot.web.server.PortInUseException: Port 8083 is already in use
2025-08-25 15:15:46 [main] INFO  o.s.o.j.LocalContainerEntityManagerFactoryBean - Closing JPA EntityManagerFactory for persistence unit 'default'
2025-08-25 15:15:46 [main] INFO  com.zaxxer.hikari.HikariDataSource - HikariPool-1 - Shutdown initiated...
2025-08-25 15:15:46 [main] INFO  com.zaxxer.hikari.HikariDataSource - HikariPool-1 - Shutdown completed.
2025-08-25 15:15:46 [main] INFO  o.a.catalina.core.StandardService - Stopping service [Tomcat]
2025-08-25 15:15:46 [main] INFO  o.s.b.a.l.ConditionEvaluationReportLoggingListener - 

Error starting ApplicationContext. To display the conditions report re-run your application with 'debug' enabled.
2025-08-25 15:15:47 [main] ERROR o.s.b.d.LoggingFailureAnalysisReporter - 

***************************
APPLICATION FAILED TO START
***************************

Description:

Web server failed to start. Port 8083 was already in use.

Action:

Identify and stop the process that's listening on port 8083 or configure this application to listen on another port.

2025-08-25 15:22:06 [main] INFO  c.a.n.c.env.SearchableProperties - properties search order:PROPERTIES->JVM->ENV->DEFAULT_SETTING
2025-08-25 15:22:06 [main] INFO  c.m.review.ReviewServiceApplication - Starting ReviewServiceApplication using Java 1.8.0_451 on WIN-C3D985L1HJN with PID 63816 (D:\CODE\Memorin-rebuild\backend\memorin-review-service\target\classes started by Mechrevo in D:\CODE\Memorin-rebuild\backend\memorin-review-service)
2025-08-25 15:22:06 [main] INFO  c.m.review.ReviewServiceApplication - No active profile set, falling back to 1 default profile: "default"
2025-08-25 15:22:07 [main] INFO  o.s.d.r.c.RepositoryConfigurationDelegate - Bootstrapping Spring Data JPA repositories in DEFAULT mode.
2025-08-25 15:22:07 [main] INFO  o.s.d.r.c.RepositoryConfigurationDelegate - Finished Spring Data repository scanning in 39 ms. Found 3 JPA repository interfaces.
2025-08-25 15:22:07 [main] INFO  o.s.cloud.context.scope.GenericScope - BeanFactory id=fedc45c7-2a03-34c6-b811-9a625e11a283
2025-08-25 15:22:07 [main] INFO  o.s.b.w.e.tomcat.TomcatWebServer - Tomcat initialized with port(s): 8083 (http)
2025-08-25 15:22:07 [main] INFO  o.a.catalina.core.StandardService - Starting service [Tomcat]
2025-08-25 15:22:07 [main] INFO  o.a.catalina.core.StandardEngine - Starting Servlet engine: [Apache Tomcat/9.0.83]
2025-08-25 15:22:07 [main] INFO  o.a.c.c.C.[Tomcat].[localhost].[/] - Initializing Spring embedded WebApplicationContext
2025-08-25 15:22:07 [main] INFO  o.s.b.w.s.c.ServletWebServerApplicationContext - Root WebApplicationContext: initialization completed in 1209 ms
2025-08-25 15:22:07 [main] INFO  o.h.jpa.internal.util.LogHelper - HHH000204: Processing PersistenceUnitInfo [name: default]
2025-08-25 15:22:07 [main] INFO  org.hibernate.Version - HHH000412: Hibernate ORM core version 5.6.15.Final
2025-08-25 15:22:07 [main] INFO  o.h.annotations.common.Version - HCANN000001: Hibernate Commons Annotations {5.1.2.Final}
2025-08-25 15:22:07 [main] INFO  com.zaxxer.hikari.HikariDataSource - HikariPool-1 - Starting...
2025-08-25 15:22:08 [main] INFO  com.zaxxer.hikari.HikariDataSource - HikariPool-1 - Start completed.
2025-08-25 15:22:08 [main] INFO  org.hibernate.dialect.Dialect - HHH000400: Using dialect: org.hibernate.dialect.MySQL8Dialect
2025-08-25 15:22:08 [main] INFO  o.h.e.t.j.p.i.JtaPlatformInitiator - HHH000490: Using JtaPlatform implementation: [org.hibernate.engine.transaction.jta.platform.internal.NoJtaPlatform]
2025-08-25 15:22:08 [main] INFO  o.s.o.j.LocalContainerEntityManagerFactoryBean - Initialized JPA EntityManagerFactory for persistence unit 'default'
2025-08-25 15:22:08 [main] INFO  c.m.r.c.StrategyAutoConfiguration - [策略注册] 开始自动注册所有策略实现类...
2025-08-25 15:22:08 [main] INFO  c.m.r.c.StrategyAutoConfiguration - [策略注册] 发现 5 个数据源策略
2025-08-25 15:22:08 [main] INFO  c.m.r.s.QuestionGeneratorService - [策略注册] 数据源策略: all-knowledge - 获取所有知识点
2025-08-25 15:22:08 [main] INFO  c.m.r.s.QuestionGeneratorService - [策略注册] 数据源策略: all-mistakes - 获取用户所有未解决的错题记录，用于错题专项复习
2025-08-25 15:22:08 [main] INFO  c.m.r.s.QuestionGeneratorService - [策略注册] 数据源策略: high-priority-mistakes - 获取需要重点复习的高优先级错题，基于错误次数和准确率筛选
2025-08-25 15:22:08 [main] INFO  c.m.r.s.QuestionGeneratorService - [策略注册] 数据源策略: mistakes-by-type - 根据题目类型获取错题记录，支持特定类型的错题专项复习
2025-08-25 15:22:08 [main] INFO  c.m.r.s.QuestionGeneratorService - [策略注册] 数据源策略: mock-data - 模拟数据源（用于测试）
2025-08-25 15:22:08 [main] INFO  c.m.r.c.StrategyAutoConfiguration - [策略注册] 发现 0 个过滤器策略
2025-08-25 15:22:08 [main] INFO  c.m.r.c.StrategyAutoConfiguration - [策略注册] 发现 1 个排序器策略
2025-08-25 15:22:08 [main] INFO  c.m.r.s.QuestionGeneratorService - [策略注册] 排序器策略: random - 随机排序
2025-08-25 15:22:08 [main] INFO  c.m.r.c.StrategyAutoConfiguration - [策略注册] 发现 1 个限制器策略
2025-08-25 15:22:08 [main] INFO  c.m.r.s.QuestionGeneratorService - [策略注册] 限制器策略: fixed-count - 固定数量限制
2025-08-25 15:22:08 [main] INFO  c.m.r.c.StrategyAutoConfiguration - [策略注册] 所有策略注册完成
2025-08-25 15:22:09 [main] WARN  o.s.b.a.o.j.JpaBaseConfiguration$JpaWebConfiguration - spring.jpa.open-in-view is enabled by default. Therefore, database queries may be performed during view rendering. Explicitly configure spring.jpa.open-in-view to disable this warning
2025-08-25 15:22:09 [main] INFO  o.s.b.a.e.web.EndpointLinksResolver - Exposing 3 endpoint(s) beneath base path '/actuator'
2025-08-25 15:22:09 [main] WARN  o.s.b.w.s.c.AnnotationConfigServletWebServerApplicationContext - Exception encountered during context initialization - cancelling refresh attempt: org.springframework.context.ApplicationContextException: Failed to start bean 'webServerStartStop'; nested exception is org.springframework.boot.web.server.PortInUseException: Port 8083 is already in use
2025-08-25 15:22:09 [main] INFO  o.s.o.j.LocalContainerEntityManagerFactoryBean - Closing JPA EntityManagerFactory for persistence unit 'default'
2025-08-25 15:22:09 [main] INFO  com.zaxxer.hikari.HikariDataSource - HikariPool-1 - Shutdown initiated...
2025-08-25 15:22:09 [main] INFO  com.zaxxer.hikari.HikariDataSource - HikariPool-1 - Shutdown completed.
2025-08-25 15:22:09 [main] INFO  o.a.catalina.core.StandardService - Stopping service [Tomcat]
2025-08-25 15:22:09 [main] INFO  o.s.b.a.l.ConditionEvaluationReportLoggingListener - 

Error starting ApplicationContext. To display the conditions report re-run your application with 'debug' enabled.
2025-08-25 15:22:09 [main] ERROR o.s.b.d.LoggingFailureAnalysisReporter - 

***************************
APPLICATION FAILED TO START
***************************

Description:

Web server failed to start. Port 8083 was already in use.

Action:

Identify and stop the process that's listening on port 8083 or configure this application to listen on another port.

